order_id,date,sku,supplier_id,region,status,cancel_date,promised_date,delivered_date
O100001,2026-08-01,SKU-B1,Supplier B,East,Completed,,2026-08-05,2026-08-06
O100002,2026-08-01,SKU-C1,Supplier C,West,Completed,,2026-08-05,2026-08-07
O100003,2026-08-01,SKU-B1,Supplier B,South,Completed,,2026-08-03,2026-08-05
O100004,2026-08-01,SKU-B2,Supplier B,East,Completed,,2026-08-03,2026-08-05
O100005,2026-08-01,SKU-C2,Supplier C,North,Completed,,2026-08-05,2026-08-06
O100006,2026-08-01,SKU-A1,Supplier A,West,Completed,,2026-08-04,2026-08-06
O100007,2026-08-01,SKU-C1,Supplier C,South,Completed,,2026-08-04,2026-08-04
O100008,2026-08-01,SKU-A2,Supplier A,West,Completed,,2026-08-03,2026-08-03
O100009,2026-08-01,SKU-A2,Supplier A,West,Completed,,2026-08-04,2026-08-04
O100010,2026-08-01,SKU-A1,Supplier A,West,Completed,,2026-08-05,2026-08-06
O100011,2026-08-01,SKU-B2,Supplier B,West,Cancelled,2026-08-03,2026-08-05,
O100012,2026-08-01,SKU-A2,Supplier A,South,Completed,,2026-08-05,2026-08-07
O100013,2026-08-01,SKU-B1,Supplier B,West,Completed,,2026-08-03,2026-08-05
O100014,2026-08-01,SKU-B2,Supplier B,South,Completed,,2026-08-04,2026-08-04
O100015,2026-08-01,SKU-C2,Supplier C,West,Completed,,2026-08-04,2026-08-04
O100016,2026-08-01,SKU-A2,Supplier A,North,Cancelled,2026-08-04,2026-08-04,
O100017,2026-08-01,SKU-B1,Supplier B,South,Completed,,2026-08-03,2026-08-04
O100018,2026-08-01,SKU-B2,Supplier B,West,Completed,,2026-08-04,2026-08-06
O100019,2026-08-01,SKU-C1,Supplier C,East,Completed,,2026-08-05,2026-08-06
O100020,2026-08-01,SKU-C1,Supplier C,North,Completed,,2026-08-03,2026-08-05
O100021,2026-08-01,SKU-B1,Supplier B,West,Completed,,2026-08-04,2026-08-04
O100022,2026-08-01,SKU-C2,Supplier C,West,Completed,,2026-08-05,2026-08-06
O100023,2026-08-01,SKU-B1,Supplier B,South,Completed,,2026-08-03,2026-08-05
O100024,2026-08-01,SKU-B1,Supplier B,West,Completed,,2026-08-04,2026-08-04
O100025,2026-08-01,SKU-B1,Supplier B,East,Completed,,2026-08-03,2026-08-04
O100026,2026-08-01,SKU-C1,Supplier C,South,Cancelled,2026-08-03,2026-08-05,
O100027,2026-08-01,SKU-C1,Supplier C,East,Completed,,2026-08-05,2026-08-06
O100028,2026-08-01,SKU-A1,Supplier A,North,Completed,,2026-08-04,2026-08-05
O100029,2026-08-01,SKU-A1,Supplier A,South,Cancelled,2026-08-03,2026-08-05,
O100030,2026-08-01,SKU-B1,Supplier B,West,Completed,,2026-08-05,2026-08-07
O100031,2026-08-01,SKU-C1,Supplier C,East,Completed,,2026-08-03,2026-08-03
O100032,2026-08-01,SKU-C2,Supplier C,North,Completed,,2026-08-05,2026-08-06
O100033,2026-08-01,SKU-B1,Supplier B,West,Completed,,2026-08-04,2026-08-04
O100034,2026-08-01,SKU-B2,Supplier B,North,Completed,,2026-08-03,2026-08-05
O100035,2026-08-01,SKU-C1,Supplier C,East,Completed,,2026-08-04,2026-08-06
O100036,2026-08-01,SKU-B1,Supplier B,North,Completed,,2026-08-03,2026-08-03
O100037,2026-08-01,SKU-B2,Supplier B,North,Completed,,2026-08-05,2026-08-06
O100038,2026-08-01,SKU-B1,Supplier B,South,Completed,,2026-08-05,2026-08-07
O100039,2026-08-01,SKU-C2,Supplier C,South,Completed,,2026-08-04,2026-08-04
O100040,2026-08-01,SKU-C2,Supplier C,West,Completed,,2026-08-05,2026-08-07
O100041,2026-08-01,SKU-B2,Supplier B,East,Completed,,2026-08-05,2026-08-05
O100042,2026-08-01,SKU-A2,Supplier A,North,Completed,,2026-08-03,2026-08-03
O100043,2026-08-01,SKU-A2,Supplier A,West,Completed,,2026-08-04,2026-08-05
O100044,2026-08-01,SKU-C2,Supplier C,West,Completed,,2026-08-03,2026-08-05
O100045,2026-08-01,SKU-A2,Supplier A,West,Completed,,2026-08-03,2026-08-04
O100046,2026-08-01,SKU-B1,Supplier B,East,Completed,,2026-08-05,2026-08-06
O100047,2026-08-01,SKU-A1,Supplier A,North,Completed,,2026-08-05,2026-08-05
O100048,2026-08-01,SKU-A1,Supplier A,North,Cancelled,2026-08-02,2026-08-05,
O100049,2026-08-01,SKU-C2,Supplier C,East,Completed,,2026-08-05,2026-08-05
O100050,2026-08-01,SKU-A2,Supplier A,South,Cancelled,2026-08-03,2026-08-03,
O100051,2026-08-01,SKU-C2,Supplier C,North,Completed,,2026-08-03,2026-08-04
O100052,2026-08-01,SKU-C1,Supplier C,East,Completed,,2026-08-03,2026-08-04
O100053,2026-08-01,SKU-A2,Supplier A,West,Completed,,2026-08-05,2026-08-07
O100054,2026-08-01,SKU-A2,Supplier A,South,Completed,,2026-08-03,2026-08-05
O100055,2026-08-01,SKU-C1,Supplier C,East,Completed,,2026-08-03,2026-08-03
O100056,2026-08-01,SKU-C2,Supplier C,West,Cancelled,2026-08-02,2026-08-03,
O100057,2026-08-01,SKU-A2,Supplier A,East,Completed,,2026-08-04,2026-08-04
O100058,2026-08-01,SKU-B2,Supplier B,East,Completed,,2026-08-05,2026-08-07
O100059,2026-08-01,SKU-A2,Supplier A,South,Completed,,2026-08-04,2026-08-05
O100060,2026-08-01,SKU-C2,Supplier C,West,Completed,,2026-08-05,2026-08-07
O100061,2026-08-01,SKU-B2,Supplier B,West,Completed,,2026-08-03,2026-08-03
O100062,2026-08-01,SKU-B2,Supplier B,South,Cancelled,2026-08-04,2026-08-05,
O100063,2026-08-01,SKU-B1,Supplier B,West,Completed,,2026-08-05,2026-08-07
O100064,2026-08-01,SKU-A2,Supplier A,North,Completed,,2026-08-04,2026-08-06
O100065,2026-08-01,SKU-A1,Supplier A,North,Completed,,2026-08-03,2026-08-03
O100066,2026-08-01,SKU-C2,Supplier C,West,Completed,,2026-08-03,2026-08-04
O100067,2026-08-01,SKU-B2,Supplier B,East,Completed,,2026-08-05,2026-08-06
O100068,2026-08-01,SKU-B2,Supplier B,North,Cancelled,2026-08-03,2026-08-03,
O100069,2026-08-01,SKU-A2,Supplier A,North,Completed,,2026-08-03,2026-08-03
O100070,2026-08-01,SKU-C2,Supplier C,South,Completed,,2026-08-03,2026-08-04
O100071,2026-08-01,SKU-C1,Supplier C,East,Completed,,2026-08-05,2026-08-06
O100072,2026-08-01,SKU-C1,Supplier C,West,Completed,,2026-08-05,2026-08-06
O100073,2026-08-01,SKU-A1,Supplier A,West,Completed,,2026-08-04,2026-08-05
O100074,2026-08-01,SKU-C1,Supplier C,West,Completed,,2026-08-03,2026-08-05
O100075,2026-08-01,SKU-B1,Supplier B,West,Completed,,2026-08-05,2026-08-05
O100076,2026-08-01,SKU-C2,Supplier C,West,Completed,,2026-08-04,2026-08-05
O100077,2026-08-01,SKU-B2,Supplier B,West,Completed,,2026-08-04,2026-08-05
O100078,2026-08-01,SKU-B2,Supplier B,East,Completed,,2026-08-05,2026-08-06
O100079,2026-08-01,SKU-C1,Supplier C,West,Completed,,2026-08-05,2026-08-07
O100080,2026-08-01,SKU-A1,Supplier A,North,Completed,,2026-08-04,2026-08-04
O100081,2026-08-02,SKU-B1,Supplier B,West,Completed,,2026-08-06,2026-08-07
O100082,2026-08-02,SKU-B1,Supplier B,South,Completed,,2026-08-05,2026-08-06
O100083,2026-08-02,SKU-B1,Supplier B,East,Completed,,2026-08-06,2026-08-06
O100084,2026-08-02,SKU-A2,Supplier A,South,Completed,,2026-08-05,2026-08-05
O100085,2026-08-02,SKU-A1,Supplier A,North,Completed,,2026-08-05,2026-08-07
O100086,2026-08-02,SKU-A2,Supplier A,South,Completed,,2026-08-06,2026-08-07
O100087,2026-08-02,SKU-A2,Supplier A,West,Completed,,2026-08-04,2026-08-04
O100088,2026-08-02,SKU-B1,Supplier B,North,Completed,,2026-08-04,2026-08-04
O100089,2026-08-02,SKU-C2,Supplier C,East,Completed,,2026-08-05,2026-08-05
O100090,2026-08-02,SKU-A2,Supplier A,South,Completed,,2026-08-06,2026-08-08
O100091,2026-08-02,SKU-C2,Supplier C,East,Completed,,2026-08-06,2026-08-07
O100092,2026-08-02,SKU-A1,Supplier A,West,Completed,,2026-08-04,2026-08-05
O100093,2026-08-02,SKU-A1,Supplier A,East,Completed,,2026-08-05,2026-08-06
O100094,2026-08-02,SKU-A1,Supplier A,South,Completed,,2026-08-04,2026-08-05
O100095,2026-08-02,SKU-B2,Supplier B,East,Completed,,2026-08-04,2026-08-06
O100096,2026-08-02,SKU-B1,Supplier B,North,Completed,,2026-08-06,2026-08-07
O100097,2026-08-02,SKU-C2,Supplier C,North,Completed,,2026-08-06,2026-08-07
O100098,2026-08-02,SKU-A2,Supplier A,East,Completed,,2026-08-04,2026-08-04
O100099,2026-08-02,SKU-B1,Supplier B,West,Completed,,2026-08-06,2026-08-07
O100100,2026-08-02,SKU-C2,Supplier C,East,Completed,,2026-08-05,2026-08-05
O100101,2026-08-02,SKU-A2,Supplier A,North,Completed,,2026-08-06,2026-08-06
O100102,2026-08-02,SKU-C1,Supplier C,South,Completed,,2026-08-05,2026-08-06
O100103,2026-08-02,SKU-B2,Supplier B,South,Completed,,2026-08-04,2026-08-04
O100104,2026-08-02,SKU-C2,Supplier C,West,Completed,,2026-08-06,2026-08-07
O100105,2026-08-02,SKU-B2,Supplier B,North,Cancelled,2026-08-03,2026-08-04,
O100106,2026-08-02,SKU-A1,Supplier A,South,Completed,,2026-08-05,2026-08-06
O100107,2026-08-02,SKU-C2,Supplier C,West,Completed,,2026-08-06,2026-08-08
O100108,2026-08-02,SKU-C2,Supplier C,North,Completed,,2026-08-06,2026-08-07
O100109,2026-08-02,SKU-C2,Supplier C,South,Completed,,2026-08-05,2026-08-06
O100110,2026-08-02,SKU-B2,Supplier B,West,Completed,,2026-08-04,2026-08-06
O100111,2026-08-02,SKU-A2,Supplier A,East,Cancelled,2026-08-03,2026-08-05,
O100112,2026-08-02,SKU-A2,Supplier A,South,Completed,,2026-08-04,2026-08-05
O100113,2026-08-02,SKU-B1,Supplier B,East,Completed,,2026-08-04,2026-08-06
O100114,2026-08-02,SKU-B1,Supplier B,East,Completed,,2026-08-05,2026-08-06
O100115,2026-08-02,SKU-C2,Supplier C,East,Completed,,2026-08-04,2026-08-06
O100116,2026-08-02,SKU-C2,Supplier C,West,Completed,,2026-08-05,2026-08-07
O100117,2026-08-02,SKU-C1,Supplier C,South,Completed,,2026-08-05,2026-08-05
O100118,2026-08-02,SKU-A2,Supplier A,East,Completed,,2026-08-05,2026-08-06
O100119,2026-08-02,SKU-B1,Supplier B,North,Completed,,2026-08-06,2026-08-08
O100120,2026-08-02,SKU-C2,Supplier C,North,Completed,,2026-08-05,2026-08-07
O100121,2026-08-02,SKU-B1,Supplier B,South,Completed,,2026-08-04,2026-08-04
O100122,2026-08-02,SKU-C1,Supplier C,East,Cancelled,2026-08-03,2026-08-05,
O100123,2026-08-02,SKU-C1,Supplier C,North,Completed,,2026-08-04,2026-08-04
O100124,2026-08-02,SKU-C1,Supplier C,North,Completed,,2026-08-04,2026-08-06
O100125,2026-08-02,SKU-C1,Supplier C,North,Completed,,2026-08-05,2026-08-07
O100126,2026-08-02,SKU-B2,Supplier B,East,Completed,,2026-08-04,2026-08-05
O100127,2026-08-02,SKU-C1,Supplier C,West,Completed,,2026-08-05,2026-08-07
O100128,2026-08-02,SKU-B2,Supplier B,South,Completed,,2026-08-06,2026-08-07
O100129,2026-08-02,SKU-A2,Supplier A,West,Completed,,2026-08-04,2026-08-04
O100130,2026-08-02,SKU-C1,Supplier C,South,Completed,,2026-08-06,2026-08-07
O100131,2026-08-02,SKU-B1,Supplier B,West,Completed,,2026-08-04,2026-08-06
O100132,2026-08-02,SKU-A1,Supplier A,East,Completed,,2026-08-04,2026-08-06
O100133,2026-08-02,SKU-B2,Supplier B,South,Completed,,2026-08-05,2026-08-06
O100134,2026-08-02,SKU-A2,Supplier A,South,Completed,,2026-08-05,2026-08-06
O100135,2026-08-02,SKU-B2,Supplier B,West,Completed,,2026-08-05,2026-08-05
O100136,2026-08-02,SKU-A1,Supplier A,South,Completed,,2026-08-04,2026-08-06
O100137,2026-08-02,SKU-C1,Supplier C,West,Completed,,2026-08-04,2026-08-05
O100138,2026-08-02,SKU-A2,Supplier A,North,Completed,,2026-08-04,2026-08-05
O100139,2026-08-02,SKU-C2,Supplier C,West,Completed,,2026-08-05,2026-08-05
O100140,2026-08-02,SKU-B2,Supplier B,West,Completed,,2026-08-05,2026-08-07
O100141,2026-08-02,SKU-B1,Supplier B,North,Completed,,2026-08-05,2026-08-05
O100142,2026-08-02,SKU-B2,Supplier B,East,Completed,,2026-08-04,2026-08-06
O100143,2026-08-02,SKU-A1,Supplier A,West,Completed,,2026-08-04,2026-08-05
O100144,2026-08-02,SKU-C1,Supplier C,East,Completed,,2026-08-04,2026-08-04
O100145,2026-08-02,SKU-A2,Supplier A,South,Cancelled,2026-08-05,2026-08-05,
O100146,2026-08-02,SKU-B1,Supplier B,West,Completed,,2026-08-05,2026-08-05
O100147,2026-08-02,SKU-C1,Supplier C,North,Completed,,2026-08-05,2026-08-05
O100148,2026-08-02,SKU-A1,Supplier A,West,Completed,,2026-08-04,2026-08-04
O100149,2026-08-02,SKU-B2,Supplier B,East,Cancelled,2026-08-04,2026-08-04,
O100150,2026-08-02,SKU-A2,Supplier A,North,Completed,,2026-08-06,2026-08-07
O100151,2026-08-02,SKU-B2,Supplier B,North,Completed,,2026-08-04,2026-08-05
O100152,2026-08-02,SKU-C1,Supplier C,South,Completed,,2026-08-06,2026-08-07
O100153,2026-08-02,SKU-C1,Supplier C,South,Completed,,2026-08-05,2026-08-06
O100154,2026-08-02,SKU-A2,Supplier A,West,Completed,,2026-08-04,2026-08-05
O100155,2026-08-02,SKU-A2,Supplier A,North,Completed,,2026-08-06,2026-08-08
O100156,2026-08-02,SKU-C2,Supplier C,West,Completed,,2026-08-05,2026-08-07
O100157,2026-08-02,SKU-B1,Supplier B,West,Completed,,2026-08-06,2026-08-07
O100158,2026-08-02,SKU-A2,Supplier A,South,Completed,,2026-08-05,2026-08-05
O100159,2026-08-02,SKU-C1,Supplier C,East,Completed,,2026-08-05,2026-08-06
O100160,2026-08-02,SKU-C1,Supplier C,East,Completed,,2026-08-04,2026-08-05
O100161,2026-08-02,SKU-B1,Supplier B,South,Completed,,2026-08-05,2026-08-05
O100162,2026-08-02,SKU-C1,Supplier C,North,Completed,,2026-08-05,2026-08-05
O100163,2026-08-02,SKU-B2,Supplier B,South,Completed,,2026-08-05,2026-08-07
O100164,2026-08-02,SKU-A1,Supplier A,North,Completed,,2026-08-04,2026-08-06
O100165,2026-08-02,SKU-B2,Supplier B,West,Completed,,2026-08-06,2026-08-08
O100166,2026-08-02,SKU-B1,Supplier B,South,Completed,,2026-08-04,2026-08-05
O100167,2026-08-02,SKU-B2,Supplier B,South,Completed,,2026-08-06,2026-08-08
O100168,2026-08-02,SKU-A1,Supplier A,North,Completed,,2026-08-05,2026-08-05
O100169,2026-08-02,SKU-A1,Supplier A,North,Completed,,2026-08-04,2026-08-04
O100170,2026-08-02,SKU-A1,Supplier A,South,Completed,,2026-08-04,2026-08-05
O100171,2026-08-03,SKU-A1,Supplier A,West,Completed,,2026-08-07,2026-08-07
O100172,2026-08-03,SKU-B1,Supplier B,East,Completed,,2026-08-05,2026-08-07
O100173,2026-08-03,SKU-A1,Supplier A,West,Completed,,2026-08-05,2026-08-07
O100174,2026-08-03,SKU-A2,Supplier A,South,Completed,,2026-08-06,2026-08-08
O100175,2026-08-03,SKU-C2,Supplier C,West,Completed,,2026-08-07,2026-08-09
O100176,2026-08-03,SKU-B2,Supplier B,South,Completed,,2026-08-07,2026-08-08
O100177,2026-08-03,SKU-C1,Supplier C,East,Completed,,2026-08-06,2026-08-06
O100178,2026-08-03,SKU-C2,Supplier C,North,Completed,,2026-08-05,2026-08-06
O100179,2026-08-03,SKU-C1,Supplier C,South,Completed,,2026-08-07,2026-08-08
O100180,2026-08-03,SKU-C1,Supplier C,West,Completed,,2026-08-07,2026-08-07
O100181,2026-08-03,SKU-C2,Supplier C,East,Completed,,2026-08-05,2026-08-06
O100182,2026-08-03,SKU-B1,Supplier B,South,Completed,,2026-08-05,2026-08-06
O100183,2026-08-03,SKU-A2,Supplier A,North,Completed,,2026-08-07,2026-08-08
O100184,2026-08-03,SKU-C1,Supplier C,East,Completed,,2026-08-06,2026-08-06
O100185,2026-08-03,SKU-C2,Supplier C,West,Completed,,2026-08-05,2026-08-07
O100186,2026-08-03,SKU-B2,Supplier B,West,Completed,,2026-08-05,2026-08-07
O100187,2026-08-03,SKU-C2,Supplier C,North,Cancelled,2026-08-06,2026-08-07,
O100188,2026-08-03,SKU-B2,Supplier B,North,Completed,,2026-08-06,2026-08-07
O100189,2026-08-03,SKU-A1,Supplier A,West,Completed,,2026-08-05,2026-08-07
O100190,2026-08-03,SKU-B1,Supplier B,North,Completed,,2026-08-05,2026-08-06
O100191,2026-08-03,SKU-C1,Supplier C,North,Completed,,2026-08-06,2026-08-06
O100192,2026-08-03,SKU-C2,Supplier C,West,Completed,,2026-08-05,2026-08-07
O100193,2026-08-03,SKU-C2,Supplier C,North,Completed,,2026-08-05,2026-08-06
O100194,2026-08-03,SKU-B1,Supplier B,East,Completed,,2026-08-07,2026-08-09
O100195,2026-08-03,SKU-B1,Supplier B,North,Completed,,2026-08-06,2026-08-08
O100196,2026-08-03,SKU-C1,Supplier C,North,Completed,,2026-08-05,2026-08-07
O100197,2026-08-03,SKU-C2,Supplier C,West,Completed,,2026-08-06,2026-08-07
O100198,2026-08-03,SKU-C1,Supplier C,East,Completed,,2026-08-07,2026-08-09
O100199,2026-08-03,SKU-B2,Supplier B,East,Completed,,2026-08-06,2026-08-08
O100200,2026-08-03,SKU-A2,Supplier A,East,Completed,,2026-08-05,2026-08-05
O100201,2026-08-03,SKU-A1,Supplier A,North,Completed,,2026-08-06,2026-08-07
O100202,2026-08-03,SKU-C2,Supplier C,East,Completed,,2026-08-06,2026-08-08
O100203,2026-08-03,SKU-B2,Supplier B,North,Cancelled,2026-08-05,2026-08-06,
O100204,2026-08-03,SKU-A2,Supplier A,East,Completed,,2026-08-06,2026-08-08
O100205,2026-08-03,SKU-A2,Supplier A,West,Completed,,2026-08-07,2026-08-07
O100206,2026-08-03,SKU-A1,Supplier A,West,Completed,,2026-08-07,2026-08-08
O100207,2026-08-03,SKU-C2,Supplier C,East,Completed,,2026-08-07,2026-08-08
O100208,2026-08-03,SKU-A2,Supplier A,West,Completed,,2026-08-07,2026-08-07
O100209,2026-08-03,SKU-A2,Supplier A,West,Completed,,2026-08-07,2026-08-09
O100210,2026-08-03,SKU-B2,Supplier B,West,Completed,,2026-08-06,2026-08-08
O100211,2026-08-03,SKU-B2,Supplier B,North,Completed,,2026-08-05,2026-08-06
O100212,2026-08-03,SKU-C2,Supplier C,West,Completed,,2026-08-06,2026-08-08
O100213,2026-08-03,SKU-B1,Supplier B,South,Completed,,2026-08-05,2026-08-06
O100214,2026-08-03,SKU-A1,Supplier A,North,Cancelled,2026-08-06,2026-08-06,
O100215,2026-08-03,SKU-B1,Supplier B,South,Completed,,2026-08-05,2026-08-05
O100216,2026-08-03,SKU-C2,Supplier C,South,Completed,,2026-08-06,2026-08-08
O100217,2026-08-03,SKU-C2,Supplier C,East,Completed,,2026-08-05,2026-08-07
O100218,2026-08-03,SKU-A1,Supplier A,North,Completed,,2026-08-06,2026-08-06
O100219,2026-08-03,SKU-B2,Supplier B,West,Completed,,2026-08-05,2026-08-07
O100220,2026-08-03,SKU-B2,Supplier B,East,Completed,,2026-08-07,2026-08-07
O100221,2026-08-03,SKU-A1,Supplier A,South,Completed,,2026-08-06,2026-08-08
O100222,2026-08-03,SKU-B1,Supplier B,North,Completed,,2026-08-06,2026-08-07
O100223,2026-08-03,SKU-A2,Supplier A,North,Completed,,2026-08-07,2026-08-09
O100224,2026-08-03,SKU-A2,Supplier A,West,Completed,,2026-08-05,2026-08-07
O100225,2026-08-03,SKU-A2,Supplier A,East,Completed,,2026-08-06,2026-08-06
O100226,2026-08-03,SKU-B2,Supplier B,South,Completed,,2026-08-07,2026-08-08
O100227,2026-08-03,SKU-B1,Supplier B,West,Completed,,2026-08-05,2026-08-05
O100228,2026-08-03,SKU-A2,Supplier A,East,Completed,,2026-08-05,2026-08-05
O100229,2026-08-03,SKU-B1,Supplier B,South,Cancelled,2026-08-06,2026-08-06,
O100230,2026-08-03,SKU-B1,Supplier B,East,Completed,,2026-08-07,2026-08-08
O100231,2026-08-03,SKU-B1,Supplier B,East,Completed,,2026-08-07,2026-08-09
O100232,2026-08-03,SKU-B2,Supplier B,South,Completed,,2026-08-06,2026-08-07
O100233,2026-08-03,SKU-B1,Supplier B,South,Completed,,2026-08-06,2026-08-08
O100234,2026-08-03,SKU-B1,Supplier B,North,Completed,,2026-08-05,2026-08-07
O100235,2026-08-03,SKU-C1,Supplier C,South,Completed,,2026-08-05,2026-08-07
O100236,2026-08-03,SKU-A2,Supplier A,North,Completed,,2026-08-05,2026-08-06
O100237,2026-08-03,SKU-C1,Supplier C,West,Completed,,2026-08-07,2026-08-07
O100238,2026-08-03,SKU-C1,Supplier C,South,Completed,,2026-08-06,2026-08-06
O100239,2026-08-03,SKU-B1,Supplier B,North,Completed,,2026-08-07,2026-08-09
O100240,2026-08-03,SKU-B1,Supplier B,South,Completed,,2026-08-06,2026-08-08
O100241,2026-08-03,SKU-A2,Supplier A,South,Completed,,2026-08-05,2026-08-05
O100242,2026-08-03,SKU-A2,Supplier A,North,Completed,,2026-08-06,2026-08-07
O100243,2026-08-03,SKU-C2,Supplier C,West,Completed,,2026-08-05,2026-08-05
O100244,2026-08-03,SKU-A1,Supplier A,South,Completed,,2026-08-07,2026-08-08
O100245,2026-08-04,SKU-C1,Supplier C,North,Completed,,2026-08-08,2026-08-09
O100246,2026-08-04,SKU-B2,Supplier B,East,Completed,,2026-08-08,2026-08-09
O100247,2026-08-04,SKU-C2,Supplier C,East,Completed,,2026-08-08,2026-08-10
O100248,2026-08-04,SKU-A1,Supplier A,East,Completed,,2026-08-07,2026-08-08
O100249,2026-08-04,SKU-B1,Supplier B,West,Completed,,2026-08-07,2026-08-09
O100250,2026-08-04,SKU-A1,Supplier A,North,Completed,,2026-08-08,2026-08-10
O100251,2026-08-04,SKU-C2,Supplier C,North,Completed,,2026-08-08,2026-08-08
O100252,2026-08-04,SKU-B1,Supplier B,West,Completed,,2026-08-07,2026-08-08
O100253,2026-08-04,SKU-B1,Supplier B,East,Completed,,2026-08-06,2026-08-06
O100254,2026-08-04,SKU-A2,Supplier A,East,Completed,,2026-08-08,2026-08-08
O100255,2026-08-04,SKU-C2,Supplier C,East,Completed,,2026-08-06,2026-08-06
O100256,2026-08-04,SKU-C1,Supplier C,West,Completed,,2026-08-08,2026-08-08
O100257,2026-08-04,SKU-C1,Supplier C,South,Completed,,2026-08-06,2026-08-07
O100258,2026-08-04,SKU-C2,Supplier C,North,Completed,,2026-08-07,2026-08-09
O100259,2026-08-04,SKU-A2,Supplier A,East,Completed,,2026-08-08,2026-08-10
O100260,2026-08-04,SKU-C2,Supplier C,East,Completed,,2026-08-06,2026-08-07
O100261,2026-08-04,SKU-C2,Supplier C,North,Completed,,2026-08-06,2026-08-08
O100262,2026-08-04,SKU-C1,Supplier C,North,Completed,,2026-08-07,2026-08-07
O100263,2026-08-04,SKU-B1,Supplier B,North,Completed,,2026-08-06,2026-08-07
O100264,2026-08-04,SKU-B1,Supplier B,East,Completed,,2026-08-07,2026-08-07
O100265,2026-08-04,SKU-C2,Supplier C,East,Completed,,2026-08-07,2026-08-07
O100266,2026-08-04,SKU-A2,Supplier A,North,Completed,,2026-08-08,2026-08-09
O100267,2026-08-04,SKU-B1,Supplier B,North,Completed,,2026-08-06,2026-08-06
O100268,2026-08-04,SKU-A2,Supplier A,North,Completed,,2026-08-08,2026-08-09
O100269,2026-08-04,SKU-A2,Supplier A,North,Completed,,2026-08-06,2026-08-06
O100270,2026-08-04,SKU-C2,Supplier C,West,Completed,,2026-08-06,2026-08-07
O100271,2026-08-04,SKU-B1,Supplier B,North,Completed,,2026-08-06,2026-08-07
O100272,2026-08-04,SKU-C1,Supplier C,South,Completed,,2026-08-08,2026-08-08
O100273,2026-08-04,SKU-C2,Supplier C,East,Completed,,2026-08-06,2026-08-07
O100274,2026-08-04,SKU-A2,Supplier A,East,Completed,,2026-08-08,2026-08-08
O100275,2026-08-04,SKU-C1,Supplier C,North,Completed,,2026-08-08,2026-08-08
O100276,2026-08-04,SKU-C2,Supplier C,West,Completed,,2026-08-08,2026-08-08
O100277,2026-08-04,SKU-C1,Supplier C,South,Completed,,2026-08-06,2026-08-06
O100278,2026-08-04,SKU-B2,Supplier B,East,Completed,,2026-08-07,2026-08-09
O100279,2026-08-04,SKU-C1,Supplier C,West,Completed,,2026-08-06,2026-08-06
O100280,2026-08-04,SKU-C1,Supplier C,West,Completed,,2026-08-06,2026-08-07
O100281,2026-08-04,SKU-C2,Supplier C,West,Completed,,2026-08-08,2026-08-09
O100282,2026-08-04,SKU-B1,Supplier B,East,Completed,,2026-08-07,2026-08-07
O100283,2026-08-04,SKU-A1,Supplier A,East,Completed,,2026-08-08,2026-08-09
O100284,2026-08-04,SKU-C1,Supplier C,East,Completed,,2026-08-08,2026-08-10
O100285,2026-08-04,SKU-A2,Supplier A,North,Completed,,2026-08-07,2026-08-07
O100286,2026-08-04,SKU-B2,Supplier B,West,Completed,,2026-08-06,2026-08-08
O100287,2026-08-04,SKU-C1,Supplier C,East,Cancelled,2026-08-06,2026-08-07,
O100288,2026-08-04,SKU-A1,Supplier A,East,Completed,,2026-08-06,2026-08-06
O100289,2026-08-04,SKU-C1,Supplier C,South,Completed,,2026-08-06,2026-08-07
O100290,2026-08-04,SKU-C1,Supplier C,West,Cancelled,2026-08-07,2026-08-06,
O100291,2026-08-04,SKU-C2,Supplier C,East,Completed,,2026-08-06,2026-08-07
O100292,2026-08-04,SKU-A2,Supplier A,North,Completed,,2026-08-08,2026-08-10
O100293,2026-08-04,SKU-C2,Supplier C,East,Completed,,2026-08-06,2026-08-08
O100294,2026-08-04,SKU-C1,Supplier C,West,Completed,,2026-08-08,2026-08-08
O100295,2026-08-04,SKU-A1,Supplier A,North,Completed,,2026-08-07,2026-08-07
O100296,2026-08-04,SKU-A1,Supplier A,North,Completed,,2026-08-07,2026-08-09
O100297,2026-08-04,SKU-A1,Supplier A,West,Completed,,2026-08-07,2026-08-09
O100298,2026-08-04,SKU-B1,Supplier B,East,Completed,,2026-08-07,2026-08-08
O100299,2026-08-04,SKU-A2,Supplier A,South,Completed,,2026-08-07,2026-08-09
O100300,2026-08-04,SKU-B1,Supplier B,North,Completed,,2026-08-08,2026-08-10
O100301,2026-08-04,SKU-C2,Supplier C,East,Completed,,2026-08-08,2026-08-08
O100302,2026-08-04,SKU-A2,Supplier A,South,Completed,,2026-08-07,2026-08-09
O100303,2026-08-04,SKU-A1,Supplier A,South,Completed,,2026-08-06,2026-08-06
O100304,2026-08-04,SKU-A2,Supplier A,East,Completed,,2026-08-06,2026-08-07
O100305,2026-08-04,SKU-A2,Supplier A,East,Completed,,2026-08-07,2026-08-09
O100306,2026-08-04,SKU-C1,Supplier C,South,Completed,,2026-08-07,2026-08-07
O100307,2026-08-04,SKU-A2,Supplier A,South,Completed,,2026-08-08,2026-08-08
O100308,2026-08-04,SKU-B1,Supplier B,East,Completed,,2026-08-08,2026-08-09
O100309,2026-08-04,SKU-A1,Supplier A,East,Completed,,2026-08-08,2026-08-09
O100310,2026-08-04,SKU-B2,Supplier B,East,Completed,,2026-08-06,2026-08-06
O100311,2026-08-04,SKU-C1,Supplier C,South,Completed,,2026-08-07,2026-08-08
O100312,2026-08-04,SKU-C2,Supplier C,West,Completed,,2026-08-07,2026-08-07
O100313,2026-08-04,SKU-A1,Supplier A,North,Cancelled,2026-08-06,2026-08-07,
O100314,2026-08-04,SKU-C2,Supplier C,North,Completed,,2026-08-06,2026-08-06
O100315,2026-08-04,SKU-A2,Supplier A,South,Completed,,2026-08-06,2026-08-06
O100316,2026-08-04,SKU-C2,Supplier C,East,Completed,,2026-08-07,2026-08-09
O100317,2026-08-04,SKU-C1,Supplier C,North,Completed,,2026-08-07,2026-08-07
O100318,2026-08-04,SKU-B2,Supplier B,East,Completed,,2026-08-06,2026-08-08
O100319,2026-08-04,SKU-B1,Supplier B,East,Completed,,2026-08-07,2026-08-09
O100320,2026-08-04,SKU-B1,Supplier B,East,Completed,,2026-08-06,2026-08-06
O100321,2026-08-04,SKU-A2,Supplier A,West,Completed,,2026-08-08,2026-08-10
O100322,2026-08-04,SKU-C2,Supplier C,South,Completed,,2026-08-07,2026-08-08
O100323,2026-08-04,SKU-A2,Supplier A,East,Completed,,2026-08-07,2026-08-08
O100324,2026-08-04,SKU-C1,Supplier C,South,Completed,,2026-08-07,2026-08-07
O100325,2026-08-04,SKU-B2,Supplier B,West,Completed,,2026-08-06,2026-08-06
O100326,2026-08-05,SKU-B2,Supplier B,North,Completed,,2026-08-07,2026-08-07
O100327,2026-08-05,SKU-A2,Supplier A,West,Cancelled,2026-08-06,2026-08-07,
O100328,2026-08-05,SKU-B2,Supplier B,East,Cancelled,2026-08-08,2026-08-08,
O100329,2026-08-05,SKU-B2,Supplier B,West,Completed,,2026-08-07,2026-08-07
O100330,2026-08-05,SKU-C1,Supplier C,West,Completed,,2026-08-09,2026-08-10
O100331,2026-08-05,SKU-A2,Supplier A,West,Completed,,2026-08-08,2026-08-10
O100332,2026-08-05,SKU-A1,Supplier A,South,Cancelled,2026-08-07,2026-08-09,
O100333,2026-08-05,SKU-B2,Supplier B,West,Completed,,2026-08-07,2026-08-07
O100334,2026-08-05,SKU-B2,Supplier B,East,Completed,,2026-08-07,2026-08-07
O100335,2026-08-05,SKU-B2,Supplier B,South,Completed,,2026-08-07,2026-08-07
O100336,2026-08-05,SKU-B2,Supplier B,West,Completed,,2026-08-08,2026-08-10
O100337,2026-08-05,SKU-A2,Supplier A,West,Completed,,2026-08-08,2026-08-08
O100338,2026-08-05,SKU-C1,Supplier C,West,Completed,,2026-08-07,2026-08-09
O100339,2026-08-05,SKU-C1,Supplier C,North,Completed,,2026-08-07,2026-08-08
O100340,2026-08-05,SKU-B1,Supplier B,South,Completed,,2026-08-08,2026-08-08
O100341,2026-08-05,SKU-C1,Supplier C,North,Completed,,2026-08-07,2026-08-09
O100342,2026-08-05,SKU-C1,Supplier C,East,Completed,,2026-08-09,2026-08-11
O100343,2026-08-05,SKU-A1,Supplier A,South,Completed,,2026-08-08,2026-08-08
O100344,2026-08-05,SKU-B2,Supplier B,West,Completed,,2026-08-07,2026-08-07
O100345,2026-08-05,SKU-B2,Supplier B,South,Completed,,2026-08-09,2026-08-09
O100346,2026-08-05,SKU-B1,Supplier B,West,Completed,,2026-08-07,2026-08-09
O100347,2026-08-05,SKU-B2,Supplier B,North,Completed,,2026-08-09,2026-08-11
O100348,2026-08-05,SKU-A2,Supplier A,North,Completed,,2026-08-09,2026-08-11
O100349,2026-08-05,SKU-B2,Supplier B,South,Completed,,2026-08-09,2026-08-10
O100350,2026-08-05,SKU-A1,Supplier A,South,Completed,,2026-08-07,2026-08-08
O100351,2026-08-05,SKU-B1,Supplier B,West,Completed,,2026-08-07,2026-08-07
O100352,2026-08-05,SKU-A2,Supplier A,East,Cancelled,2026-08-07,2026-08-08,
O100353,2026-08-05,SKU-A1,Supplier A,South,Cancelled,2026-08-07,2026-08-07,
O100354,2026-08-05,SKU-B1,Supplier B,North,Completed,,2026-08-08,2026-08-09
O100355,2026-08-05,SKU-C1,Supplier C,West,Completed,,2026-08-09,2026-08-10
O100356,2026-08-05,SKU-A1,Supplier A,North,Completed,,2026-08-09,2026-08-10
O100357,2026-08-05,SKU-C1,Supplier C,North,Completed,,2026-08-09,2026-08-11
O100358,2026-08-05,SKU-C2,Supplier C,East,Completed,,2026-08-09,2026-08-09
O100359,2026-08-05,SKU-B2,Supplier B,East,Completed,,2026-08-09,2026-08-11
O100360,2026-08-05,SKU-B1,Supplier B,South,Completed,,2026-08-08,2026-08-08
O100361,2026-08-05,SKU-A1,Supplier A,West,Cancelled,2026-08-06,2026-08-07,
O100362,2026-08-05,SKU-C2,Supplier C,South,Completed,,2026-08-08,2026-08-08
O100363,2026-08-05,SKU-A1,Supplier A,West,Completed,,2026-08-07,2026-08-07
O100364,2026-08-05,SKU-A1,Supplier A,North,Completed,,2026-08-09,2026-08-11
O100365,2026-08-05,SKU-C2,Supplier C,West,Completed,,2026-08-08,2026-08-08
O100366,2026-08-05,SKU-B1,Supplier B,South,Completed,,2026-08-09,2026-08-09
O100367,2026-08-05,SKU-B2,Supplier B,North,Completed,,2026-08-07,2026-08-07
O100368,2026-08-05,SKU-A1,Supplier A,East,Completed,,2026-08-07,2026-08-08
O100369,2026-08-05,SKU-A2,Supplier A,South,Completed,,2026-08-07,2026-08-08
O100370,2026-08-05,SKU-B1,Supplier B,South,Completed,,2026-08-08,2026-08-08
O100371,2026-08-05,SKU-C2,Supplier C,South,Completed,,2026-08-07,2026-08-08
O100372,2026-08-05,SKU-B1,Supplier B,East,Completed,,2026-08-08,2026-08-10
O100373,2026-08-05,SKU-A2,Supplier A,South,Completed,,2026-08-07,2026-08-09
O100374,2026-08-05,SKU-C2,Supplier C,North,Completed,,2026-08-09,2026-08-11
O100375,2026-08-05,SKU-C2,Supplier C,East,Completed,,2026-08-07,2026-08-09
O100376,2026-08-05,SKU-B2,Supplier B,South,Cancelled,2026-08-08,2026-08-08,
O100377,2026-08-05,SKU-A2,Supplier A,South,Completed,,2026-08-07,2026-08-09
O100378,2026-08-05,SKU-B1,Supplier B,West,Completed,,2026-08-08,2026-08-08
O100379,2026-08-05,SKU-A1,Supplier A,North,Completed,,2026-08-07,2026-08-08
O100380,2026-08-05,SKU-C2,Supplier C,North,Completed,,2026-08-08,2026-08-10
O100381,2026-08-05,SKU-A2,Supplier A,North,Completed,,2026-08-09,2026-08-10
O100382,2026-08-05,SKU-C2,Supplier C,North,Completed,,2026-08-09,2026-08-11
O100383,2026-08-05,SKU-A2,Supplier A,South,Completed,,2026-08-07,2026-08-08
O100384,2026-08-05,SKU-C1,Supplier C,South,Cancelled,2026-08-08,2026-08-08,
O100385,2026-08-05,SKU-B1,Supplier B,North,Completed,,2026-08-09,2026-08-10
O100386,2026-08-05,SKU-B2,Supplier B,South,Completed,,2026-08-09,2026-08-10
O100387,2026-08-05,SKU-A1,Supplier A,West,Completed,,2026-08-09,2026-08-11
O100388,2026-08-05,SKU-C1,Supplier C,South,Completed,,2026-08-07,2026-08-08
O100389,2026-08-05,SKU-B1,Supplier B,East,Completed,,2026-08-09,2026-08-10
O100390,2026-08-05,SKU-B2,Supplier B,South,Completed,,2026-08-09,2026-08-09
O100391,2026-08-05,SKU-A1,Supplier A,West,Completed,,2026-08-08,2026-08-10
O100392,2026-08-05,SKU-C2,Supplier C,East,Completed,,2026-08-07,2026-08-09
O100393,2026-08-05,SKU-A2,Supplier A,South,Completed,,2026-08-09,2026-08-09
O100394,2026-08-05,SKU-B1,Supplier B,East,Cancelled,2026-08-06,2026-08-08,
O100395,2026-08-05,SKU-C1,Supplier C,North,Completed,,2026-08-08,2026-08-09
O100396,2026-08-05,SKU-C2,Supplier C,South,Completed,,2026-08-07,2026-08-07
O100397,2026-08-05,SKU-B2,Supplier B,South,Completed,,2026-08-08,2026-08-10
O100398,2026-08-05,SKU-A1,Supplier A,West,Completed,,2026-08-08,2026-08-08
O100399,2026-08-05,SKU-B1,Supplier B,West,Completed,,2026-08-07,2026-08-08
O100400,2026-08-05,SKU-C2,Supplier C,South,Completed,,2026-08-07,2026-08-09
O100401,2026-08-05,SKU-B1,Supplier B,South,Completed,,2026-08-07,2026-08-09
O100402,2026-08-05,SKU-A2,Supplier A,East,Cancelled,2026-08-07,2026-08-07,
O100403,2026-08-05,SKU-C1,Supplier C,West,Completed,,2026-08-08,2026-08-10
O100404,2026-08-05,SKU-C2,Supplier C,South,Completed,,2026-08-09,2026-08-10
O100405,2026-08-05,SKU-C2,Supplier C,North,Completed,,2026-08-08,2026-08-08
O100406,2026-08-05,SKU-A2,Supplier A,North,Completed,,2026-08-07,2026-08-08
O100407,2026-08-05,SKU-A2,Supplier A,South,Completed,,2026-08-09,2026-08-11
O100408,2026-08-05,SKU-A2,Supplier A,East,Completed,,2026-08-07,2026-08-08
O100409,2026-08-05,SKU-C2,Supplier C,West,Cancelled,2026-08-08,2026-08-09,
O100410,2026-08-05,SKU-C1,Supplier C,South,Completed,,2026-08-08,2026-08-10
O100411,2026-08-05,SKU-C1,Supplier C,North,Completed,,2026-08-09,2026-08-10
O100412,2026-08-05,SKU-B2,Supplier B,South,Completed,,2026-08-09,2026-08-10
O100413,2026-08-05,SKU-C2,Supplier C,North,Completed,,2026-08-08,2026-08-08
O100414,2026-08-05,SKU-C2,Supplier C,South,Completed,,2026-08-08,2026-08-10
O100415,2026-08-05,SKU-B1,Supplier B,South,Completed,,2026-08-07,2026-08-08
O100416,2026-08-06,SKU-A1,Supplier A,North,Completed,,2026-08-08,2026-08-10
O100417,2026-08-06,SKU-B2,Supplier B,East,Completed,,2026-08-09,2026-08-09
O100418,2026-08-06,SKU-A1,Supplier A,East,Cancelled,2026-08-09,2026-08-10,
O100419,2026-08-06,SKU-C1,Supplier C,North,Completed,,2026-08-09,2026-08-09
O100420,2026-08-06,SKU-A2,Supplier A,East,Completed,,2026-08-09,2026-08-10
O100421,2026-08-06,SKU-C2,Supplier C,West,Completed,,2026-08-08,2026-08-08
O100422,2026-08-06,SKU-A2,Supplier A,North,Completed,,2026-08-08,2026-08-08
O100423,2026-08-06,SKU-C1,Supplier C,East,Cancelled,2026-08-07,2026-08-10,
O100424,2026-08-06,SKU-A2,Supplier A,North,Completed,,2026-08-09,2026-08-11
O100425,2026-08-06,SKU-B2,Supplier B,South,Completed,,2026-08-10,2026-08-12
O100426,2026-08-06,SKU-B1,Supplier B,North,Completed,,2026-08-10,2026-08-11
O100427,2026-08-06,SKU-B2,Supplier B,South,Cancelled,2026-08-09,2026-08-08,
O100428,2026-08-06,SKU-C2,Supplier C,West,Completed,,2026-08-08,2026-08-08
O100429,2026-08-06,SKU-C2,Supplier C,North,Completed,,2026-08-10,2026-08-10
O100430,2026-08-06,SKU-C1,Supplier C,South,Completed,,2026-08-10,2026-08-11
O100431,2026-08-06,SKU-C2,Supplier C,West,Completed,,2026-08-09,2026-08-11
O100432,2026-08-06,SKU-A2,Supplier A,South,Completed,,2026-08-08,2026-08-09
O100433,2026-08-06,SKU-C1,Supplier C,South,Completed,,2026-08-08,2026-08-09
O100434,2026-08-06,SKU-A2,Supplier A,South,Completed,,2026-08-10,2026-08-10
O100435,2026-08-06,SKU-C2,Supplier C,South,Completed,,2026-08-10,2026-08-12
O100436,2026-08-06,SKU-B2,Supplier B,North,Completed,,2026-08-10,2026-08-12
O100437,2026-08-06,SKU-B1,Supplier B,North,Cancelled,2026-08-07,2026-08-08,
O100438,2026-08-06,SKU-B1,Supplier B,West,Completed,,2026-08-09,2026-08-09
O100439,2026-08-06,SKU-A2,Supplier A,West,Completed,,2026-08-09,2026-08-09
O100440,2026-08-06,SKU-B1,Supplier B,East,Completed,,2026-08-08,2026-08-10
O100441,2026-08-06,SKU-B1,Supplier B,West,Completed,,2026-08-08,2026-08-08
O100442,2026-08-06,SKU-C1,Supplier C,South,Completed,,2026-08-09,2026-08-11
O100443,2026-08-06,SKU-C2,Supplier C,West,Completed,,2026-08-08,2026-08-09
O100444,2026-08-06,SKU-B1,Supplier B,North,Completed,,2026-08-10,2026-08-11
O100445,2026-08-06,SKU-C2,Supplier C,West,Completed,,2026-08-08,2026-08-08
O100446,2026-08-06,SKU-C2,Supplier C,North,Completed,,2026-08-10,2026-08-12
O100447,2026-08-06,SKU-A1,Supplier A,East,Completed,,2026-08-08,2026-08-10
O100448,2026-08-06,SKU-C2,Supplier C,East,Completed,,2026-08-09,2026-08-09
O100449,2026-08-06,SKU-A2,Supplier A,West,Completed,,2026-08-08,2026-08-09
O100450,2026-08-06,SKU-C1,Supplier C,West,Completed,,2026-08-09,2026-08-09
O100451,2026-08-06,SKU-C1,Supplier C,East,Completed,,2026-08-10,2026-08-11
O100452,2026-08-06,SKU-B1,Supplier B,South,Completed,,2026-08-10,2026-08-11
O100453,2026-08-06,SKU-B2,Supplier B,East,Completed,,2026-08-08,2026-08-10
O100454,2026-08-06,SKU-C2,Supplier C,East,Completed,,2026-08-10,2026-08-10
O100455,2026-08-06,SKU-C2,Supplier C,East,Completed,,2026-08-09,2026-08-11
O100456,2026-08-06,SKU-B1,Supplier B,East,Completed,,2026-08-08,2026-08-10
O100457,2026-08-06,SKU-B1,Supplier B,East,Completed,,2026-08-08,2026-08-09
O100458,2026-08-06,SKU-C2,Supplier C,West,Completed,,2026-08-09,2026-08-10
O100459,2026-08-06,SKU-A2,Supplier A,North,Completed,,2026-08-09,2026-08-09
O100460,2026-08-06,SKU-C2,Supplier C,West,Completed,,2026-08-10,2026-08-10
O100461,2026-08-06,SKU-A2,Supplier A,South,Completed,,2026-08-10,2026-08-11
O100462,2026-08-06,SKU-C1,Supplier C,West,Completed,,2026-08-10,2026-08-11
O100463,2026-08-06,SKU-A2,Supplier A,South,Cancelled,2026-08-09,2026-08-10,
O100464,2026-08-06,SKU-C2,Supplier C,East,Completed,,2026-08-10,2026-08-10
O100465,2026-08-06,SKU-A1,Supplier A,West,Completed,,2026-08-10,2026-08-12
O100466,2026-08-06,SKU-A2,Supplier A,East,Completed,,2026-08-10,2026-08-10
O100467,2026-08-06,SKU-B2,Supplier B,West,Completed,,2026-08-09,2026-08-11
O100468,2026-08-06,SKU-A1,Supplier A,East,Completed,,2026-08-08,2026-08-09
O100469,2026-08-06,SKU-A1,Supplier A,West,Completed,,2026-08-09,2026-08-10
O100470,2026-08-06,SKU-A1,Supplier A,West,Completed,,2026-08-09,2026-08-09
O100471,2026-08-06,SKU-C2,Supplier C,West,Completed,,2026-08-10,2026-08-12
O100472,2026-08-06,SKU-C1,Supplier C,East,Completed,,2026-08-09,2026-08-10
O100473,2026-08-06,SKU-C1,Supplier C,North,Completed,,2026-08-10,2026-08-10
O100474,2026-08-06,SKU-C1,Supplier C,South,Completed,,2026-08-08,2026-08-08
O100475,2026-08-06,SKU-B2,Supplier B,East,Completed,,2026-08-09,2026-08-09
O100476,2026-08-06,SKU-B2,Supplier B,North,Completed,,2026-08-10,2026-08-11
O100477,2026-08-06,SKU-A2,Supplier A,East,Completed,,2026-08-09,2026-08-09
O100478,2026-08-06,SKU-B2,Supplier B,South,Completed,,2026-08-08,2026-08-10
O100479,2026-08-06,SKU-A1,Supplier A,South,Cancelled,2026-08-08,2026-08-09,
O100480,2026-08-06,SKU-C1,Supplier C,East,Completed,,2026-08-09,2026-08-09
O100481,2026-08-06,SKU-B1,Supplier B,East,Completed,,2026-08-09,2026-08-09
O100482,2026-08-06,SKU-B2,Supplier B,West,Completed,,2026-08-09,2026-08-10
O100483,2026-08-06,SKU-A2,Supplier A,East,Completed,,2026-08-10,2026-08-10
O100484,2026-08-06,SKU-B1,Supplier B,North,Completed,,2026-08-09,2026-08-09
O100485,2026-08-06,SKU-B1,Supplier B,North,Completed,,2026-08-10,2026-08-11
O100486,2026-08-06,SKU-A2,Supplier A,South,Completed,,2026-08-10,2026-08-12
O100487,2026-08-06,SKU-C1,Supplier C,East,Completed,,2026-08-10,2026-08-10
O100488,2026-08-06,SKU-B1,Supplier B,North,Completed,,2026-08-10,2026-08-12
O100489,2026-08-06,SKU-B1,Supplier B,South,Completed,,2026-08-09,2026-08-10
O100490,2026-08-06,SKU-B1,Supplier B,North,Completed,,2026-08-09,2026-08-10
O100491,2026-08-06,SKU-C1,Supplier C,East,Completed,,2026-08-08,2026-08-10
O100492,2026-08-06,SKU-B2,Supplier B,South,Completed,,2026-08-08,2026-08-08
O100493,2026-08-06,SKU-A2,Supplier A,North,Completed,,2026-08-09,2026-08-11
O100494,2026-08-06,SKU-B1,Supplier B,West,Completed,,2026-08-09,2026-08-09
O100495,2026-08-06,SKU-C2,Supplier C,East,Completed,,2026-08-10,2026-08-11
O100496,2026-08-06,SKU-A1,Supplier A,South,Completed,,2026-08-10,2026-08-10
O100497,2026-08-06,SKU-C1,Supplier C,West,Completed,,2026-08-10,2026-08-11
O100498,2026-08-06,SKU-A2,Supplier A,South,Completed,,2026-08-08,2026-08-10
O100499,2026-08-06,SKU-C1,Supplier C,East,Completed,,2026-08-10,2026-08-11
O100500,2026-08-06,SKU-A2,Supplier A,South,Completed,,2026-08-09,2026-08-11
O100501,2026-08-06,SKU-A1,Supplier A,East,Completed,,2026-08-08,2026-08-10
O100502,2026-08-06,SKU-A2,Supplier A,West,Completed,,2026-08-08,2026-08-09
O100503,2026-08-06,SKU-A2,Supplier A,South,Completed,,2026-08-09,2026-08-09
O100504,2026-08-07,SKU-C2,Supplier C,East,Completed,,2026-08-10,2026-08-11
O100505,2026-08-07,SKU-A2,Supplier A,East,Completed,,2026-08-11,2026-08-12
O100506,2026-08-07,SKU-A1,Supplier A,South,Completed,,2026-08-10,2026-08-11
O100507,2026-08-07,SKU-B1,Supplier B,South,Completed,,2026-08-10,2026-08-10
O100508,2026-08-07,SKU-B2,Supplier B,West,Completed,,2026-08-11,2026-08-11
O100509,2026-08-07,SKU-B1,Supplier B,East,Completed,,2026-08-11,2026-08-11
O100510,2026-08-07,SKU-B2,Supplier B,West,Completed,,2026-08-11,2026-08-13
O100511,2026-08-07,SKU-C1,Supplier C,South,Completed,,2026-08-10,2026-08-11
O100512,2026-08-07,SKU-B1,Supplier B,North,Completed,,2026-08-11,2026-08-11
O100513,2026-08-07,SKU-A1,Supplier A,East,Completed,,2026-08-09,2026-08-11
O100514,2026-08-07,SKU-C2,Supplier C,East,Completed,,2026-08-10,2026-08-12
O100515,2026-08-07,SKU-C1,Supplier C,North,Completed,,2026-08-10,2026-08-10
O100516,2026-08-07,SKU-A2,Supplier A,East,Completed,,2026-08-10,2026-08-10
O100517,2026-08-07,SKU-A2,Supplier A,West,Completed,,2026-08-09,2026-08-11
O100518,2026-08-07,SKU-A2,Supplier A,East,Cancelled,2026-08-09,2026-08-11,
O100519,2026-08-07,SKU-C1,Supplier C,South,Completed,,2026-08-09,2026-08-11
O100520,2026-08-07,SKU-A2,Supplier A,North,Completed,,2026-08-10,2026-08-12
O100521,2026-08-07,SKU-C1,Supplier C,South,Completed,,2026-08-09,2026-08-10
O100522,2026-08-07,SKU-B2,Supplier B,South,Completed,,2026-08-09,2026-08-10
O100523,2026-08-07,SKU-A1,Supplier A,East,Completed,,2026-08-09,2026-08-11
O100524,2026-08-07,SKU-A2,Supplier A,West,Completed,,2026-08-10,2026-08-12
O100525,2026-08-07,SKU-C1,Supplier C,North,Completed,,2026-08-11,2026-08-11
O100526,2026-08-07,SKU-A1,Supplier A,East,Completed,,2026-08-09,2026-08-09
O100527,2026-08-07,SKU-B1,Supplier B,West,Completed,,2026-08-10,2026-08-12
O100528,2026-08-07,SKU-B2,Supplier B,East,Completed,,2026-08-11,2026-08-13
O100529,2026-08-07,SKU-B2,Supplier B,South,Cancelled,2026-08-09,2026-08-10,
O100530,2026-08-07,SKU-B1,Supplier B,South,Completed,,2026-08-09,2026-08-09
O100531,2026-08-07,SKU-C2,Supplier C,North,Completed,,2026-08-11,2026-08-12
O100532,2026-08-07,SKU-B2,Supplier B,North,Completed,,2026-08-09,2026-08-10
O100533,2026-08-07,SKU-A1,Supplier A,North,Completed,,2026-08-10,2026-08-10
O100534,2026-08-07,SKU-A2,Supplier A,North,Completed,,2026-08-11,2026-08-12
O100535,2026-08-07,SKU-C2,Supplier C,East,Cancelled,2026-08-10,2026-08-11,
O100536,2026-08-07,SKU-B2,Supplier B,East,Completed,,2026-08-10,2026-08-12
O100537,2026-08-07,SKU-B1,Supplier B,West,Completed,,2026-08-10,2026-08-10
O100538,2026-08-07,SKU-B2,Supplier B,North,Completed,,2026-08-10,2026-08-10
O100539,2026-08-07,SKU-C1,Supplier C,North,Completed,,2026-08-09,2026-08-09
O100540,2026-08-07,SKU-A2,Supplier A,East,Cancelled,2026-08-09,2026-08-10,
O100541,2026-08-07,SKU-B2,Supplier B,North,Completed,,2026-08-11,2026-08-13
O100542,2026-08-07,SKU-C1,Supplier C,West,Completed,,2026-08-11,2026-08-13
O100543,2026-08-07,SKU-C1,Supplier C,North,Completed,,2026-08-09,2026-08-10
O100544,2026-08-07,SKU-C1,Supplier C,West,Completed,,2026-08-10,2026-08-10
O100545,2026-08-07,SKU-C1,Supplier C,South,Completed,,2026-08-10,2026-08-11
O100546,2026-08-07,SKU-A2,Supplier A,East,Completed,,2026-08-09,2026-08-10
O100547,2026-08-07,SKU-B1,Supplier B,West,Completed,,2026-08-09,2026-08-10
O100548,2026-08-07,SKU-B2,Supplier B,East,Completed,,2026-08-09,2026-08-11
O100549,2026-08-07,SKU-B1,Supplier B,South,Completed,,2026-08-10,2026-08-11
O100550,2026-08-07,SKU-A2,Supplier A,South,Completed,,2026-08-11,2026-08-13
O100551,2026-08-07,SKU-B1,Supplier B,North,Completed,,2026-08-10,2026-08-12
O100552,2026-08-07,SKU-B2,Supplier B,East,Completed,,2026-08-09,2026-08-11
O100553,2026-08-07,SKU-A1,Supplier A,East,Completed,,2026-08-10,2026-08-10
O100554,2026-08-07,SKU-A1,Supplier A,West,Cancelled,2026-08-08,2026-08-10,
O100555,2026-08-07,SKU-A1,Supplier A,South,Completed,,2026-08-10,2026-08-10
O100556,2026-08-07,SKU-A2,Supplier A,North,Completed,,2026-08-09,2026-08-09
O100557,2026-08-07,SKU-A2,Supplier A,North,Cancelled,2026-08-09,2026-08-10,
O100558,2026-08-07,SKU-A1,Supplier A,East,Completed,,2026-08-10,2026-08-11
O100559,2026-08-07,SKU-C2,Supplier C,South,Completed,,2026-08-11,2026-08-13
O100560,2026-08-07,SKU-B2,Supplier B,North,Completed,,2026-08-10,2026-08-10
O100561,2026-08-07,SKU-A1,Supplier A,South,Completed,,2026-08-10,2026-08-10
O100562,2026-08-07,SKU-C2,Supplier C,South,Completed,,2026-08-11,2026-08-12
O100563,2026-08-07,SKU-C1,Supplier C,East,Completed,,2026-08-10,2026-08-10
O100564,2026-08-07,SKU-B1,Supplier B,West,Completed,,2026-08-09,2026-08-11
O100565,2026-08-07,SKU-A1,Supplier A,West,Cancelled,2026-08-08,2026-08-11,
O100566,2026-08-07,SKU-B2,Supplier B,South,Completed,,2026-08-11,2026-08-12
O100567,2026-08-07,SKU-A2,Supplier A,East,Completed,,2026-08-11,2026-08-13
O100568,2026-08-07,SKU-B1,Supplier B,East,Completed,,2026-08-09,2026-08-10
O100569,2026-08-07,SKU-A1,Supplier A,West,Completed,,2026-08-09,2026-08-11
O100570,2026-08-07,SKU-A2,Supplier A,East,Completed,,2026-08-10,2026-08-11
O100571,2026-08-07,SKU-C1,Supplier C,East,Completed,,2026-08-11,2026-08-11
O100572,2026-08-07,SKU-C1,Supplier C,South,Completed,,2026-08-11,2026-08-11
O100573,2026-08-07,SKU-B1,Supplier B,East,Completed,,2026-08-09,2026-08-11
O100574,2026-08-07,SKU-C2,Supplier C,East,Completed,,2026-08-11,2026-08-13
O100575,2026-08-07,SKU-B2,Supplier B,West,Completed,,2026-08-10,2026-08-12
O100576,2026-08-07,SKU-A2,Supplier A,West,Completed,,2026-08-09,2026-08-09
O100577,2026-08-07,SKU-B2,Supplier B,South,Completed,,2026-08-11,2026-08-12
O100578,2026-08-07,SKU-C1,Supplier C,East,Completed,,2026-08-11,2026-08-12
O100579,2026-08-07,SKU-C2,Supplier C,West,Completed,,2026-08-09,2026-08-11
O100580,2026-08-08,SKU-C1,Supplier C,North,Cancelled,2026-08-11,2026-08-12,
O100581,2026-08-08,SKU-A1,Supplier A,North,Completed,,2026-08-10,2026-08-12
O100582,2026-08-08,SKU-B2,Supplier B,West,Completed,,2026-08-11,2026-08-13
O100583,2026-08-08,SKU-C2,Supplier C,East,Completed,,2026-08-12,2026-08-13
O100584,2026-08-08,SKU-A2,Supplier A,North,Completed,,2026-08-10,2026-08-11
O100585,2026-08-08,SKU-B2,Supplier B,South,Completed,,2026-08-10,2026-08-10
O100586,2026-08-08,SKU-A2,Supplier A,South,Completed,,2026-08-12,2026-08-13
O100587,2026-08-08,SKU-A2,Supplier A,West,Completed,,2026-08-12,2026-08-13
O100588,2026-08-08,SKU-A2,Supplier A,South,Completed,,2026-08-11,2026-08-12
O100589,2026-08-08,SKU-B1,Supplier B,North,Completed,,2026-08-10,2026-08-11
O100590,2026-08-08,SKU-A2,Supplier A,North,Completed,,2026-08-11,2026-08-12
O100591,2026-08-08,SKU-C1,Supplier C,South,Completed,,2026-08-10,2026-08-10
O100592,2026-08-08,SKU-C2,Supplier C,East,Cancelled,2026-08-09,2026-08-11,
O100593,2026-08-08,SKU-C1,Supplier C,West,Completed,,2026-08-11,2026-08-13
O100594,2026-08-08,SKU-A2,Supplier A,South,Completed,,2026-08-12,2026-08-14
O100595,2026-08-08,SKU-A2,Supplier A,West,Completed,,2026-08-12,2026-08-13
O100596,2026-08-08,SKU-B2,Supplier B,East,Completed,,2026-08-11,2026-08-12
O100597,2026-08-08,SKU-C2,Supplier C,North,Completed,,2026-08-10,2026-08-11
O100598,2026-08-08,SKU-A1,Supplier A,North,Completed,,2026-08-10,2026-08-11
O100599,2026-08-08,SKU-C2,Supplier C,South,Completed,,2026-08-10,2026-08-12
O100600,2026-08-08,SKU-A2,Supplier A,North,Completed,,2026-08-10,2026-08-12
O100601,2026-08-08,SKU-A1,Supplier A,West,Completed,,2026-08-11,2026-08-12
O100602,2026-08-08,SKU-A1,Supplier A,East,Completed,,2026-08-10,2026-08-10
O100603,2026-08-08,SKU-A2,Supplier A,East,Completed,,2026-08-12,2026-08-14
O100604,2026-08-08,SKU-C2,Supplier C,North,Completed,,2026-08-12,2026-08-13
O100605,2026-08-08,SKU-B1,Supplier B,West,Completed,,2026-08-10,2026-08-12
O100606,2026-08-08,SKU-A1,Supplier A,South,Cancelled,2026-08-09,2026-08-10,
O100607,2026-08-08,SKU-B1,Supplier B,North,Completed,,2026-08-10,2026-08-12
O100608,2026-08-08,SKU-C1,Supplier C,North,Completed,,2026-08-12,2026-08-14
O100609,2026-08-08,SKU-B2,Supplier B,North,Completed,,2026-08-12,2026-08-14
O100610,2026-08-08,SKU-A2,Supplier A,East,Completed,,2026-08-11,2026-08-12
O100611,2026-08-08,SKU-B2,Supplier B,West,Completed,,2026-08-12,2026-08-14
O100612,2026-08-08,SKU-A2,Supplier A,West,Completed,,2026-08-10,2026-08-12
O100613,2026-08-08,SKU-B1,Supplier B,East,Completed,,2026-08-10,2026-08-10
O100614,2026-08-08,SKU-A1,Supplier A,East,Completed,,2026-08-12,2026-08-12
O100615,2026-08-08,SKU-C2,Supplier C,East,Completed,,2026-08-10,2026-08-11
O100616,2026-08-08,SKU-C1,Supplier C,East,Completed,,2026-08-10,2026-08-10
O100617,2026-08-08,SKU-B1,Supplier B,East,Completed,,2026-08-10,2026-08-10
O100618,2026-08-08,SKU-A1,Supplier A,South,Completed,,2026-08-11,2026-08-11
O100619,2026-08-08,SKU-C1,Supplier C,South,Cancelled,2026-08-10,2026-08-10,
O100620,2026-08-08,SKU-B1,Supplier B,South,Cancelled,2026-08-11,2026-08-12,
O100621,2026-08-08,SKU-C2,Supplier C,West,Completed,,2026-08-10,2026-08-10
O100622,2026-08-08,SKU-B2,Supplier B,North,Completed,,2026-08-10,2026-08-11
O100623,2026-08-08,SKU-A1,Supplier A,South,Completed,,2026-08-12,2026-08-12
O100624,2026-08-08,SKU-C1,Supplier C,South,Cancelled,2026-08-11,2026-08-12,
O100625,2026-08-08,SKU-A2,Supplier A,West,Cancelled,2026-08-09,2026-08-10,
O100626,2026-08-08,SKU-B2,Supplier B,South,Completed,,2026-08-11,2026-08-11
O100627,2026-08-08,SKU-B1,Supplier B,East,Completed,,2026-08-12,2026-08-13
O100628,2026-08-08,SKU-B2,Supplier B,North,Completed,,2026-08-11,2026-08-13
O100629,2026-08-08,SKU-A2,Supplier A,West,Completed,,2026-08-12,2026-08-13
O100630,2026-08-08,SKU-C2,Supplier C,South,Cancelled,2026-08-09,2026-08-10,
O100631,2026-08-08,SKU-A1,Supplier A,West,Completed,,2026-08-12,2026-08-14
O100632,2026-08-08,SKU-A1,Supplier A,South,Cancelled,2026-08-09,2026-08-11,
O100633,2026-08-08,SKU-A1,Supplier A,West,Completed,,2026-08-10,2026-08-10
O100634,2026-08-08,SKU-C2,Supplier C,East,Completed,,2026-08-10,2026-08-11
O100635,2026-08-08,SKU-A2,Supplier A,South,Completed,,2026-08-10,2026-08-11
O100636,2026-08-08,SKU-B2,Supplier B,North,Completed,,2026-08-11,2026-08-13
O100637,2026-08-08,SKU-A2,Supplier A,South,Completed,,2026-08-11,2026-08-13
O100638,2026-08-08,SKU-C1,Supplier C,West,Completed,,2026-08-10,2026-08-10
O100639,2026-08-08,SKU-A2,Supplier A,South,Completed,,2026-08-11,2026-08-13
O100640,2026-08-08,SKU-A1,Supplier A,West,Completed,,2026-08-11,2026-08-11
O100641,2026-08-08,SKU-C1,Supplier C,North,Completed,,2026-08-10,2026-08-10
O100642,2026-08-08,SKU-A2,Supplier A,East,Cancelled,2026-08-09,2026-08-10,
O100643,2026-08-08,SKU-C1,Supplier C,North,Completed,,2026-08-10,2026-08-12
O100644,2026-08-08,SKU-C1,Supplier C,South,Completed,,2026-08-10,2026-08-10
O100645,2026-08-08,SKU-B2,Supplier B,East,Completed,,2026-08-12,2026-08-13
O100646,2026-08-08,SKU-C1,Supplier C,South,Completed,,2026-08-11,2026-08-13
O100647,2026-08-08,SKU-A1,Supplier A,South,Completed,,2026-08-10,2026-08-10
O100648,2026-08-08,SKU-A1,Supplier A,West,Completed,,2026-08-11,2026-08-11
O100649,2026-08-08,SKU-B1,Supplier B,North,Completed,,2026-08-11,2026-08-12
O100650,2026-08-08,SKU-C1,Supplier C,East,Completed,,2026-08-11,2026-08-11
O100651,2026-08-08,SKU-C2,Supplier C,West,Completed,,2026-08-11,2026-08-11
O100652,2026-08-08,SKU-A1,Supplier A,South,Completed,,2026-08-10,2026-08-12
O100653,2026-08-08,SKU-C2,Supplier C,South,Cancelled,2026-08-09,2026-08-10,
O100654,2026-08-08,SKU-B2,Supplier B,South,Cancelled,2026-08-11,2026-08-10,
O100655,2026-08-08,SKU-B1,Supplier B,North,Completed,,2026-08-12,2026-08-12
O100656,2026-08-08,SKU-C2,Supplier C,North,Completed,,2026-08-12,2026-08-13
O100657,2026-08-08,SKU-A2,Supplier A,South,Cancelled,2026-08-09,2026-08-10,
O100658,2026-08-08,SKU-B2,Supplier B,West,Completed,,2026-08-12,2026-08-13
O100659,2026-08-08,SKU-C1,Supplier C,West,Completed,,2026-08-10,2026-08-10
O100660,2026-08-08,SKU-B1,Supplier B,East,Completed,,2026-08-10,2026-08-11
O100661,2026-08-08,SKU-A2,Supplier A,South,Cancelled,2026-08-11,2026-08-11,
O100662,2026-08-09,SKU-B2,Supplier B,East,Completed,,2026-08-12,2026-08-14
O100663,2026-08-09,SKU-C2,Supplier C,South,Completed,,2026-08-11,2026-08-12
O100664,2026-08-09,SKU-A1,Supplier A,South,Completed,,2026-08-12,2026-08-14
O100665,2026-08-09,SKU-B1,Supplier B,North,Completed,,2026-08-11,2026-08-13
O100666,2026-08-09,SKU-C2,Supplier C,West,Completed,,2026-08-12,2026-08-13
O100667,2026-08-09,SKU-B2,Supplier B,North,Completed,,2026-08-12,2026-08-13
O100668,2026-08-09,SKU-A1,Supplier A,South,Completed,,2026-08-12,2026-08-14
O100669,2026-08-09,SKU-B2,Supplier B,North,Completed,,2026-08-13,2026-08-14
O100670,2026-08-09,SKU-B2,Supplier B,South,Completed,,2026-08-13,2026-08-13
O100671,2026-08-09,SKU-A2,Supplier A,West,Cancelled,2026-08-12,2026-08-11,
O100672,2026-08-09,SKU-B2,Supplier B,West,Completed,,2026-08-12,2026-08-14
O100673,2026-08-09,SKU-C1,Supplier C,West,Completed,,2026-08-12,2026-08-12
O100674,2026-08-09,SKU-C1,Supplier C,North,Completed,,2026-08-13,2026-08-13
O100675,2026-08-09,SKU-B2,Supplier B,North,Completed,,2026-08-12,2026-08-12
O100676,2026-08-09,SKU-A1,Supplier A,West,Cancelled,2026-08-10,2026-08-11,
O100677,2026-08-09,SKU-C2,Supplier C,South,Completed,,2026-08-11,2026-08-13
O100678,2026-08-09,SKU-A1,Supplier A,East,Completed,,2026-08-13,2026-08-15
O100679,2026-08-09,SKU-B2,Supplier B,West,Completed,,2026-08-13,2026-08-15
O100680,2026-08-09,SKU-A1,Supplier A,West,Completed,,2026-08-11,2026-08-12
O100681,2026-08-09,SKU-A1,Supplier A,South,Completed,,2026-08-11,2026-08-11
O100682,2026-08-09,SKU-A1,Supplier A,North,Completed,,2026-08-13,2026-08-13
O100683,2026-08-09,SKU-C1,Supplier C,South,Completed,,2026-08-11,2026-08-11
O100684,2026-08-09,SKU-C1,Supplier C,East,Cancelled,2026-08-12,2026-08-11,
O100685,2026-08-09,SKU-A1,Supplier A,North,Completed,,2026-08-11,2026-08-12
O100686,2026-08-09,SKU-B1,Supplier B,North,Completed,,2026-08-13,2026-08-15
O100687,2026-08-09,SKU-A1,Supplier A,East,Completed,,2026-08-12,2026-08-12
O100688,2026-08-09,SKU-C1,Supplier C,South,Completed,,2026-08-13,2026-08-14
O100689,2026-08-09,SKU-B1,Supplier B,East,Completed,,2026-08-13,2026-08-15
O100690,2026-08-09,SKU-A2,Supplier A,West,Completed,,2026-08-11,2026-08-12
O100691,2026-08-09,SKU-A1,Supplier A,West,Completed,,2026-08-12,2026-08-14
O100692,2026-08-09,SKU-A2,Supplier A,East,Completed,,2026-08-13,2026-08-13
O100693,2026-08-09,SKU-A2,Supplier A,East,Cancelled,2026-08-11,2026-08-13,
O100694,2026-08-09,SKU-B2,Supplier B,East,Completed,,2026-08-13,2026-08-14
O100695,2026-08-09,SKU-C2,Supplier C,West,Cancelled,2026-08-11,2026-08-12,
O100696,2026-08-09,SKU-B1,Supplier B,West,Completed,,2026-08-12,2026-08-12
O100697,2026-08-09,SKU-B2,Supplier B,East,Completed,,2026-08-11,2026-08-13
O100698,2026-08-09,SKU-C2,Supplier C,West,Completed,,2026-08-13,2026-08-13
O100699,2026-08-09,SKU-C1,Supplier C,West,Completed,,2026-08-12,2026-08-14
O100700,2026-08-09,SKU-B2,Supplier B,South,Completed,,2026-08-13,2026-08-14
O100701,2026-08-09,SKU-C2,Supplier C,North,Completed,,2026-08-13,2026-08-14
O100702,2026-08-09,SKU-C2,Supplier C,North,Completed,,2026-08-11,2026-08-11
O100703,2026-08-09,SKU-A2,Supplier A,West,Completed,,2026-08-13,2026-08-14
O100704,2026-08-09,SKU-A2,Supplier A,South,Completed,,2026-08-13,2026-08-14
O100705,2026-08-09,SKU-B1,Supplier B,North,Completed,,2026-08-12,2026-08-13
O100706,2026-08-09,SKU-C2,Supplier C,West,Completed,,2026-08-11,2026-08-13
O100707,2026-08-09,SKU-B2,Supplier B,East,Completed,,2026-08-11,2026-08-12
O100708,2026-08-09,SKU-A1,Supplier A,West,Completed,,2026-08-12,2026-08-14
O100709,2026-08-09,SKU-B1,Supplier B,East,Completed,,2026-08-12,2026-08-13
O100710,2026-08-09,SKU-C2,Supplier C,North,Completed,,2026-08-11,2026-08-13
O100711,2026-08-09,SKU-A1,Supplier A,South,Completed,,2026-08-11,2026-08-11
O100712,2026-08-09,SKU-C2,Supplier C,North,Completed,,2026-08-13,2026-08-14
O100713,2026-08-09,SKU-B2,Supplier B,South,Completed,,2026-08-12,2026-08-12
O100714,2026-08-09,SKU-A1,Supplier A,North,Completed,,2026-08-12,2026-08-14
O100715,2026-08-09,SKU-B2,Supplier B,East,Completed,,2026-08-13,2026-08-15
O100716,2026-08-09,SKU-A1,Supplier A,South,Completed,,2026-08-12,2026-08-12
O100717,2026-08-09,SKU-A1,Supplier A,South,Completed,,2026-08-12,2026-08-12
O100718,2026-08-09,SKU-B1,Supplier B,West,Completed,,2026-08-13,2026-08-15
O100719,2026-08-09,SKU-A2,Supplier A,South,Completed,,2026-08-11,2026-08-11
O100720,2026-08-09,SKU-C2,Supplier C,North,Completed,,2026-08-13,2026-08-13
O100721,2026-08-09,SKU-A2,Supplier A,North,Completed,,2026-08-11,2026-08-11
O100722,2026-08-09,SKU-B1,Supplier B,South,Completed,,2026-08-11,2026-08-13
O100723,2026-08-09,SKU-B2,Supplier B,East,Completed,,2026-08-12,2026-08-12
O100724,2026-08-09,SKU-A2,Supplier A,West,Completed,,2026-08-11,2026-08-11
O100725,2026-08-09,SKU-A1,Supplier A,West,Completed,,2026-08-12,2026-08-13
O100726,2026-08-09,SKU-A2,Supplier A,East,Completed,,2026-08-11,2026-08-11
O100727,2026-08-09,SKU-C1,Supplier C,West,Completed,,2026-08-13,2026-08-14
O100728,2026-08-09,SKU-A2,Supplier A,North,Completed,,2026-08-11,2026-08-11
O100729,2026-08-09,SKU-B2,Supplier B,East,Completed,,2026-08-13,2026-08-13
O100730,2026-08-09,SKU-B2,Supplier B,North,Cancelled,2026-08-10,2026-08-13,
O100731,2026-08-09,SKU-B1,Supplier B,West,Completed,,2026-08-11,2026-08-13
O100732,2026-08-10,SKU-C1,Supplier C,South,Completed,,2026-08-13,2026-08-13
O100733,2026-08-10,SKU-C1,Supplier C,West,Cancelled,2026-08-13,2026-08-12,
O100734,2026-08-10,SKU-C2,Supplier C,South,Completed,,2026-08-13,2026-08-14
O100735,2026-08-10,SKU-A1,Supplier A,North,Completed,,2026-08-13,2026-08-15
O100736,2026-08-10,SKU-B2,Supplier B,North,Completed,,2026-08-13,2026-08-15
O100737,2026-08-10,SKU-C2,Supplier C,West,Completed,,2026-08-13,2026-08-15
O100738,2026-08-10,SKU-A1,Supplier A,North,Completed,,2026-08-12,2026-08-14
O100739,2026-08-10,SKU-B1,Supplier B,West,Completed,,2026-08-12,2026-08-13
O100740,2026-08-10,SKU-C2,Supplier C,South,Cancelled,2026-08-12,2026-08-13,
O100741,2026-08-10,SKU-C2,Supplier C,South,Completed,,2026-08-13,2026-08-13
O100742,2026-08-10,SKU-A1,Supplier A,South,Completed,,2026-08-12,2026-08-12
O100743,2026-08-10,SKU-C2,Supplier C,East,Cancelled,2026-08-12,2026-08-12,
O100744,2026-08-10,SKU-A2,Supplier A,East,Completed,,2026-08-14,2026-08-16
O100745,2026-08-10,SKU-C2,Supplier C,West,Completed,,2026-08-14,2026-08-15
O100746,2026-08-10,SKU-C1,Supplier C,West,Completed,,2026-08-14,2026-08-14
O100747,2026-08-10,SKU-B2,Supplier B,East,Completed,,2026-08-14,2026-08-16
O100748,2026-08-10,SKU-C1,Supplier C,West,Completed,,2026-08-14,2026-08-15
O100749,2026-08-10,SKU-C1,Supplier C,East,Completed,,2026-08-14,2026-08-15
O100750,2026-08-10,SKU-B2,Supplier B,West,Completed,,2026-08-12,2026-08-12
O100751,2026-08-10,SKU-A2,Supplier A,West,Completed,,2026-08-14,2026-08-15
O100752,2026-08-10,SKU-A2,Supplier A,North,Completed,,2026-08-14,2026-08-14
O100753,2026-08-10,SKU-A1,Supplier A,North,Completed,,2026-08-12,2026-08-14
O100754,2026-08-10,SKU-A2,Supplier A,West,Completed,,2026-08-12,2026-08-14
O100755,2026-08-10,SKU-B1,Supplier B,East,Completed,,2026-08-13,2026-08-14
O100756,2026-08-10,SKU-A2,Supplier A,North,Completed,,2026-08-14,2026-08-14
O100757,2026-08-10,SKU-C2,Supplier C,South,Completed,,2026-08-12,2026-08-14
O100758,2026-08-10,SKU-A1,Supplier A,West,Completed,,2026-08-13,2026-08-13
O100759,2026-08-10,SKU-B2,Supplier B,East,Completed,,2026-08-14,2026-08-15
O100760,2026-08-10,SKU-C1,Supplier C,South,Completed,,2026-08-14,2026-08-15
O100761,2026-08-10,SKU-C1,Supplier C,West,Completed,,2026-08-14,2026-08-15
O100762,2026-08-10,SKU-A1,Supplier A,South,Completed,,2026-08-14,2026-08-15
O100763,2026-08-10,SKU-B2,Supplier B,North,Completed,,2026-08-14,2026-08-16
O100764,2026-08-10,SKU-B1,Supplier B,North,Completed,,2026-08-12,2026-08-12
O100765,2026-08-10,SKU-A1,Supplier A,North,Completed,,2026-08-13,2026-08-14
O100766,2026-08-10,SKU-B2,Supplier B,East,Completed,,2026-08-13,2026-08-13
O100767,2026-08-10,SKU-A1,Supplier A,North,Completed,,2026-08-12,2026-08-12
O100768,2026-08-10,SKU-A1,Supplier A,South,Completed,,2026-08-13,2026-08-14
O100769,2026-08-10,SKU-C2,Supplier C,West,Completed,,2026-08-13,2026-08-15
O100770,2026-08-10,SKU-B2,Supplier B,East,Completed,,2026-08-13,2026-08-15
O100771,2026-08-10,SKU-B1,Supplier B,North,Completed,,2026-08-14,2026-08-15
O100772,2026-08-10,SKU-C1,Supplier C,North,Cancelled,2026-08-13,2026-08-13,
O100773,2026-08-10,SKU-C1,Supplier C,West,Completed,,2026-08-13,2026-08-14
O100774,2026-08-10,SKU-C1,Supplier C,South,Completed,,2026-08-12,2026-08-12
O100775,2026-08-10,SKU-C1,Supplier C,East,Cancelled,2026-08-12,2026-08-14,
O100776,2026-08-10,SKU-A2,Supplier A,North,Completed,,2026-08-13,2026-08-15
O100777,2026-08-10,SKU-B2,Supplier B,East,Completed,,2026-08-14,2026-08-14
O100778,2026-08-10,SKU-A2,Supplier A,East,Completed,,2026-08-12,2026-08-14
O100779,2026-08-10,SKU-B1,Supplier B,South,Completed,,2026-08-12,2026-08-12
O100780,2026-08-10,SKU-B1,Supplier B,South,Completed,,2026-08-12,2026-08-14
O100781,2026-08-10,SKU-A1,Supplier A,North,Completed,,2026-08-13,2026-08-14
O100782,2026-08-10,SKU-A2,Supplier A,North,Completed,,2026-08-12,2026-08-14
O100783,2026-08-10,SKU-B1,Supplier B,West,Completed,,2026-08-12,2026-08-14
O100784,2026-08-10,SKU-A1,Supplier A,East,Cancelled,2026-08-13,2026-08-13,
O100785,2026-08-10,SKU-B2,Supplier B,West,Completed,,2026-08-14,2026-08-15
O100786,2026-08-10,SKU-A2,Supplier A,North,Completed,,2026-08-12,2026-08-14
O100787,2026-08-10,SKU-B1,Supplier B,South,Completed,,2026-08-14,2026-08-15
O100788,2026-08-10,SKU-C1,Supplier C,East,Completed,,2026-08-14,2026-08-15
O100789,2026-08-10,SKU-A1,Supplier A,South,Completed,,2026-08-13,2026-08-13
O100790,2026-08-10,SKU-C1,Supplier C,West,Completed,,2026-08-12,2026-08-13
O100791,2026-08-10,SKU-B2,Supplier B,East,Completed,,2026-08-13,2026-08-15
O100792,2026-08-10,SKU-C1,Supplier C,West,Completed,,2026-08-12,2026-08-13
O100793,2026-08-10,SKU-A2,Supplier A,South,Completed,,2026-08-12,2026-08-12
O100794,2026-08-10,SKU-C2,Supplier C,East,Completed,,2026-08-14,2026-08-15
O100795,2026-08-10,SKU-C2,Supplier C,West,Completed,,2026-08-12,2026-08-14
O100796,2026-08-10,SKU-A2,Supplier A,East,Completed,,2026-08-14,2026-08-16
O100797,2026-08-10,SKU-A1,Supplier A,West,Completed,,2026-08-14,2026-08-15
O100798,2026-08-10,SKU-C1,Supplier C,North,Completed,,2026-08-12,2026-08-12
O100799,2026-08-10,SKU-A2,Supplier A,East,Completed,,2026-08-14,2026-08-14
O100800,2026-08-10,SKU-C2,Supplier C,North,Completed,,2026-08-12,2026-08-13
O100801,2026-08-10,SKU-A2,Supplier A,West,Completed,,2026-08-14,2026-08-14
O100802,2026-08-10,SKU-C2,Supplier C,South,Completed,,2026-08-13,2026-08-15
O100803,2026-08-10,SKU-C1,Supplier C,East,Cancelled,2026-08-11,2026-08-12,
O100804,2026-08-10,SKU-A1,Supplier A,East,Completed,,2026-08-14,2026-08-15
O100805,2026-08-10,SKU-B1,Supplier B,South,Completed,,2026-08-12,2026-08-13
O100806,2026-08-10,SKU-B2,Supplier B,West,Completed,,2026-08-14,2026-08-15
O100807,2026-08-10,SKU-B2,Supplier B,North,Completed,,2026-08-14,2026-08-14
O100808,2026-08-11,SKU-B1,Supplier B,West,Completed,,2026-08-14,2026-08-15
O100809,2026-08-11,SKU-B1,Supplier B,North,Completed,,2026-08-13,2026-08-13
O100810,2026-08-11,SKU-A1,Supplier A,North,Completed,,2026-08-14,2026-08-15
O100811,2026-08-11,SKU-C2,Supplier C,East,Completed,,2026-08-14,2026-08-16
O100812,2026-08-11,SKU-A2,Supplier A,North,Completed,,2026-08-13,2026-08-15
O100813,2026-08-11,SKU-B1,Supplier B,North,Completed,,2026-08-13,2026-08-13
O100814,2026-08-11,SKU-B1,Supplier B,South,Completed,,2026-08-13,2026-08-14
O100815,2026-08-11,SKU-A2,Supplier A,West,Completed,,2026-08-13,2026-08-13
O100816,2026-08-11,SKU-B2,Supplier B,West,Completed,,2026-08-13,2026-08-14
O100817,2026-08-11,SKU-A1,Supplier A,South,Completed,,2026-08-14,2026-08-16
O100818,2026-08-11,SKU-B1,Supplier B,South,Completed,,2026-08-15,2026-08-17
O100819,2026-08-11,SKU-A2,Supplier A,South,Completed,,2026-08-15,2026-08-15
O100820,2026-08-11,SKU-C2,Supplier C,East,Completed,,2026-08-14,2026-08-15
O100821,2026-08-11,SKU-C2,Supplier C,North,Completed,,2026-08-14,2026-08-14
O100822,2026-08-11,SKU-B2,Supplier B,North,Completed,,2026-08-14,2026-08-16
O100823,2026-08-11,SKU-C2,Supplier C,North,Completed,,2026-08-15,2026-08-16
O100824,2026-08-11,SKU-C1,Supplier C,East,Completed,,2026-08-15,2026-08-16
O100825,2026-08-11,SKU-A2,Supplier A,South,Completed,,2026-08-13,2026-08-13
O100826,2026-08-11,SKU-C1,Supplier C,North,Completed,,2026-08-15,2026-08-16
O100827,2026-08-11,SKU-B1,Supplier B,South,Completed,,2026-08-15,2026-08-15
O100828,2026-08-11,SKU-C2,Supplier C,South,Completed,,2026-08-15,2026-08-17
O100829,2026-08-11,SKU-C1,Supplier C,South,Completed,,2026-08-14,2026-08-14
O100830,2026-08-11,SKU-C1,Supplier C,East,Completed,,2026-08-15,2026-08-17
O100831,2026-08-11,SKU-A2,Supplier A,South,Completed,,2026-08-14,2026-08-16
O100832,2026-08-11,SKU-A2,Supplier A,West,Completed,,2026-08-14,2026-08-15
O100833,2026-08-11,SKU-B2,Supplier B,West,Completed,,2026-08-14,2026-08-15
O100834,2026-08-11,SKU-A2,Supplier A,North,Completed,,2026-08-13,2026-08-15
O100835,2026-08-11,SKU-C2,Supplier C,North,Cancelled,2026-08-12,2026-08-14,
O100836,2026-08-11,SKU-B1,Supplier B,North,Completed,,2026-08-13,2026-08-13
O100837,2026-08-11,SKU-A1,Supplier A,East,Completed,,2026-08-14,2026-08-16
O100838,2026-08-11,SKU-B2,Supplier B,East,Completed,,2026-08-14,2026-08-14
O100839,2026-08-11,SKU-C1,Supplier C,North,Completed,,2026-08-13,2026-08-15
O100840,2026-08-11,SKU-B1,Supplier B,East,Completed,,2026-08-14,2026-08-16
O100841,2026-08-11,SKU-B2,Supplier B,East,Completed,,2026-08-13,2026-08-13
O100842,2026-08-11,SKU-B1,Supplier B,West,Completed,,2026-08-14,2026-08-15
O100843,2026-08-11,SKU-B2,Supplier B,West,Completed,,2026-08-14,2026-08-15
O100844,2026-08-11,SKU-B2,Supplier B,North,Completed,,2026-08-15,2026-08-16
O100845,2026-08-11,SKU-B2,Supplier B,West,Completed,,2026-08-15,2026-08-16
O100846,2026-08-11,SKU-A1,Supplier A,East,Completed,,2026-08-14,2026-08-14
O100847,2026-08-11,SKU-A1,Supplier A,West,Completed,,2026-08-13,2026-08-15
O100848,2026-08-11,SKU-A1,Supplier A,East,Cancelled,2026-08-13,2026-08-13,
O100849,2026-08-11,SKU-C2,Supplier C,North,Completed,,2026-08-13,2026-08-14
O100850,2026-08-11,SKU-C1,Supplier C,East,Cancelled,2026-08-12,2026-08-14,
O100851,2026-08-11,SKU-A1,Supplier A,East,Completed,,2026-08-13,2026-08-13
O100852,2026-08-11,SKU-B1,Supplier B,North,Cancelled,2026-08-13,2026-08-13,
O100853,2026-08-11,SKU-A2,Supplier A,East,Completed,,2026-08-13,2026-08-13
O100854,2026-08-11,SKU-A1,Supplier A,East,Completed,,2026-08-14,2026-08-16
O100855,2026-08-11,SKU-C1,Supplier C,West,Completed,,2026-08-15,2026-08-15
O100856,2026-08-11,SKU-B1,Supplier B,South,Completed,,2026-08-15,2026-08-17
O100857,2026-08-11,SKU-C2,Supplier C,North,Cancelled,2026-08-12,2026-08-15,
O100858,2026-08-11,SKU-A1,Supplier A,West,Completed,,2026-08-13,2026-08-15
O100859,2026-08-11,SKU-A1,Supplier A,East,Completed,,2026-08-13,2026-08-15
O100860,2026-08-11,SKU-A2,Supplier A,West,Completed,,2026-08-13,2026-08-13
O100861,2026-08-11,SKU-C1,Supplier C,North,Cancelled,2026-08-13,2026-08-13,
O100862,2026-08-11,SKU-A1,Supplier A,South,Completed,,2026-08-14,2026-08-15
O100863,2026-08-11,SKU-A1,Supplier A,East,Cancelled,2026-08-12,2026-08-13,
O100864,2026-08-11,SKU-B2,Supplier B,West,Completed,,2026-08-15,2026-08-15
O100865,2026-08-11,SKU-B1,Supplier B,South,Completed,,2026-08-15,2026-08-15
O100866,2026-08-11,SKU-B1,Supplier B,West,Cancelled,2026-08-13,2026-08-14,
O100867,2026-08-11,SKU-B1,Supplier B,East,Completed,,2026-08-15,2026-08-15
O100868,2026-08-11,SKU-B1,Supplier B,East,Completed,,2026-08-15,2026-08-16
O100869,2026-08-11,SKU-C2,Supplier C,West,Completed,,2026-08-13,2026-08-13
O100870,2026-08-11,SKU-B1,Supplier B,North,Completed,,2026-08-13,2026-08-13
O100871,2026-08-11,SKU-C2,Supplier C,West,Completed,,2026-08-13,2026-08-14
O100872,2026-08-11,SKU-C2,Supplier C,East,Completed,,2026-08-15,2026-08-16
O100873,2026-08-11,SKU-A2,Supplier A,West,Completed,,2026-08-15,2026-08-15
O100874,2026-08-11,SKU-B1,Supplier B,East,Completed,,2026-08-15,2026-08-16
O100875,2026-08-11,SKU-C2,Supplier C,North,Completed,,2026-08-15,2026-08-15
O100876,2026-08-11,SKU-A2,Supplier A,East,Completed,,2026-08-14,2026-08-16
O100877,2026-08-11,SKU-A2,Supplier A,West,Completed,,2026-08-13,2026-08-13
O100878,2026-08-11,SKU-B2,Supplier B,North,Completed,,2026-08-15,2026-08-17
O100879,2026-08-11,SKU-C2,Supplier C,East,Completed,,2026-08-15,2026-08-15
O100880,2026-08-11,SKU-A1,Supplier A,North,Completed,,2026-08-13,2026-08-14
O100881,2026-08-11,SKU-C1,Supplier C,North,Completed,,2026-08-14,2026-08-16
O100882,2026-08-11,SKU-B2,Supplier B,West,Completed,,2026-08-14,2026-08-14
O100883,2026-08-11,SKU-C2,Supplier C,East,Completed,,2026-08-13,2026-08-14
O100884,2026-08-11,SKU-B2,Supplier B,West,Completed,,2026-08-15,2026-08-15
O100885,2026-08-11,SKU-B2,Supplier B,North,Completed,,2026-08-13,2026-08-13
O100886,2026-08-11,SKU-A1,Supplier A,South,Completed,,2026-08-15,2026-08-15
O100887,2026-08-11,SKU-C2,Supplier C,East,Completed,,2026-08-15,2026-08-15
O100888,2026-08-11,SKU-B2,Supplier B,West,Completed,,2026-08-13,2026-08-13
O100889,2026-08-11,SKU-A1,Supplier A,South,Completed,,2026-08-15,2026-08-17
O100890,2026-08-11,SKU-A1,Supplier A,South,Completed,,2026-08-13,2026-08-13
O100891,2026-08-11,SKU-C2,Supplier C,South,Cancelled,2026-08-13,2026-08-13,
O100892,2026-08-12,SKU-B2,Supplier B,North,Completed,,2026-08-14,2026-08-15
O100893,2026-08-12,SKU-C2,Supplier C,South,Completed,,2026-08-16,2026-08-17
O100894,2026-08-12,SKU-C1,Supplier C,West,Completed,,2026-08-14,2026-08-15
O100895,2026-08-12,SKU-A1,Supplier A,North,Completed,,2026-08-16,2026-08-17
O100896,2026-08-12,SKU-A2,Supplier A,East,Completed,,2026-08-16,2026-08-18
O100897,2026-08-12,SKU-B2,Supplier B,West,Completed,,2026-08-16,2026-08-17
O100898,2026-08-12,SKU-A1,Supplier A,West,Completed,,2026-08-15,2026-08-17
O100899,2026-08-12,SKU-B1,Supplier B,West,Completed,,2026-08-14,2026-08-14
O100900,2026-08-12,SKU-A1,Supplier A,North,Completed,,2026-08-14,2026-08-16
O100901,2026-08-12,SKU-A2,Supplier A,North,Completed,,2026-08-14,2026-08-16
O100902,2026-08-12,SKU-A2,Supplier A,North,Completed,,2026-08-15,2026-08-16
O100903,2026-08-12,SKU-C2,Supplier C,East,Completed,,2026-08-14,2026-08-14
O100904,2026-08-12,SKU-B2,Supplier B,North,Completed,,2026-08-16,2026-08-16
O100905,2026-08-12,SKU-B2,Supplier B,East,Completed,,2026-08-15,2026-08-16
O100906,2026-08-12,SKU-C1,Supplier C,West,Completed,,2026-08-16,2026-08-18
O100907,2026-08-12,SKU-C1,Supplier C,East,Completed,,2026-08-14,2026-08-16
O100908,2026-08-12,SKU-B2,Supplier B,South,Completed,,2026-08-15,2026-08-17
O100909,2026-08-12,SKU-A1,Supplier A,East,Completed,,2026-08-14,2026-08-14
O100910,2026-08-12,SKU-A1,Supplier A,West,Completed,,2026-08-16,2026-08-18
O100911,2026-08-12,SKU-A1,Supplier A,East,Completed,,2026-08-15,2026-08-16
O100912,2026-08-12,SKU-A2,Supplier A,North,Completed,,2026-08-14,2026-08-14
O100913,2026-08-12,SKU-B1,Supplier B,East,Completed,,2026-08-14,2026-08-14
O100914,2026-08-12,SKU-A1,Supplier A,West,Completed,,2026-08-16,2026-08-16
O100915,2026-08-12,SKU-B1,Supplier B,North,Completed,,2026-08-15,2026-08-16
O100916,2026-08-12,SKU-A2,Supplier A,South,Cancelled,2026-08-13,2026-08-14,
O100917,2026-08-12,SKU-C2,Supplier C,South,Completed,,2026-08-15,2026-08-16
O100918,2026-08-12,SKU-C1,Supplier C,North,Completed,,2026-08-15,2026-08-17
O100919,2026-08-12,SKU-C2,Supplier C,East,Completed,,2026-08-14,2026-08-15
O100920,2026-08-12,SKU-C1,Supplier C,East,Cancelled,2026-08-15,2026-08-16,
O100921,2026-08-12,SKU-B1,Supplier B,East,Completed,,2026-08-14,2026-08-15
O100922,2026-08-12,SKU-A1,Supplier A,West,Completed,,2026-08-16,2026-08-16
O100923,2026-08-12,SKU-C2,Supplier C,North,Cancelled,2026-08-14,2026-08-15,
O100924,2026-08-12,SKU-B2,Supplier B,West,Completed,,2026-08-15,2026-08-16
O100925,2026-08-12,SKU-C2,Supplier C,West,Completed,,2026-08-15,2026-08-17
O100926,2026-08-12,SKU-A2,Supplier A,West,Completed,,2026-08-16,2026-08-16
O100927,2026-08-12,SKU-C2,Supplier C,East,Completed,,2026-08-14,2026-08-16
O100928,2026-08-12,SKU-A1,Supplier A,South,Completed,,2026-08-16,2026-08-17
O100929,2026-08-12,SKU-A2,Supplier A,West,Completed,,2026-08-15,2026-08-15
O100930,2026-08-12,SKU-C1,Supplier C,East,Completed,,2026-08-14,2026-08-14
O100931,2026-08-12,SKU-C1,Supplier C,South,Completed,,2026-08-15,2026-08-17
O100932,2026-08-12,SKU-C1,Supplier C,East,Completed,,2026-08-16,2026-08-18
O100933,2026-08-12,SKU-B2,Supplier B,North,Completed,,2026-08-15,2026-08-16
O100934,2026-08-12,SKU-B2,Supplier B,West,Completed,,2026-08-16,2026-08-16
O100935,2026-08-12,SKU-C2,Supplier C,West,Completed,,2026-08-15,2026-08-17
O100936,2026-08-12,SKU-A1,Supplier A,East,Completed,,2026-08-16,2026-08-16
O100937,2026-08-12,SKU-C1,Supplier C,West,Completed,,2026-08-15,2026-08-16
O100938,2026-08-12,SKU-B2,Supplier B,East,Completed,,2026-08-14,2026-08-15
O100939,2026-08-12,SKU-C1,Supplier C,North,Completed,,2026-08-16,2026-08-16
O100940,2026-08-12,SKU-B1,Supplier B,West,Completed,,2026-08-14,2026-08-15
O100941,2026-08-12,SKU-C1,Supplier C,West,Completed,,2026-08-14,2026-08-16
O100942,2026-08-12,SKU-A2,Supplier A,North,Completed,,2026-08-14,2026-08-14
O100943,2026-08-12,SKU-B1,Supplier B,South,Completed,,2026-08-16,2026-08-18
O100944,2026-08-12,SKU-B1,Supplier B,North,Completed,,2026-08-15,2026-08-17
O100945,2026-08-12,SKU-A1,Supplier A,South,Completed,,2026-08-14,2026-08-14
O100946,2026-08-12,SKU-C2,Supplier C,West,Cancelled,2026-08-15,2026-08-15,
O100947,2026-08-12,SKU-B2,Supplier B,East,Completed,,2026-08-15,2026-08-17
O100948,2026-08-12,SKU-A2,Supplier A,West,Completed,,2026-08-14,2026-08-15
O100949,2026-08-12,SKU-A1,Supplier A,East,Completed,,2026-08-16,2026-08-18
O100950,2026-08-12,SKU-C2,Supplier C,East,Completed,,2026-08-16,2026-08-17
O100951,2026-08-12,SKU-C2,Supplier C,North,Completed,,2026-08-16,2026-08-18
O100952,2026-08-12,SKU-B1,Supplier B,North,Completed,,2026-08-14,2026-08-14
O100953,2026-08-12,SKU-C2,Supplier C,North,Completed,,2026-08-14,2026-08-14
O100954,2026-08-12,SKU-B1,Supplier B,South,Completed,,2026-08-16,2026-08-17
O100955,2026-08-12,SKU-B2,Supplier B,East,Completed,,2026-08-14,2026-08-16
O100956,2026-08-12,SKU-A2,Supplier A,North,Completed,,2026-08-16,2026-08-17
O100957,2026-08-12,SKU-A2,Supplier A,East,Completed,,2026-08-15,2026-08-16
O100958,2026-08-12,SKU-A2,Supplier A,South,Completed,,2026-08-15,2026-08-16
O100959,2026-08-12,SKU-B2,Supplier B,East,Completed,,2026-08-16,2026-08-18
O100960,2026-08-12,SKU-C2,Supplier C,East,Completed,,2026-08-15,2026-08-17
O100961,2026-08-12,SKU-A2,Supplier A,North,Completed,,2026-08-14,2026-08-14
O100962,2026-08-12,SKU-B1,Supplier B,East,Completed,,2026-08-14,2026-08-16
O100963,2026-08-12,SKU-A1,Supplier A,North,Completed,,2026-08-16,2026-08-18
O100964,2026-08-12,SKU-A2,Supplier A,North,Completed,,2026-08-14,2026-08-15
O100965,2026-08-12,SKU-A1,Supplier A,East,Completed,,2026-08-16,2026-08-16
O100966,2026-08-12,SKU-A2,Supplier A,West,Completed,,2026-08-15,2026-08-16
O100967,2026-08-12,SKU-C1,Supplier C,East,Completed,,2026-08-14,2026-08-16
O100968,2026-08-12,SKU-C2,Supplier C,North,Completed,,2026-08-14,2026-08-15
O100969,2026-08-12,SKU-A1,Supplier A,West,Completed,,2026-08-16,2026-08-16
O100970,2026-08-12,SKU-A1,Supplier A,North,Completed,,2026-08-15,2026-08-17
O100971,2026-08-12,SKU-B1,Supplier B,East,Completed,,2026-08-14,2026-08-15
O100972,2026-08-12,SKU-A2,Supplier A,West,Completed,,2026-08-14,2026-08-16
O100973,2026-08-12,SKU-A1,Supplier A,South,Cancelled,2026-08-15,2026-08-14,
O100974,2026-08-12,SKU-C2,Supplier C,North,Completed,,2026-08-14,2026-08-15
O100975,2026-08-12,SKU-C2,Supplier C,North,Completed,,2026-08-15,2026-08-16
O100976,2026-08-13,SKU-B1,Supplier B,South,Completed,,2026-08-16,2026-08-17
O100977,2026-08-13,SKU-A2,Supplier A,East,Completed,,2026-08-16,2026-08-18
O100978,2026-08-13,SKU-C1,Supplier C,South,Completed,,2026-08-15,2026-08-15
O100979,2026-08-13,SKU-C1,Supplier C,North,Completed,,2026-08-16,2026-08-16
O100980,2026-08-13,SKU-B1,Supplier B,West,Completed,,2026-08-15,2026-08-16
O100981,2026-08-13,SKU-B1,Supplier B,East,Completed,,2026-08-17,2026-08-18
O100982,2026-08-13,SKU-A1,Supplier A,East,Completed,,2026-08-16,2026-08-17
O100983,2026-08-13,SKU-C1,Supplier C,South,Completed,,2026-08-17,2026-08-17
O100984,2026-08-13,SKU-C1,Supplier C,West,Completed,,2026-08-15,2026-08-16
O100985,2026-08-13,SKU-A1,Supplier A,South,Completed,,2026-08-15,2026-08-16
O100986,2026-08-13,SKU-C2,Supplier C,West,Completed,,2026-08-17,2026-08-19
O100987,2026-08-13,SKU-B1,Supplier B,North,Completed,,2026-08-16,2026-08-16
O100988,2026-08-13,SKU-B1,Supplier B,West,Completed,,2026-08-16,2026-08-16
O100989,2026-08-13,SKU-B2,Supplier B,South,Completed,,2026-08-16,2026-08-18
O100990,2026-08-13,SKU-C2,Supplier C,North,Completed,,2026-08-15,2026-08-16
O100991,2026-08-13,SKU-C1,Supplier C,West,Completed,,2026-08-16,2026-08-17
O100992,2026-08-13,SKU-B1,Supplier B,North,Completed,,2026-08-15,2026-08-16
O100993,2026-08-13,SKU-B1,Supplier B,West,Completed,,2026-08-15,2026-08-16
O100994,2026-08-13,SKU-B2,Supplier B,East,Completed,,2026-08-17,2026-08-17
O100995,2026-08-13,SKU-A1,Supplier A,East,Completed,,2026-08-16,2026-08-16
O100996,2026-08-13,SKU-C2,Supplier C,North,Cancelled,2026-08-15,2026-08-16,
O100997,2026-08-13,SKU-A1,Supplier A,East,Completed,,2026-08-17,2026-08-17
O100998,2026-08-13,SKU-B2,Supplier B,West,Completed,,2026-08-17,2026-08-19
O100999,2026-08-13,SKU-C1,Supplier C,North,Completed,,2026-08-17,2026-08-19
O101000,2026-08-13,SKU-A1,Supplier A,West,Completed,,2026-08-17,2026-08-17
O101001,2026-08-13,SKU-A2,Supplier A,South,Completed,,2026-08-16,2026-08-17
O101002,2026-08-13,SKU-C1,Supplier C,North,Cancelled,2026-08-15,2026-08-15,
O101003,2026-08-13,SKU-C1,Supplier C,East,Completed,,2026-08-16,2026-08-17
O101004,2026-08-13,SKU-A2,Supplier A,East,Completed,,2026-08-16,2026-08-18
O101005,2026-08-13,SKU-A1,Supplier A,North,Completed,,2026-08-17,2026-08-18
O101006,2026-08-13,SKU-C2,Supplier C,East,Completed,,2026-08-16,2026-08-16
O101007,2026-08-13,SKU-B1,Supplier B,East,Completed,,2026-08-15,2026-08-16
O101008,2026-08-13,SKU-C2,Supplier C,South,Completed,,2026-08-17,2026-08-19
O101009,2026-08-13,SKU-A1,Supplier A,South,Completed,,2026-08-16,2026-08-18
O101010,2026-08-13,SKU-C1,Supplier C,West,Cancelled,2026-08-16,2026-08-16,
O101011,2026-08-13,SKU-A1,Supplier A,East,Completed,,2026-08-15,2026-08-15
O101012,2026-08-13,SKU-B1,Supplier B,East,Completed,,2026-08-15,2026-08-16
O101013,2026-08-13,SKU-A1,Supplier A,North,Completed,,2026-08-15,2026-08-15
O101014,2026-08-13,SKU-C1,Supplier C,West,Completed,,2026-08-15,2026-08-16
O101015,2026-08-13,SKU-B1,Supplier B,East,Completed,,2026-08-15,2026-08-17
O101016,2026-08-13,SKU-B2,Supplier B,South,Completed,,2026-08-15,2026-08-17
O101017,2026-08-13,SKU-B2,Supplier B,East,Completed,,2026-08-15,2026-08-15
O101018,2026-08-13,SKU-B1,Supplier B,South,Completed,,2026-08-16,2026-08-17
O101019,2026-08-13,SKU-C1,Supplier C,East,Completed,,2026-08-16,2026-08-18
O101020,2026-08-13,SKU-A2,Supplier A,South,Completed,,2026-08-16,2026-08-17
O101021,2026-08-13,SKU-A1,Supplier A,West,Completed,,2026-08-16,2026-08-18
O101022,2026-08-13,SKU-C2,Supplier C,West,Completed,,2026-08-15,2026-08-17
O101023,2026-08-13,SKU-B1,Supplier B,South,Completed,,2026-08-15,2026-08-16
O101024,2026-08-13,SKU-B1,Supplier B,East,Completed,,2026-08-17,2026-08-17
O101025,2026-08-13,SKU-A2,Supplier A,East,Completed,,2026-08-17,2026-08-19
O101026,2026-08-13,SKU-B1,Supplier B,West,Completed,,2026-08-15,2026-08-15
O101027,2026-08-13,SKU-C1,Supplier C,South,Completed,,2026-08-17,2026-08-17
O101028,2026-08-13,SKU-C1,Supplier C,West,Completed,,2026-08-15,2026-08-15
O101029,2026-08-13,SKU-B1,Supplier B,West,Completed,,2026-08-15,2026-08-16
O101030,2026-08-13,SKU-C1,Supplier C,East,Completed,,2026-08-17,2026-08-19
O101031,2026-08-13,SKU-B1,Supplier B,East,Completed,,2026-08-15,2026-08-16
O101032,2026-08-13,SKU-B1,Supplier B,West,Completed,,2026-08-15,2026-08-15
O101033,2026-08-13,SKU-C1,Supplier C,East,Completed,,2026-08-17,2026-08-18
O101034,2026-08-13,SKU-C1,Supplier C,South,Completed,,2026-08-16,2026-08-18
O101035,2026-08-13,SKU-B1,Supplier B,West,Completed,,2026-08-16,2026-08-17
O101036,2026-08-13,SKU-C2,Supplier C,North,Completed,,2026-08-16,2026-08-18
O101037,2026-08-13,SKU-B2,Supplier B,North,Completed,,2026-08-16,2026-08-18
O101038,2026-08-13,SKU-B2,Supplier B,East,Completed,,2026-08-15,2026-08-16
O101039,2026-08-13,SKU-A2,Supplier A,East,Completed,,2026-08-15,2026-08-16
O101040,2026-08-13,SKU-C2,Supplier C,North,Completed,,2026-08-16,2026-08-16
O101041,2026-08-13,SKU-A1,Supplier A,North,Completed,,2026-08-16,2026-08-16
O101042,2026-08-13,SKU-A2,Supplier A,North,Completed,,2026-08-16,2026-08-17
O101043,2026-08-13,SKU-A1,Supplier A,East,Cancelled,2026-08-14,2026-08-16,
O101044,2026-08-13,SKU-A1,Supplier A,South,Completed,,2026-08-17,2026-08-19
O101045,2026-08-13,SKU-A1,Supplier A,West,Completed,,2026-08-16,2026-08-16
O101046,2026-08-13,SKU-A2,Supplier A,South,Completed,,2026-08-16,2026-08-17
O101047,2026-08-13,SKU-A2,Supplier A,West,Completed,,2026-08-16,2026-08-16
O101048,2026-08-13,SKU-A2,Supplier A,East,Completed,,2026-08-16,2026-08-17
O101049,2026-08-13,SKU-C2,Supplier C,North,Completed,,2026-08-17,2026-08-18
O101050,2026-08-13,SKU-B1,Supplier B,North,Completed,,2026-08-15,2026-08-17
O101051,2026-08-13,SKU-C2,Supplier C,North,Completed,,2026-08-16,2026-08-18
O101052,2026-08-13,SKU-C2,Supplier C,East,Completed,,2026-08-15,2026-08-15
O101053,2026-08-13,SKU-A1,Supplier A,North,Completed,,2026-08-17,2026-08-17
O101054,2026-08-13,SKU-C2,Supplier C,East,Completed,,2026-08-16,2026-08-17
O101055,2026-08-13,SKU-B2,Supplier B,West,Completed,,2026-08-16,2026-08-18
O101056,2026-08-13,SKU-A2,Supplier A,East,Completed,,2026-08-17,2026-08-18
O101057,2026-08-13,SKU-C1,Supplier C,East,Cancelled,2026-08-16,2026-08-15,
O101058,2026-08-13,SKU-C2,Supplier C,North,Completed,,2026-08-15,2026-08-17
O101059,2026-08-13,SKU-A2,Supplier A,West,Completed,,2026-08-17,2026-08-17
O101060,2026-08-13,SKU-A1,Supplier A,East,Completed,,2026-08-16,2026-08-16
O101061,2026-08-14,SKU-C1,Supplier C,West,Completed,,2026-08-17,2026-08-19
O101062,2026-08-14,SKU-C2,Supplier C,South,Completed,,2026-08-18,2026-08-18
O101063,2026-08-14,SKU-B2,Supplier B,South,Completed,,2026-08-18,2026-08-19
O101064,2026-08-14,SKU-B2,Supplier B,North,Completed,,2026-08-18,2026-08-18
O101065,2026-08-14,SKU-B1,Supplier B,North,Completed,,2026-08-16,2026-08-17
O101066,2026-08-14,SKU-A1,Supplier A,South,Completed,,2026-08-16,2026-08-17
O101067,2026-08-14,SKU-B1,Supplier B,South,Completed,,2026-08-18,2026-08-19
O101068,2026-08-14,SKU-B2,Supplier B,North,Completed,,2026-08-17,2026-08-17
O101069,2026-08-14,SKU-C2,Supplier C,East,Completed,,2026-08-17,2026-08-18
O101070,2026-08-14,SKU-B1,Supplier B,North,Completed,,2026-08-16,2026-08-17
O101071,2026-08-14,SKU-C2,Supplier C,South,Completed,,2026-08-18,2026-08-18
O101072,2026-08-14,SKU-A1,Supplier A,West,Completed,,2026-08-17,2026-08-18
O101073,2026-08-14,SKU-A1,Supplier A,East,Completed,,2026-08-18,2026-08-19
O101074,2026-08-14,SKU-C2,Supplier C,West,Completed,,2026-08-18,2026-08-18
O101075,2026-08-14,SKU-C2,Supplier C,East,Completed,,2026-08-16,2026-08-17
O101076,2026-08-14,SKU-C1,Supplier C,South,Completed,,2026-08-18,2026-08-20
O101077,2026-08-14,SKU-B1,Supplier B,East,Completed,,2026-08-17,2026-08-19
O101078,2026-08-14,SKU-A1,Supplier A,West,Completed,,2026-08-18,2026-08-20
O101079,2026-08-14,SKU-B1,Supplier B,East,Completed,,2026-08-17,2026-08-17
O101080,2026-08-14,SKU-A2,Supplier A,East,Completed,,2026-08-17,2026-08-17
O101081,2026-08-14,SKU-A1,Supplier A,North,Completed,,2026-08-17,2026-08-19
O101082,2026-08-14,SKU-C2,Supplier C,North,Completed,,2026-08-16,2026-08-17
O101083,2026-08-14,SKU-C2,Supplier C,East,Cancelled,2026-08-17,2026-08-16,
O101084,2026-08-14,SKU-A2,Supplier A,East,Completed,,2026-08-16,2026-08-16
O101085,2026-08-14,SKU-A2,Supplier A,North,Completed,,2026-08-18,2026-08-19
O101086,2026-08-14,SKU-C2,Supplier C,North,Completed,,2026-08-17,2026-08-19
O101087,2026-08-14,SKU-B1,Supplier B,North,Cancelled,2026-08-15,2026-08-16,
O101088,2026-08-14,SKU-C2,Supplier C,West,Completed,,2026-08-17,2026-08-17
O101089,2026-08-14,SKU-B2,Supplier B,East,Completed,,2026-08-17,2026-08-18
O101090,2026-08-14,SKU-A2,Supplier A,North,Completed,,2026-08-17,2026-08-19
O101091,2026-08-14,SKU-C1,Supplier C,West,Cancelled,2026-08-17,2026-08-18,
O101092,2026-08-14,SKU-B2,Supplier B,South,Cancelled,2026-08-16,2026-08-16,
O101093,2026-08-14,SKU-C1,Supplier C,East,Completed,,2026-08-18,2026-08-18
O101094,2026-08-14,SKU-A1,Supplier A,West,Completed,,2026-08-18,2026-08-19
O101095,2026-08-14,SKU-C1,Supplier C,West,Completed,,2026-08-18,2026-08-18
O101096,2026-08-14,SKU-C2,Supplier C,North,Completed,,2026-08-17,2026-08-17
O101097,2026-08-14,SKU-C2,Supplier C,North,Completed,,2026-08-16,2026-08-16
O101098,2026-08-14,SKU-C2,Supplier C,South,Completed,,2026-08-16,2026-08-18
O101099,2026-08-14,SKU-A2,Supplier A,South,Completed,,2026-08-16,2026-08-17
O101100,2026-08-14,SKU-B1,Supplier B,South,Completed,,2026-08-17,2026-08-17
O101101,2026-08-14,SKU-C2,Supplier C,North,Completed,,2026-08-17,2026-08-18
O101102,2026-08-14,SKU-C2,Supplier C,North,Cancelled,2026-08-15,2026-08-17,
O101103,2026-08-14,SKU-A2,Supplier A,South,Completed,,2026-08-17,2026-08-18
O101104,2026-08-14,SKU-B2,Supplier B,South,Completed,,2026-08-16,2026-08-17
O101105,2026-08-14,SKU-B2,Supplier B,West,Completed,,2026-08-16,2026-08-18
O101106,2026-08-14,SKU-A2,Supplier A,West,Completed,,2026-08-17,2026-08-18
O101107,2026-08-14,SKU-A2,Supplier A,East,Completed,,2026-08-18,2026-08-19
O101108,2026-08-14,SKU-A1,Supplier A,North,Completed,,2026-08-18,2026-08-19
O101109,2026-08-14,SKU-C2,Supplier C,South,Completed,,2026-08-17,2026-08-18
O101110,2026-08-14,SKU-A2,Supplier A,South,Completed,,2026-08-17,2026-08-19
O101111,2026-08-14,SKU-C2,Supplier C,South,Completed,,2026-08-16,2026-08-18
O101112,2026-08-14,SKU-C2,Supplier C,North,Completed,,2026-08-17,2026-08-18
O101113,2026-08-14,SKU-C2,Supplier C,West,Completed,,2026-08-18,2026-08-20
O101114,2026-08-14,SKU-C1,Supplier C,West,Completed,,2026-08-18,2026-08-19
O101115,2026-08-14,SKU-C1,Supplier C,South,Completed,,2026-08-16,2026-08-16
O101116,2026-08-14,SKU-B1,Supplier B,West,Completed,,2026-08-16,2026-08-17
O101117,2026-08-14,SKU-B2,Supplier B,East,Completed,,2026-08-17,2026-08-18
O101118,2026-08-14,SKU-B1,Supplier B,South,Completed,,2026-08-18,2026-08-20
O101119,2026-08-14,SKU-B2,Supplier B,East,Completed,,2026-08-16,2026-08-18
O101120,2026-08-14,SKU-A1,Supplier A,North,Completed,,2026-08-17,2026-08-18
O101121,2026-08-14,SKU-B1,Supplier B,South,Completed,,2026-08-17,2026-08-18
O101122,2026-08-14,SKU-A2,Supplier A,West,Completed,,2026-08-16,2026-08-18
O101123,2026-08-14,SKU-A2,Supplier A,South,Completed,,2026-08-17,2026-08-17
O101124,2026-08-14,SKU-B1,Supplier B,North,Completed,,2026-08-18,2026-08-20
O101125,2026-08-14,SKU-A2,Supplier A,West,Completed,,2026-08-17,2026-08-18
O101126,2026-08-14,SKU-A1,Supplier A,East,Completed,,2026-08-16,2026-08-16
O101127,2026-08-14,SKU-C2,Supplier C,North,Completed,,2026-08-17,2026-08-17
O101128,2026-08-14,SKU-C1,Supplier C,South,Completed,,2026-08-16,2026-08-16
O101129,2026-08-14,SKU-C1,Supplier C,East,Completed,,2026-08-17,2026-08-17
O101130,2026-08-14,SKU-A2,Supplier A,East,Completed,,2026-08-16,2026-08-18
O101131,2026-08-14,SKU-B2,Supplier B,South,Completed,,2026-08-16,2026-08-18
O101132,2026-08-14,SKU-C1,Supplier C,West,Completed,,2026-08-16,2026-08-17
O101133,2026-08-14,SKU-C1,Supplier C,East,Completed,,2026-08-17,2026-08-17
O101134,2026-08-14,SKU-C2,Supplier C,South,Completed,,2026-08-17,2026-08-17
O101135,2026-08-14,SKU-C1,Supplier C,North,Completed,,2026-08-16,2026-08-18
O101136,2026-08-14,SKU-C2,Supplier C,South,Completed,,2026-08-18,2026-08-19
O101137,2026-08-14,SKU-C1,Supplier C,North,Completed,,2026-08-16,2026-08-17
O101138,2026-08-14,SKU-C2,Supplier C,East,Completed,,2026-08-17,2026-08-18
O101139,2026-08-14,SKU-C1,Supplier C,East,Completed,,2026-08-18,2026-08-19
O101140,2026-08-14,SKU-C1,Supplier C,West,Completed,,2026-08-18,2026-08-20
O101141,2026-08-14,SKU-A2,Supplier A,North,Completed,,2026-08-18,2026-08-18
O101142,2026-08-14,SKU-A2,Supplier A,South,Completed,,2026-08-18,2026-08-19
O101143,2026-08-14,SKU-B1,Supplier B,North,Completed,,2026-08-17,2026-08-18
O101144,2026-08-14,SKU-B1,Supplier B,South,Completed,,2026-08-16,2026-08-16
O101145,2026-08-14,SKU-A1,Supplier A,South,Completed,,2026-08-16,2026-08-18
O101146,2026-08-14,SKU-A1,Supplier A,South,Completed,,2026-08-18,2026-08-18
O101147,2026-08-14,SKU-A1,Supplier A,East,Completed,,2026-08-18,2026-08-18
O101148,2026-08-14,SKU-C1,Supplier C,East,Completed,,2026-08-16,2026-08-16
O101149,2026-08-14,SKU-B1,Supplier B,North,Completed,,2026-08-18,2026-08-18
O101150,2026-08-14,SKU-B1,Supplier B,West,Completed,,2026-08-17,2026-08-17
O101151,2026-08-15,SKU-A1,Supplier A,East,Completed,,2026-08-17,2026-08-19
O101152,2026-08-15,SKU-A1,Supplier A,East,Completed,,2026-08-17,2026-08-18
O101153,2026-08-15,SKU-A2,Supplier A,South,Completed,,2026-08-17,2026-08-17
O101154,2026-08-15,SKU-B1,Supplier B,North,Completed,,2026-08-19,2026-08-19
O101155,2026-08-15,SKU-B1,Supplier B,West,Completed,,2026-08-17,2026-08-19
O101156,2026-08-15,SKU-B1,Supplier B,South,Completed,,2026-08-18,2026-08-19
O101157,2026-08-15,SKU-B2,Supplier B,South,Cancelled,2026-08-17,2026-08-17,
O101158,2026-08-15,SKU-C1,Supplier C,North,Completed,,2026-08-17,2026-08-18
O101159,2026-08-15,SKU-A2,Supplier A,East,Completed,,2026-08-19,2026-08-19
O101160,2026-08-15,SKU-A1,Supplier A,South,Completed,,2026-08-17,2026-08-17
O101161,2026-08-15,SKU-C1,Supplier C,West,Completed,,2026-08-18,2026-08-19
O101162,2026-08-15,SKU-B2,Supplier B,East,Completed,,2026-08-19,2026-08-21
O101163,2026-08-15,SKU-C1,Supplier C,West,Completed,,2026-08-17,2026-08-18
O101164,2026-08-15,SKU-B2,Supplier B,West,Cancelled,2026-08-17,2026-08-17,
O101165,2026-08-15,SKU-C1,Supplier C,West,Completed,,2026-08-18,2026-08-19
O101166,2026-08-15,SKU-B2,Supplier B,South,Completed,,2026-08-19,2026-08-19
O101167,2026-08-15,SKU-B1,Supplier B,West,Completed,,2026-08-19,2026-08-21
O101168,2026-08-15,SKU-A2,Supplier A,North,Completed,,2026-08-19,2026-08-19
O101169,2026-08-15,SKU-B2,Supplier B,North,Completed,,2026-08-18,2026-08-20
O101170,2026-08-15,SKU-A1,Supplier A,North,Completed,,2026-08-19,2026-08-21
O101171,2026-08-15,SKU-B1,Supplier B,North,Completed,,2026-08-17,2026-08-18
O101172,2026-08-15,SKU-B1,Supplier B,North,Completed,,2026-08-18,2026-08-18
O101173,2026-08-15,SKU-B1,Supplier B,North,Completed,,2026-08-18,2026-08-19
O101174,2026-08-15,SKU-A2,Supplier A,South,Completed,,2026-08-17,2026-08-17
O101175,2026-08-15,SKU-C2,Supplier C,South,Completed,,2026-08-17,2026-08-19
O101176,2026-08-15,SKU-C1,Supplier C,South,Completed,,2026-08-19,2026-08-20
O101177,2026-08-15,SKU-B1,Supplier B,West,Completed,,2026-08-18,2026-08-18
O101178,2026-08-15,SKU-B1,Supplier B,South,Cancelled,2026-08-17,2026-08-17,
O101179,2026-08-15,SKU-B2,Supplier B,East,Completed,,2026-08-17,2026-08-19
O101180,2026-08-15,SKU-B2,Supplier B,North,Completed,,2026-08-18,2026-08-20
O101181,2026-08-15,SKU-A1,Supplier A,East,Completed,,2026-08-17,2026-08-17
O101182,2026-08-15,SKU-C2,Supplier C,East,Completed,,2026-08-17,2026-08-17
O101183,2026-08-15,SKU-A1,Supplier A,South,Completed,,2026-08-18,2026-08-18
O101184,2026-08-15,SKU-A2,Supplier A,West,Completed,,2026-08-17,2026-08-19
O101185,2026-08-15,SKU-A1,Supplier A,East,Completed,,2026-08-19,2026-08-21
O101186,2026-08-15,SKU-A1,Supplier A,South,Completed,,2026-08-19,2026-08-19
O101187,2026-08-15,SKU-A1,Supplier A,East,Completed,,2026-08-19,2026-08-21
O101188,2026-08-15,SKU-C1,Supplier C,East,Completed,,2026-08-18,2026-08-20
O101189,2026-08-15,SKU-C1,Supplier C,South,Completed,,2026-08-19,2026-08-19
O101190,2026-08-15,SKU-A2,Supplier A,West,Completed,,2026-08-18,2026-08-19
O101191,2026-08-15,SKU-C1,Supplier C,East,Completed,,2026-08-17,2026-08-17
O101192,2026-08-15,SKU-B2,Supplier B,North,Completed,,2026-08-18,2026-08-19
O101193,2026-08-15,SKU-B1,Supplier B,South,Completed,,2026-08-17,2026-08-18
O101194,2026-08-15,SKU-C2,Supplier C,South,Cancelled,2026-08-17,2026-08-18,
O101195,2026-08-15,SKU-B1,Supplier B,East,Completed,,2026-08-19,2026-08-20
O101196,2026-08-15,SKU-C2,Supplier C,North,Completed,,2026-08-17,2026-08-19
O101197,2026-08-15,SKU-C2,Supplier C,North,Completed,,2026-08-17,2026-08-17
O101198,2026-08-15,SKU-A1,Supplier A,East,Cancelled,2026-08-17,2026-08-19,
O101199,2026-08-15,SKU-C2,Supplier C,South,Cancelled,2026-08-17,2026-08-19,
O101200,2026-08-15,SKU-C1,Supplier C,North,Completed,,2026-08-18,2026-08-18
O101201,2026-08-15,SKU-C1,Supplier C,North,Completed,,2026-08-18,2026-08-20
O101202,2026-08-15,SKU-A2,Supplier A,West,Completed,,2026-08-17,2026-08-17
O101203,2026-08-15,SKU-A2,Supplier A,North,Completed,,2026-08-18,2026-08-18
O101204,2026-08-15,SKU-B1,Supplier B,West,Completed,,2026-08-17,2026-08-19
O101205,2026-08-15,SKU-C1,Supplier C,West,Completed,,2026-08-19,2026-08-20
O101206,2026-08-15,SKU-A1,Supplier A,North,Completed,,2026-08-17,2026-08-19
O101207,2026-08-15,SKU-C1,Supplier C,East,Completed,,2026-08-19,2026-08-21
O101208,2026-08-15,SKU-C1,Supplier C,East,Completed,,2026-08-19,2026-08-20
O101209,2026-08-15,SKU-B2,Supplier B,East,Completed,,2026-08-19,2026-08-21
O101210,2026-08-15,SKU-B2,Supplier B,South,Completed,,2026-08-18,2026-08-19
O101211,2026-08-15,SKU-B1,Supplier B,East,Completed,,2026-08-18,2026-08-20
O101212,2026-08-15,SKU-A1,Supplier A,East,Completed,,2026-08-17,2026-08-17
O101213,2026-08-15,SKU-C2,Supplier C,North,Completed,,2026-08-17,2026-08-18
O101214,2026-08-15,SKU-C2,Supplier C,North,Completed,,2026-08-17,2026-08-18
O101215,2026-08-15,SKU-C2,Supplier C,East,Completed,,2026-08-17,2026-08-17
O101216,2026-08-15,SKU-A1,Supplier A,West,Completed,,2026-08-19,2026-08-19
O101217,2026-08-15,SKU-B1,Supplier B,South,Cancelled,2026-08-17,2026-08-19,
O101218,2026-08-15,SKU-C2,Supplier C,East,Completed,,2026-08-18,2026-08-18
O101219,2026-08-15,SKU-A2,Supplier A,West,Completed,,2026-08-19,2026-08-19
O101220,2026-08-15,SKU-A2,Supplier A,North,Cancelled,2026-08-18,2026-08-19,
O101221,2026-08-16,SKU-B1,Supplier B,West,Completed,,2026-08-18,2026-08-18
O101222,2026-08-16,SKU-A1,Supplier A,East,Completed,,2026-08-20,2026-08-20
O101223,2026-08-16,SKU-C2,Supplier C,East,Completed,,2026-08-18,2026-08-20
O101224,2026-08-16,SKU-A2,Supplier A,East,Completed,,2026-08-20,2026-08-22
O101225,2026-08-16,SKU-B1,Supplier B,East,Cancelled,2026-08-19,2026-08-18,
O101226,2026-08-16,SKU-C2,Supplier C,West,Completed,,2026-08-19,2026-08-19
O101227,2026-08-16,SKU-C1,Supplier C,South,Completed,,2026-08-19,2026-08-21
O101228,2026-08-16,SKU-B1,Supplier B,North,Completed,,2026-08-18,2026-08-18
O101229,2026-08-16,SKU-C2,Supplier C,South,Completed,,2026-08-20,2026-08-22
O101230,2026-08-16,SKU-B1,Supplier B,West,Completed,,2026-08-19,2026-08-21
O101231,2026-08-16,SKU-C1,Supplier C,North,Completed,,2026-08-20,2026-08-22
O101232,2026-08-16,SKU-B2,Supplier B,South,Completed,,2026-08-18,2026-08-20
O101233,2026-08-16,SKU-B2,Supplier B,West,Completed,,2026-08-18,2026-08-20
O101234,2026-08-16,SKU-C2,Supplier C,North,Completed,,2026-08-20,2026-08-20
O101235,2026-08-16,SKU-C1,Supplier C,West,Completed,,2026-08-20,2026-08-22
O101236,2026-08-16,SKU-B1,Supplier B,North,Completed,,2026-08-20,2026-08-20
O101237,2026-08-16,SKU-A1,Supplier A,North,Completed,,2026-08-19,2026-08-20
O101238,2026-08-16,SKU-C2,Supplier C,East,Completed,,2026-08-19,2026-08-21
O101239,2026-08-16,SKU-B2,Supplier B,East,Completed,,2026-08-19,2026-08-20
O101240,2026-08-16,SKU-C1,Supplier C,West,Cancelled,2026-08-19,2026-08-20,
O101241,2026-08-16,SKU-B2,Supplier B,North,Completed,,2026-08-18,2026-08-19
O101242,2026-08-16,SKU-B1,Supplier B,East,Completed,,2026-08-20,2026-08-21
O101243,2026-08-16,SKU-C1,Supplier C,South,Completed,,2026-08-19,2026-08-20
O101244,2026-08-16,SKU-C1,Supplier C,South,Completed,,2026-08-19,2026-08-20
O101245,2026-08-16,SKU-C1,Supplier C,West,Completed,,2026-08-18,2026-08-19
O101246,2026-08-16,SKU-B2,Supplier B,West,Completed,,2026-08-20,2026-08-22
O101247,2026-08-16,SKU-B1,Supplier B,South,Completed,,2026-08-19,2026-08-20
O101248,2026-08-16,SKU-A2,Supplier A,North,Completed,,2026-08-19,2026-08-21
O101249,2026-08-16,SKU-C2,Supplier C,East,Completed,,2026-08-18,2026-08-20
O101250,2026-08-16,SKU-C2,Supplier C,North,Completed,,2026-08-18,2026-08-19
O101251,2026-08-16,SKU-A1,Supplier A,West,Completed,,2026-08-19,2026-08-20
O101252,2026-08-16,SKU-B2,Supplier B,South,Cancelled,2026-08-18,2026-08-19,
O101253,2026-08-16,SKU-B1,Supplier B,West,Completed,,2026-08-18,2026-08-18
O101254,2026-08-16,SKU-B2,Supplier B,East,Completed,,2026-08-19,2026-08-19
O101255,2026-08-16,SKU-A1,Supplier A,North,Completed,,2026-08-19,2026-08-20
O101256,2026-08-16,SKU-A1,Supplier A,East,Completed,,2026-08-18,2026-08-18
O101257,2026-08-16,SKU-B1,Supplier B,West,Completed,,2026-08-19,2026-08-20
O101258,2026-08-16,SKU-B1,Supplier B,South,Completed,,2026-08-20,2026-08-22
O101259,2026-08-16,SKU-A1,Supplier A,West,Completed,,2026-08-18,2026-08-19
O101260,2026-08-16,SKU-B2,Supplier B,North,Completed,,2026-08-18,2026-08-18
O101261,2026-08-16,SKU-B1,Supplier B,East,Cancelled,2026-08-18,2026-08-18,
O101262,2026-08-16,SKU-A1,Supplier A,South,Completed,,2026-08-20,2026-08-20
O101263,2026-08-16,SKU-B2,Supplier B,West,Completed,,2026-08-18,2026-08-19
O101264,2026-08-16,SKU-A1,Supplier A,East,Completed,,2026-08-18,2026-08-19
O101265,2026-08-16,SKU-B2,Supplier B,West,Completed,,2026-08-20,2026-08-20
O101266,2026-08-16,SKU-A2,Supplier A,East,Completed,,2026-08-18,2026-08-20
O101267,2026-08-16,SKU-A2,Supplier A,South,Completed,,2026-08-18,2026-08-20
O101268,2026-08-16,SKU-C1,Supplier C,North,Completed,,2026-08-18,2026-08-19
O101269,2026-08-16,SKU-A2,Supplier A,East,Completed,,2026-08-18,2026-08-18
O101270,2026-08-16,SKU-B2,Supplier B,East,Completed,,2026-08-19,2026-08-21
O101271,2026-08-16,SKU-C2,Supplier C,East,Completed,,2026-08-19,2026-08-20
O101272,2026-08-16,SKU-C1,Supplier C,South,Cancelled,2026-08-19,2026-08-18,
O101273,2026-08-16,SKU-A2,Supplier A,South,Completed,,2026-08-20,2026-08-20
O101274,2026-08-16,SKU-A2,Supplier A,East,Completed,,2026-08-18,2026-08-18
O101275,2026-08-16,SKU-A2,Supplier A,South,Cancelled,2026-08-19,2026-08-18,
O101276,2026-08-16,SKU-B1,Supplier B,North,Completed,,2026-08-20,2026-08-21
O101277,2026-08-16,SKU-B2,Supplier B,South,Cancelled,2026-08-18,2026-08-19,
O101278,2026-08-16,SKU-C1,Supplier C,West,Completed,,2026-08-20,2026-08-20
O101279,2026-08-16,SKU-C2,Supplier C,East,Completed,,2026-08-18,2026-08-20
O101280,2026-08-16,SKU-B2,Supplier B,East,Completed,,2026-08-19,2026-08-19
O101281,2026-08-16,SKU-B2,Supplier B,West,Completed,,2026-08-19,2026-08-19
O101282,2026-08-16,SKU-C1,Supplier C,West,Completed,,2026-08-20,2026-08-21
O101283,2026-08-16,SKU-C1,Supplier C,East,Completed,,2026-08-18,2026-08-20
O101284,2026-08-16,SKU-B2,Supplier B,South,Completed,,2026-08-19,2026-08-20
O101285,2026-08-16,SKU-B2,Supplier B,North,Completed,,2026-08-19,2026-08-20
O101286,2026-08-16,SKU-B1,Supplier B,West,Completed,,2026-08-19,2026-08-21
O101287,2026-08-16,SKU-C2,Supplier C,North,Completed,,2026-08-19,2026-08-19
O101288,2026-08-16,SKU-C2,Supplier C,North,Completed,,2026-08-19,2026-08-21
O101289,2026-08-16,SKU-B1,Supplier B,West,Completed,,2026-08-20,2026-08-20
O101290,2026-08-16,SKU-A1,Supplier A,West,Completed,,2026-08-20,2026-08-20
O101291,2026-08-16,SKU-B2,Supplier B,West,Completed,,2026-08-19,2026-08-20
O101292,2026-08-16,SKU-A2,Supplier A,North,Cancelled,2026-08-18,2026-08-20,
O101293,2026-08-16,SKU-C2,Supplier C,West,Completed,,2026-08-19,2026-08-21
O101294,2026-08-16,SKU-A1,Supplier A,West,Completed,,2026-08-20,2026-08-21
O101295,2026-08-16,SKU-B1,Supplier B,East,Completed,,2026-08-18,2026-08-19
O101296,2026-08-16,SKU-B2,Supplier B,North,Completed,,2026-08-19,2026-08-21
O101297,2026-08-16,SKU-A2,Supplier A,South,Completed,,2026-08-18,2026-08-19
O101298,2026-08-16,SKU-B2,Supplier B,North,Completed,,2026-08-20,2026-08-22
O101299,2026-08-16,SKU-B1,Supplier B,West,Completed,,2026-08-19,2026-08-21
O101300,2026-08-16,SKU-C2,Supplier C,West,Completed,,2026-08-18,2026-08-19
O101301,2026-08-16,SKU-A1,Supplier A,North,Cancelled,2026-08-17,2026-08-18,
O101302,2026-08-16,SKU-B2,Supplier B,South,Cancelled,2026-08-17,2026-08-18,
O101303,2026-08-16,SKU-A2,Supplier A,West,Completed,,2026-08-18,2026-08-19
O101304,2026-08-16,SKU-B1,Supplier B,West,Completed,,2026-08-19,2026-08-21
O101305,2026-08-16,SKU-A1,Supplier A,North,Completed,,2026-08-19,2026-08-19
O101306,2026-08-16,SKU-C2,Supplier C,South,Completed,,2026-08-18,2026-08-18
O101307,2026-08-17,SKU-B2,Supplier B,East,Completed,,2026-08-20,2026-08-22
O101308,2026-08-17,SKU-C1,Supplier C,South,Completed,,2026-08-19,2026-08-21
O101309,2026-08-17,SKU-A1,Supplier A,South,Completed,,2026-08-20,2026-08-20
O101310,2026-08-17,SKU-B1,Supplier B,South,Completed,,2026-08-20,2026-08-21
O101311,2026-08-17,SKU-B1,Supplier B,South,Completed,,2026-08-20,2026-08-22
O101312,2026-08-17,SKU-A2,Supplier A,North,Completed,,2026-08-19,2026-08-21
O101313,2026-08-17,SKU-C2,Supplier C,North,Completed,,2026-08-20,2026-08-20
O101314,2026-08-17,SKU-C2,Supplier C,East,Completed,,2026-08-19,2026-08-19
O101315,2026-08-17,SKU-A2,Supplier A,East,Completed,,2026-08-19,2026-08-19
O101316,2026-08-17,SKU-A2,Supplier A,West,Completed,,2026-08-21,2026-08-21
O101317,2026-08-17,SKU-C1,Supplier C,North,Completed,,2026-08-21,2026-08-21
O101318,2026-08-17,SKU-A2,Supplier A,East,Completed,,2026-08-20,2026-08-22
O101319,2026-08-17,SKU-C1,Supplier C,West,Completed,,2026-08-21,2026-08-23
O101320,2026-08-17,SKU-A2,Supplier A,South,Completed,,2026-08-21,2026-08-22
O101321,2026-08-17,SKU-B2,Supplier B,South,Cancelled,2026-08-18,2026-08-19,
O101322,2026-08-17,SKU-C2,Supplier C,North,Completed,,2026-08-20,2026-08-22
O101323,2026-08-17,SKU-B2,Supplier B,East,Completed,,2026-08-20,2026-08-20
O101324,2026-08-17,SKU-C1,Supplier C,South,Completed,,2026-08-20,2026-08-22
O101325,2026-08-17,SKU-B1,Supplier B,North,Completed,,2026-08-21,2026-08-22
O101326,2026-08-17,SKU-B1,Supplier B,West,Cancelled,2026-08-19,2026-08-20,
O101327,2026-08-17,SKU-A1,Supplier A,East,Completed,,2026-08-19,2026-08-19
O101328,2026-08-17,SKU-C1,Supplier C,East,Completed,,2026-08-19,2026-08-19
O101329,2026-08-17,SKU-B2,Supplier B,South,Cancelled,2026-08-19,2026-08-19,
O101330,2026-08-17,SKU-C1,Supplier C,North,Completed,,2026-08-20,2026-08-20
O101331,2026-08-17,SKU-B2,Supplier B,South,Completed,,2026-08-19,2026-08-20
O101332,2026-08-17,SKU-B1,Supplier B,West,Completed,,2026-08-19,2026-08-20
O101333,2026-08-17,SKU-A1,Supplier A,South,Completed,,2026-08-20,2026-08-22
O101334,2026-08-17,SKU-A2,Supplier A,East,Completed,,2026-08-20,2026-08-21
O101335,2026-08-17,SKU-A2,Supplier A,South,Completed,,2026-08-20,2026-08-20
O101336,2026-08-17,SKU-B2,Supplier B,East,Completed,,2026-08-20,2026-08-22
O101337,2026-08-17,SKU-B1,Supplier B,North,Completed,,2026-08-20,2026-08-21
O101338,2026-08-17,SKU-C2,Supplier C,West,Completed,,2026-08-21,2026-08-22
O101339,2026-08-17,SKU-B1,Supplier B,East,Completed,,2026-08-20,2026-08-20
O101340,2026-08-17,SKU-C2,Supplier C,West,Completed,,2026-08-20,2026-08-21
O101341,2026-08-17,SKU-A1,Supplier A,North,Completed,,2026-08-19,2026-08-19
O101342,2026-08-17,SKU-C2,Supplier C,South,Completed,,2026-08-20,2026-08-20
O101343,2026-08-17,SKU-C1,Supplier C,South,Completed,,2026-08-20,2026-08-20
O101344,2026-08-17,SKU-C2,Supplier C,West,Completed,,2026-08-20,2026-08-22
O101345,2026-08-17,SKU-B1,Supplier B,North,Completed,,2026-08-21,2026-08-22
O101346,2026-08-17,SKU-A1,Supplier A,East,Completed,,2026-08-20,2026-08-20
O101347,2026-08-17,SKU-A1,Supplier A,South,Cancelled,2026-08-19,2026-08-19,
O101348,2026-08-17,SKU-A1,Supplier A,North,Completed,,2026-08-20,2026-08-20
O101349,2026-08-17,SKU-A2,Supplier A,East,Cancelled,2026-08-20,2026-08-20,
O101350,2026-08-17,SKU-A2,Supplier A,West,Completed,,2026-08-20,2026-08-22
O101351,2026-08-17,SKU-C2,Supplier C,West,Completed,,2026-08-21,2026-08-23
O101352,2026-08-17,SKU-A1,Supplier A,West,Completed,,2026-08-21,2026-08-22
O101353,2026-08-17,SKU-B1,Supplier B,West,Completed,,2026-08-21,2026-08-22
O101354,2026-08-17,SKU-B2,Supplier B,North,Completed,,2026-08-21,2026-08-21
O101355,2026-08-17,SKU-B1,Supplier B,West,Completed,,2026-08-19,2026-08-21
O101356,2026-08-17,SKU-A2,Supplier A,West,Completed,,2026-08-21,2026-08-21
O101357,2026-08-17,SKU-A1,Supplier A,East,Completed,,2026-08-20,2026-08-22
O101358,2026-08-17,SKU-B2,Supplier B,East,Completed,,2026-08-19,2026-08-20
O101359,2026-08-17,SKU-A2,Supplier A,North,Completed,,2026-08-20,2026-08-20
O101360,2026-08-17,SKU-C1,Supplier C,East,Completed,,2026-08-19,2026-08-19
O101361,2026-08-17,SKU-A1,Supplier A,West,Completed,,2026-08-20,2026-08-21
O101362,2026-08-17,SKU-C2,Supplier C,South,Completed,,2026-08-20,2026-08-21
O101363,2026-08-17,SKU-B2,Supplier B,East,Completed,,2026-08-21,2026-08-23
O101364,2026-08-17,SKU-B1,Supplier B,South,Completed,,2026-08-21,2026-08-22
O101365,2026-08-17,SKU-B1,Supplier B,East,Completed,,2026-08-21,2026-08-23
O101366,2026-08-17,SKU-B2,Supplier B,West,Completed,,2026-08-20,2026-08-21
O101367,2026-08-17,SKU-C2,Supplier C,South,Completed,,2026-08-20,2026-08-22
O101368,2026-08-17,SKU-C2,Supplier C,South,Completed,,2026-08-19,2026-08-20
O101369,2026-08-17,SKU-B1,Supplier B,North,Completed,,2026-08-21,2026-08-22
O101370,2026-08-17,SKU-A2,Supplier A,North,Completed,,2026-08-19,2026-08-21
O101371,2026-08-17,SKU-A2,Supplier A,North,Completed,,2026-08-19,2026-08-21
O101372,2026-08-17,SKU-B2,Supplier B,North,Completed,,2026-08-21,2026-08-23
O101373,2026-08-17,SKU-C1,Supplier C,South,Completed,,2026-08-19,2026-08-21
O101374,2026-08-17,SKU-B1,Supplier B,West,Completed,,2026-08-19,2026-08-21
O101375,2026-08-17,SKU-A1,Supplier A,North,Completed,,2026-08-20,2026-08-20
O101376,2026-08-17,SKU-B2,Supplier B,East,Completed,,2026-08-19,2026-08-19
O101377,2026-08-17,SKU-A1,Supplier A,West,Completed,,2026-08-20,2026-08-20
O101378,2026-08-17,SKU-B2,Supplier B,West,Completed,,2026-08-19,2026-08-19
O101379,2026-08-17,SKU-A1,Supplier A,East,Completed,,2026-08-19,2026-08-21
O101380,2026-08-17,SKU-A1,Supplier A,North,Completed,,2026-08-19,2026-08-19
O101381,2026-08-17,SKU-B1,Supplier B,West,Completed,,2026-08-20,2026-08-22
O101382,2026-08-17,SKU-C2,Supplier C,North,Completed,,2026-08-19,2026-08-19
O101383,2026-08-17,SKU-B2,Supplier B,East,Completed,,2026-08-20,2026-08-21
O101384,2026-08-17,SKU-B1,Supplier B,West,Completed,,2026-08-21,2026-08-21
O101385,2026-08-17,SKU-A2,Supplier A,South,Completed,,2026-08-21,2026-08-21
O101386,2026-08-17,SKU-B2,Supplier B,South,Completed,,2026-08-20,2026-08-22
O101387,2026-08-17,SKU-B2,Supplier B,South,Completed,,2026-08-21,2026-08-21
O101388,2026-08-17,SKU-A2,Supplier A,East,Completed,,2026-08-21,2026-08-23
O101389,2026-08-17,SKU-C1,Supplier C,West,Completed,,2026-08-19,2026-08-19
O101390,2026-08-18,SKU-B1,Supplier B,North,Completed,,2026-08-22,2026-08-22
O101391,2026-08-18,SKU-A2,Supplier A,West,Completed,,2026-08-21,2026-08-21
O101392,2026-08-18,SKU-C1,Supplier C,East,Completed,,2026-08-21,2026-08-23
O101393,2026-08-18,SKU-B2,Supplier B,West,Completed,,2026-08-20,2026-08-20
O101394,2026-08-18,SKU-C1,Supplier C,North,Completed,,2026-08-21,2026-08-22
O101395,2026-08-18,SKU-A2,Supplier A,East,Completed,,2026-08-22,2026-08-24
O101396,2026-08-18,SKU-B1,Supplier B,West,Completed,,2026-08-22,2026-08-23
O101397,2026-08-18,SKU-A1,Supplier A,West,Completed,,2026-08-22,2026-08-23
O101398,2026-08-18,SKU-A2,Supplier A,East,Completed,,2026-08-22,2026-08-24
O101399,2026-08-18,SKU-C2,Supplier C,North,Completed,,2026-08-22,2026-08-24
O101400,2026-08-18,SKU-A2,Supplier A,South,Completed,,2026-08-20,2026-08-21
O101401,2026-08-18,SKU-A2,Supplier A,South,Completed,,2026-08-22,2026-08-22
O101402,2026-08-18,SKU-C2,Supplier C,East,Completed,,2026-08-21,2026-08-21
O101403,2026-08-18,SKU-B1,Supplier B,East,Completed,,2026-08-22,2026-08-22
O101404,2026-08-18,SKU-B2,Supplier B,West,Cancelled,2026-08-21,2026-08-22,
O101405,2026-08-18,SKU-C1,Supplier C,West,Completed,,2026-08-22,2026-08-22
O101406,2026-08-18,SKU-A2,Supplier A,North,Completed,,2026-08-21,2026-08-23
O101407,2026-08-18,SKU-C1,Supplier C,North,Completed,,2026-08-20,2026-08-22
O101408,2026-08-18,SKU-B1,Supplier B,North,Completed,,2026-08-20,2026-08-21
O101409,2026-08-18,SKU-A2,Supplier A,South,Cancelled,2026-08-19,2026-08-20,
O101410,2026-08-18,SKU-A1,Supplier A,West,Completed,,2026-08-20,2026-08-21
O101411,2026-08-18,SKU-A2,Supplier A,West,Completed,,2026-08-21,2026-08-23
O101412,2026-08-18,SKU-C1,Supplier C,North,Completed,,2026-08-20,2026-08-22
O101413,2026-08-18,SKU-B2,Supplier B,North,Cancelled,2026-08-20,2026-08-22,
O101414,2026-08-18,SKU-B1,Supplier B,North,Completed,,2026-08-22,2026-08-22
O101415,2026-08-18,SKU-A1,Supplier A,South,Completed,,2026-08-22,2026-08-22
O101416,2026-08-18,SKU-B2,Supplier B,North,Completed,,2026-08-21,2026-08-22
O101417,2026-08-18,SKU-B2,Supplier B,West,Completed,,2026-08-22,2026-08-24
O101418,2026-08-18,SKU-C1,Supplier C,East,Completed,,2026-08-22,2026-08-24
O101419,2026-08-18,SKU-A1,Supplier A,East,Completed,,2026-08-20,2026-08-21
O101420,2026-08-18,SKU-A2,Supplier A,East,Completed,,2026-08-22,2026-08-24
O101421,2026-08-18,SKU-A1,Supplier A,West,Completed,,2026-08-22,2026-08-23
O101422,2026-08-18,SKU-A2,Supplier A,North,Completed,,2026-08-22,2026-08-22
O101423,2026-08-18,SKU-A1,Supplier A,West,Completed,,2026-08-20,2026-08-21
O101424,2026-08-18,SKU-C1,Supplier C,East,Completed,,2026-08-20,2026-08-22
O101425,2026-08-18,SKU-C1,Supplier C,South,Completed,,2026-08-22,2026-08-22
O101426,2026-08-18,SKU-A1,Supplier A,South,Cancelled,2026-08-21,2026-08-22,
O101427,2026-08-18,SKU-A2,Supplier A,East,Completed,,2026-08-22,2026-08-23
O101428,2026-08-18,SKU-A1,Supplier A,South,Completed,,2026-08-22,2026-08-23
O101429,2026-08-18,SKU-B2,Supplier B,North,Completed,,2026-08-22,2026-08-22
O101430,2026-08-18,SKU-B1,Supplier B,West,Completed,,2026-08-20,2026-08-21
O101431,2026-08-18,SKU-C1,Supplier C,North,Completed,,2026-08-20,2026-08-21
O101432,2026-08-18,SKU-A1,Supplier A,West,Completed,,2026-08-21,2026-08-22
O101433,2026-08-18,SKU-A2,Supplier A,East,Cancelled,2026-08-21,2026-08-22,
O101434,2026-08-18,SKU-B1,Supplier B,North,Completed,,2026-08-20,2026-08-22
O101435,2026-08-18,SKU-B2,Supplier B,North,Completed,,2026-08-21,2026-08-21
O101436,2026-08-18,SKU-C1,Supplier C,East,Completed,,2026-08-20,2026-08-20
O101437,2026-08-18,SKU-C2,Supplier C,West,Completed,,2026-08-22,2026-08-23
O101438,2026-08-18,SKU-B2,Supplier B,East,Completed,,2026-08-20,2026-08-21
O101439,2026-08-18,SKU-A1,Supplier A,East,Completed,,2026-08-21,2026-08-23
O101440,2026-08-18,SKU-B1,Supplier B,South,Completed,,2026-08-20,2026-08-20
O101441,2026-08-18,SKU-C2,Supplier C,South,Completed,,2026-08-22,2026-08-24
O101442,2026-08-18,SKU-A1,Supplier A,North,Completed,,2026-08-20,2026-08-21
O101443,2026-08-18,SKU-B2,Supplier B,East,Completed,,2026-08-21,2026-08-23
O101444,2026-08-18,SKU-B1,Supplier B,South,Completed,,2026-08-21,2026-08-21
O101445,2026-08-18,SKU-B2,Supplier B,East,Completed,,2026-08-21,2026-08-22
O101446,2026-08-18,SKU-B2,Supplier B,North,Completed,,2026-08-20,2026-08-22
O101447,2026-08-18,SKU-B1,Supplier B,East,Completed,,2026-08-21,2026-08-22
O101448,2026-08-18,SKU-A2,Supplier A,West,Completed,,2026-08-21,2026-08-22
O101449,2026-08-18,SKU-C1,Supplier C,South,Completed,,2026-08-21,2026-08-23
O101450,2026-08-18,SKU-C2,Supplier C,North,Completed,,2026-08-21,2026-08-23
O101451,2026-08-18,SKU-B1,Supplier B,South,Completed,,2026-08-21,2026-08-21
O101452,2026-08-18,SKU-B2,Supplier B,East,Completed,,2026-08-20,2026-08-20
O101453,2026-08-18,SKU-C2,Supplier C,South,Completed,,2026-08-20,2026-08-21
O101454,2026-08-18,SKU-B2,Supplier B,East,Completed,,2026-08-21,2026-08-22
O101455,2026-08-18,SKU-C2,Supplier C,South,Completed,,2026-08-21,2026-08-22
O101456,2026-08-18,SKU-A2,Supplier A,South,Completed,,2026-08-20,2026-08-20
O101457,2026-08-18,SKU-A1,Supplier A,West,Completed,,2026-08-21,2026-08-23
O101458,2026-08-18,SKU-C1,Supplier C,West,Completed,,2026-08-21,2026-08-21
O101459,2026-08-18,SKU-A1,Supplier A,North,Completed,,2026-08-20,2026-08-22
O101460,2026-08-18,SKU-A2,Supplier A,East,Completed,,2026-08-20,2026-08-20
O101461,2026-08-18,SKU-C2,Supplier C,North,Completed,,2026-08-21,2026-08-22
O101462,2026-08-18,SKU-C1,Supplier C,South,Completed,,2026-08-20,2026-08-20
O101463,2026-08-18,SKU-A1,Supplier A,West,Completed,,2026-08-21,2026-08-22
O101464,2026-08-18,SKU-B1,Supplier B,West,Completed,,2026-08-20,2026-08-21
O101465,2026-08-18,SKU-C2,Supplier C,North,Completed,,2026-08-21,2026-08-23
O101466,2026-08-18,SKU-B2,Supplier B,South,Completed,,2026-08-20,2026-08-22
O101467,2026-08-18,SKU-B1,Supplier B,West,Completed,,2026-08-20,2026-08-21
O101468,2026-08-18,SKU-C2,Supplier C,South,Completed,,2026-08-20,2026-08-21
O101469,2026-08-18,SKU-C1,Supplier C,South,Completed,,2026-08-20,2026-08-21
O101470,2026-08-19,SKU-B1,Supplier B,North,Completed,,2026-08-22,2026-08-22
O101471,2026-08-19,SKU-A1,Supplier A,North,Completed,,2026-08-22,2026-08-23
O101472,2026-08-19,SKU-C1,Supplier C,North,Completed,,2026-08-23,2026-08-25
O101473,2026-08-19,SKU-A2,Supplier A,East,Completed,,2026-08-22,2026-08-22
O101474,2026-08-19,SKU-B2,Supplier B,West,Completed,,2026-08-21,2026-08-23
O101475,2026-08-19,SKU-A1,Supplier A,South,Completed,,2026-08-22,2026-08-24
O101476,2026-08-19,SKU-B1,Supplier B,South,Completed,,2026-08-23,2026-08-23
O101477,2026-08-19,SKU-C2,Supplier C,West,Completed,,2026-08-23,2026-08-24
O101478,2026-08-19,SKU-A2,Supplier A,North,Completed,,2026-08-21,2026-08-22
O101479,2026-08-19,SKU-A2,Supplier A,East,Completed,,2026-08-21,2026-08-21
O101480,2026-08-19,SKU-C2,Supplier C,West,Completed,,2026-08-23,2026-08-24
O101481,2026-08-19,SKU-A1,Supplier A,South,Cancelled,2026-08-22,2026-08-22,
O101482,2026-08-19,SKU-B2,Supplier B,East,Completed,,2026-08-23,2026-08-25
O101483,2026-08-19,SKU-C2,Supplier C,North,Cancelled,2026-08-21,2026-08-21,
O101484,2026-08-19,SKU-C2,Supplier C,North,Completed,,2026-08-23,2026-08-23
O101485,2026-08-19,SKU-B2,Supplier B,East,Completed,,2026-08-21,2026-08-22
O101486,2026-08-19,SKU-A2,Supplier A,South,Completed,,2026-08-23,2026-08-24
O101487,2026-08-19,SKU-C1,Supplier C,South,Completed,,2026-08-21,2026-08-23
O101488,2026-08-19,SKU-A2,Supplier A,East,Completed,,2026-08-21,2026-08-21
O101489,2026-08-19,SKU-A2,Supplier A,South,Completed,,2026-08-21,2026-08-22
O101490,2026-08-19,SKU-B2,Supplier B,South,Cancelled,2026-08-21,2026-08-22,
O101491,2026-08-19,SKU-A2,Supplier A,South,Completed,,2026-08-21,2026-08-21
O101492,2026-08-19,SKU-C2,Supplier C,North,Completed,,2026-08-23,2026-08-25
O101493,2026-08-19,SKU-C2,Supplier C,North,Completed,,2026-08-22,2026-08-23
O101494,2026-08-19,SKU-C1,Supplier C,West,Completed,,2026-08-23,2026-08-24
O101495,2026-08-19,SKU-C1,Supplier C,East,Completed,,2026-08-21,2026-08-22
O101496,2026-08-19,SKU-C2,Supplier C,North,Completed,,2026-08-21,2026-08-21
O101497,2026-08-19,SKU-C1,Supplier C,West,Cancelled,2026-08-21,2026-08-23,
O101498,2026-08-19,SKU-C2,Supplier C,West,Completed,,2026-08-21,2026-08-22
O101499,2026-08-19,SKU-C1,Supplier C,West,Completed,,2026-08-23,2026-08-24
O101500,2026-08-19,SKU-B1,Supplier B,North,Completed,,2026-08-22,2026-08-23
O101501,2026-08-19,SKU-C1,Supplier C,West,Completed,,2026-08-23,2026-08-23
O101502,2026-08-19,SKU-B2,Supplier B,East,Completed,,2026-08-22,2026-08-22
O101503,2026-08-19,SKU-C1,Supplier C,South,Completed,,2026-08-22,2026-08-22
O101504,2026-08-19,SKU-A2,Supplier A,East,Completed,,2026-08-23,2026-08-23
O101505,2026-08-19,SKU-C2,Supplier C,South,Completed,,2026-08-23,2026-08-23
O101506,2026-08-19,SKU-C1,Supplier C,North,Completed,,2026-08-23,2026-08-25
O101507,2026-08-19,SKU-B2,Supplier B,West,Completed,,2026-08-21,2026-08-23
O101508,2026-08-19,SKU-B1,Supplier B,South,Completed,,2026-08-22,2026-08-24
O101509,2026-08-19,SKU-C1,Supplier C,West,Completed,,2026-08-23,2026-08-25
O101510,2026-08-19,SKU-C2,Supplier C,East,Completed,,2026-08-23,2026-08-25
O101511,2026-08-19,SKU-B2,Supplier B,North,Completed,,2026-08-22,2026-08-24
O101512,2026-08-19,SKU-B2,Supplier B,North,Completed,,2026-08-23,2026-08-24
O101513,2026-08-19,SKU-A2,Supplier A,South,Completed,,2026-08-22,2026-08-24
O101514,2026-08-19,SKU-B2,Supplier B,West,Completed,,2026-08-21,2026-08-23
O101515,2026-08-19,SKU-B2,Supplier B,West,Completed,,2026-08-22,2026-08-24
O101516,2026-08-19,SKU-C2,Supplier C,West,Completed,,2026-08-21,2026-08-23
O101517,2026-08-19,SKU-A2,Supplier A,North,Completed,,2026-08-23,2026-08-23
O101518,2026-08-19,SKU-C2,Supplier C,South,Completed,,2026-08-23,2026-08-25
O101519,2026-08-19,SKU-B2,Supplier B,West,Cancelled,2026-08-20,2026-08-21,
O101520,2026-08-19,SKU-A2,Supplier A,East,Completed,,2026-08-21,2026-08-23
O101521,2026-08-19,SKU-B2,Supplier B,South,Completed,,2026-08-22,2026-08-24
O101522,2026-08-19,SKU-A1,Supplier A,West,Completed,,2026-08-21,2026-08-22
O101523,2026-08-19,SKU-C1,Supplier C,South,Completed,,2026-08-21,2026-08-21
O101524,2026-08-19,SKU-B2,Supplier B,East,Cancelled,2026-08-21,2026-08-23,
O101525,2026-08-19,SKU-A1,Supplier A,East,Cancelled,2026-08-20,2026-08-22,
O101526,2026-08-19,SKU-C1,Supplier C,South,Completed,,2026-08-22,2026-08-22
O101527,2026-08-19,SKU-A2,Supplier A,East,Completed,,2026-08-22,2026-08-23
O101528,2026-08-19,SKU-C1,Supplier C,North,Completed,,2026-08-21,2026-08-21
O101529,2026-08-19,SKU-B2,Supplier B,North,Completed,,2026-08-21,2026-08-21
O101530,2026-08-19,SKU-A2,Supplier A,West,Completed,,2026-08-21,2026-08-22
O101531,2026-08-19,SKU-B1,Supplier B,North,Completed,,2026-08-21,2026-08-23
O101532,2026-08-19,SKU-A1,Supplier A,South,Completed,,2026-08-22,2026-08-23
O101533,2026-08-19,SKU-C2,Supplier C,West,Completed,,2026-08-22,2026-08-23
O101534,2026-08-19,SKU-A1,Supplier A,North,Completed,,2026-08-21,2026-08-23
O101535,2026-08-19,SKU-C2,Supplier C,East,Completed,,2026-08-22,2026-08-22
O101536,2026-08-19,SKU-A1,Supplier A,South,Cancelled,2026-08-20,2026-08-22,
O101537,2026-08-19,SKU-C1,Supplier C,North,Completed,,2026-08-23,2026-08-25
O101538,2026-08-19,SKU-A2,Supplier A,South,Completed,,2026-08-22,2026-08-23
O101539,2026-08-19,SKU-B1,Supplier B,South,Completed,,2026-08-23,2026-08-23
O101540,2026-08-19,SKU-C2,Supplier C,South,Completed,,2026-08-23,2026-08-25
O101541,2026-08-19,SKU-A2,Supplier A,East,Completed,,2026-08-23,2026-08-23
O101542,2026-08-19,SKU-A2,Supplier A,West,Completed,,2026-08-21,2026-08-23
O101543,2026-08-19,SKU-B2,Supplier B,South,Completed,,2026-08-23,2026-08-23
O101544,2026-08-19,SKU-A2,Supplier A,South,Completed,,2026-08-22,2026-08-24
O101545,2026-08-20,SKU-C1,Supplier C,South,Completed,,2026-08-24,2026-08-24
O101546,2026-08-20,SKU-B1,Supplier B,North,Completed,,2026-08-24,2026-08-25
O101547,2026-08-20,SKU-B1,Supplier B,North,Completed,,2026-08-23,2026-08-24
O101548,2026-08-20,SKU-A1,Supplier A,East,Completed,,2026-08-23,2026-08-25
O101549,2026-08-20,SKU-B1,Supplier B,East,Completed,,2026-08-22,2026-08-23
O101550,2026-08-20,SKU-B2,Supplier B,North,Completed,,2026-08-23,2026-08-25
O101551,2026-08-20,SKU-C2,Supplier C,West,Completed,,2026-08-24,2026-08-25
O101552,2026-08-20,SKU-B1,Supplier B,South,Completed,,2026-08-23,2026-08-24
O101553,2026-08-20,SKU-C2,Supplier C,South,Completed,,2026-08-23,2026-08-25
O101554,2026-08-20,SKU-B1,Supplier B,North,Completed,,2026-08-24,2026-08-24
O101555,2026-08-20,SKU-B1,Supplier B,East,Completed,,2026-08-23,2026-08-23
O101556,2026-08-20,SKU-B2,Supplier B,East,Completed,,2026-08-23,2026-08-25
O101557,2026-08-20,SKU-A2,Supplier A,East,Completed,,2026-08-22,2026-08-24
O101558,2026-08-20,SKU-C2,Supplier C,East,Completed,,2026-08-22,2026-08-24
O101559,2026-08-20,SKU-C2,Supplier C,West,Completed,,2026-08-22,2026-08-22
O101560,2026-08-20,SKU-B1,Supplier B,South,Completed,,2026-08-23,2026-08-25
O101561,2026-08-20,SKU-A1,Supplier A,South,Completed,,2026-08-23,2026-08-23
O101562,2026-08-20,SKU-B1,Supplier B,North,Completed,,2026-08-22,2026-08-23
O101563,2026-08-20,SKU-A2,Supplier A,East,Completed,,2026-08-22,2026-08-22
O101564,2026-08-20,SKU-C2,Supplier C,West,Completed,,2026-08-23,2026-08-23
O101565,2026-08-20,SKU-C2,Supplier C,South,Completed,,2026-08-23,2026-08-24
O101566,2026-08-20,SKU-A1,Supplier A,South,Completed,,2026-08-23,2026-08-23
O101567,2026-08-20,SKU-B2,Supplier B,East,Completed,,2026-08-23,2026-08-23
O101568,2026-08-20,SKU-A1,Supplier A,South,Completed,,2026-08-22,2026-08-24
O101569,2026-08-20,SKU-B1,Supplier B,West,Completed,,2026-08-24,2026-08-26
O101570,2026-08-20,SKU-B1,Supplier B,South,Cancelled,2026-08-23,2026-08-23,
O101571,2026-08-20,SKU-B2,Supplier B,West,Completed,,2026-08-22,2026-08-23
O101572,2026-08-20,SKU-B2,Supplier B,West,Completed,,2026-08-23,2026-08-24
O101573,2026-08-20,SKU-C1,Supplier C,West,Completed,,2026-08-24,2026-08-26
O101574,2026-08-20,SKU-A2,Supplier A,South,Completed,,2026-08-22,2026-08-22
O101575,2026-08-20,SKU-B2,Supplier B,East,Completed,,2026-08-23,2026-08-25
O101576,2026-08-20,SKU-A1,Supplier A,West,Completed,,2026-08-22,2026-08-24
O101577,2026-08-20,SKU-A2,Supplier A,West,Completed,,2026-08-22,2026-08-24
O101578,2026-08-20,SKU-B2,Supplier B,West,Completed,,2026-08-23,2026-08-25
O101579,2026-08-20,SKU-B1,Supplier B,West,Completed,,2026-08-23,2026-08-24
O101580,2026-08-20,SKU-C1,Supplier C,North,Completed,,2026-08-23,2026-08-23
O101581,2026-08-20,SKU-C2,Supplier C,West,Completed,,2026-08-24,2026-08-25
O101582,2026-08-20,SKU-B2,Supplier B,South,Completed,,2026-08-24,2026-08-26
O101583,2026-08-20,SKU-B2,Supplier B,South,Completed,,2026-08-23,2026-08-25
O101584,2026-08-20,SKU-C1,Supplier C,West,Completed,,2026-08-24,2026-08-26
O101585,2026-08-20,SKU-B2,Supplier B,West,Cancelled,2026-08-21,2026-08-23,
O101586,2026-08-20,SKU-A2,Supplier A,West,Completed,,2026-08-23,2026-08-23
O101587,2026-08-20,SKU-C2,Supplier C,East,Completed,,2026-08-22,2026-08-23
O101588,2026-08-20,SKU-B2,Supplier B,East,Completed,,2026-08-22,2026-08-24
O101589,2026-08-20,SKU-C1,Supplier C,North,Completed,,2026-08-22,2026-08-24
O101590,2026-08-20,SKU-B1,Supplier B,West,Completed,,2026-08-22,2026-08-23
O101591,2026-08-20,SKU-A2,Supplier A,South,Completed,,2026-08-22,2026-08-24
O101592,2026-08-20,SKU-B2,Supplier B,East,Completed,,2026-08-23,2026-08-25
O101593,2026-08-20,SKU-B2,Supplier B,West,Completed,,2026-08-22,2026-08-23
O101594,2026-08-20,SKU-A1,Supplier A,West,Completed,,2026-08-23,2026-08-24
O101595,2026-08-20,SKU-A1,Supplier A,North,Completed,,2026-08-24,2026-08-24
O101596,2026-08-20,SKU-A2,Supplier A,South,Completed,,2026-08-22,2026-08-23
O101597,2026-08-20,SKU-A2,Supplier A,South,Completed,,2026-08-24,2026-08-26
O101598,2026-08-20,SKU-A1,Supplier A,South,Completed,,2026-08-22,2026-08-22
O101599,2026-08-20,SKU-B1,Supplier B,South,Completed,,2026-08-24,2026-08-26
O101600,2026-08-20,SKU-A1,Supplier A,West,Completed,,2026-08-22,2026-08-22
O101601,2026-08-20,SKU-B2,Supplier B,North,Completed,,2026-08-23,2026-08-24
O101602,2026-08-20,SKU-B2,Supplier B,South,Completed,,2026-08-22,2026-08-23
O101603,2026-08-20,SKU-A1,Supplier A,North,Completed,,2026-08-22,2026-08-23
O101604,2026-08-20,SKU-B2,Supplier B,West,Cancelled,2026-08-23,2026-08-23,
O101605,2026-08-20,SKU-B2,Supplier B,South,Cancelled,2026-08-21,2026-08-22,
O101606,2026-08-20,SKU-C2,Supplier C,South,Completed,,2026-08-22,2026-08-22
O101607,2026-08-20,SKU-A2,Supplier A,East,Completed,,2026-08-24,2026-08-26
O101608,2026-08-20,SKU-B1,Supplier B,West,Completed,,2026-08-22,2026-08-22
O101609,2026-08-20,SKU-C2,Supplier C,West,Completed,,2026-08-24,2026-08-26
O101610,2026-08-20,SKU-A1,Supplier A,West,Completed,,2026-08-22,2026-08-24
O101611,2026-08-20,SKU-B2,Supplier B,North,Cancelled,2026-08-22,2026-08-24,
O101612,2026-08-20,SKU-B1,Supplier B,East,Cancelled,2026-08-21,2026-08-24,
O101613,2026-08-20,SKU-B1,Supplier B,North,Completed,,2026-08-24,2026-08-24
O101614,2026-08-20,SKU-A1,Supplier A,North,Completed,,2026-08-24,2026-08-26
O101615,2026-08-21,SKU-B1,Supplier B,East,Completed,,2026-08-23,2026-08-23
O101616,2026-08-21,SKU-C1,Supplier C,South,Completed,,2026-08-23,2026-08-25
O101617,2026-08-21,SKU-B2,Supplier B,West,Completed,,2026-08-23,2026-08-25
O101618,2026-08-21,SKU-B2,Supplier B,East,Completed,,2026-08-23,2026-08-23
O101619,2026-08-21,SKU-C1,Supplier C,North,Completed,,2026-08-24,2026-08-25
O101620,2026-08-21,SKU-C2,Supplier C,North,Completed,,2026-08-25,2026-08-25
O101621,2026-08-21,SKU-A1,Supplier A,East,Completed,,2026-08-23,2026-08-25
O101622,2026-08-21,SKU-B1,Supplier B,South,Completed,,2026-08-23,2026-08-24
O101623,2026-08-21,SKU-A1,Supplier A,West,Completed,,2026-08-25,2026-08-26
O101624,2026-08-21,SKU-B2,Supplier B,East,Cancelled,2026-08-23,2026-08-23,
O101625,2026-08-21,SKU-B1,Supplier B,West,Completed,,2026-08-25,2026-08-27
O101626,2026-08-21,SKU-C1,Supplier C,North,Cancelled,2026-08-24,2026-08-25,
O101627,2026-08-21,SKU-B2,Supplier B,East,Completed,,2026-08-23,2026-08-23
O101628,2026-08-21,SKU-B1,Supplier B,East,Completed,,2026-08-25,2026-08-26
O101629,2026-08-21,SKU-C1,Supplier C,West,Completed,,2026-08-23,2026-08-24
O101630,2026-08-21,SKU-B1,Supplier B,East,Completed,,2026-08-23,2026-08-24
O101631,2026-08-21,SKU-C2,Supplier C,East,Completed,,2026-08-23,2026-08-25
O101632,2026-08-21,SKU-C1,Supplier C,South,Completed,,2026-08-23,2026-08-24
O101633,2026-08-21,SKU-B1,Supplier B,South,Completed,,2026-08-24,2026-08-24
O101634,2026-08-21,SKU-B1,Supplier B,South,Completed,,2026-08-24,2026-08-25
O101635,2026-08-21,SKU-B2,Supplier B,North,Completed,,2026-08-24,2026-08-25
O101636,2026-08-21,SKU-A2,Supplier A,South,Cancelled,2026-08-22,2026-08-23,
O101637,2026-08-21,SKU-A2,Supplier A,West,Completed,,2026-08-23,2026-08-25
O101638,2026-08-21,SKU-C2,Supplier C,South,Completed,,2026-08-24,2026-08-25
O101639,2026-08-21,SKU-A1,Supplier A,East,Completed,,2026-08-24,2026-08-24
O101640,2026-08-21,SKU-C2,Supplier C,East,Completed,,2026-08-24,2026-08-26
O101641,2026-08-21,SKU-C1,Supplier C,East,Completed,,2026-08-23,2026-08-24
O101642,2026-08-21,SKU-A2,Supplier A,North,Completed,,2026-08-24,2026-08-26
O101643,2026-08-21,SKU-A1,Supplier A,West,Completed,,2026-08-25,2026-08-26
O101644,2026-08-21,SKU-C2,Supplier C,North,Completed,,2026-08-23,2026-08-24
O101645,2026-08-21,SKU-A2,Supplier A,North,Completed,,2026-08-24,2026-08-26
O101646,2026-08-21,SKU-C1,Supplier C,South,Completed,,2026-08-25,2026-08-25
O101647,2026-08-21,SKU-A2,Supplier A,South,Cancelled,2026-08-24,2026-08-23,
O101648,2026-08-21,SKU-C2,Supplier C,North,Completed,,2026-08-23,2026-08-24
O101649,2026-08-21,SKU-B1,Supplier B,South,Completed,,2026-08-25,2026-08-27
O101650,2026-08-21,SKU-A2,Supplier A,South,Completed,,2026-08-23,2026-08-25
O101651,2026-08-21,SKU-A1,Supplier A,East,Completed,,2026-08-25,2026-08-26
O101652,2026-08-21,SKU-A2,Supplier A,West,Completed,,2026-08-25,2026-08-26
O101653,2026-08-21,SKU-A2,Supplier A,South,Completed,,2026-08-25,2026-08-25
O101654,2026-08-21,SKU-A2,Supplier A,North,Completed,,2026-08-24,2026-08-26
O101655,2026-08-21,SKU-C2,Supplier C,East,Completed,,2026-08-24,2026-08-25
O101656,2026-08-21,SKU-C2,Supplier C,North,Cancelled,2026-08-23,2026-08-25,
O101657,2026-08-21,SKU-B2,Supplier B,North,Cancelled,2026-08-22,2026-08-25,
O101658,2026-08-21,SKU-A2,Supplier A,South,Completed,,2026-08-24,2026-08-24
O101659,2026-08-21,SKU-A1,Supplier A,East,Completed,,2026-08-24,2026-08-24
O101660,2026-08-21,SKU-B1,Supplier B,West,Completed,,2026-08-25,2026-08-25
O101661,2026-08-21,SKU-B2,Supplier B,East,Completed,,2026-08-23,2026-08-24
O101662,2026-08-21,SKU-B1,Supplier B,North,Completed,,2026-08-25,2026-08-25
O101663,2026-08-21,SKU-B2,Supplier B,South,Completed,,2026-08-25,2026-08-27
O101664,2026-08-21,SKU-C1,Supplier C,South,Completed,,2026-08-23,2026-08-24
O101665,2026-08-21,SKU-C1,Supplier C,North,Completed,,2026-08-25,2026-08-25
O101666,2026-08-21,SKU-B1,Supplier B,South,Completed,,2026-08-23,2026-08-23
O101667,2026-08-21,SKU-C1,Supplier C,East,Completed,,2026-08-23,2026-08-24
O101668,2026-08-21,SKU-A1,Supplier A,West,Cancelled,2026-08-24,2026-08-24,
O101669,2026-08-21,SKU-C1,Supplier C,East,Completed,,2026-08-24,2026-08-26
O101670,2026-08-21,SKU-A1,Supplier A,West,Completed,,2026-08-25,2026-08-26
O101671,2026-08-21,SKU-B1,Supplier B,East,Completed,,2026-08-25,2026-08-26
O101672,2026-08-21,SKU-C1,Supplier C,North,Cancelled,2026-08-23,2026-08-23,
O101673,2026-08-21,SKU-C2,Supplier C,North,Completed,,2026-08-25,2026-08-25
O101674,2026-08-21,SKU-A2,Supplier A,West,Completed,,2026-08-25,2026-08-27
O101675,2026-08-21,SKU-B1,Supplier B,East,Completed,,2026-08-23,2026-08-25
O101676,2026-08-21,SKU-C1,Supplier C,West,Completed,,2026-08-24,2026-08-25
O101677,2026-08-21,SKU-B1,Supplier B,South,Completed,,2026-08-24,2026-08-25
O101678,2026-08-21,SKU-A2,Supplier A,North,Completed,,2026-08-24,2026-08-25
O101679,2026-08-21,SKU-A1,Supplier A,East,Completed,,2026-08-24,2026-08-26
O101680,2026-08-21,SKU-B2,Supplier B,West,Completed,,2026-08-24,2026-08-26
O101681,2026-08-21,SKU-B2,Supplier B,West,Cancelled,2026-08-24,2026-08-25,
O101682,2026-08-21,SKU-B1,Supplier B,North,Completed,,2026-08-23,2026-08-24
O101683,2026-08-21,SKU-B1,Supplier B,South,Completed,,2026-08-23,2026-08-23
O101684,2026-08-21,SKU-A2,Supplier A,North,Completed,,2026-08-23,2026-08-25
O101685,2026-08-21,SKU-A1,Supplier A,West,Completed,,2026-08-24,2026-08-24
O101686,2026-08-21,SKU-B1,Supplier B,North,Completed,,2026-08-23,2026-08-24
O101687,2026-08-21,SKU-B1,Supplier B,North,Completed,,2026-08-24,2026-08-26
O101688,2026-08-21,SKU-B1,Supplier B,North,Cancelled,2026-08-23,2026-08-23,
O101689,2026-08-21,SKU-B1,Supplier B,North,Completed,,2026-08-23,2026-08-23
O101690,2026-08-21,SKU-C1,Supplier C,West,Completed,,2026-08-25,2026-08-25
O101691,2026-08-21,SKU-C2,Supplier C,East,Completed,,2026-08-25,2026-08-26
O101692,2026-08-21,SKU-A1,Supplier A,South,Completed,,2026-08-23,2026-08-25
O101693,2026-08-21,SKU-B2,Supplier B,East,Completed,,2026-08-23,2026-08-23
O101694,2026-08-22,SKU-B2,Supplier B,West,Completed,,2026-08-25,2026-08-26
O101695,2026-08-22,SKU-C2,Supplier C,East,Completed,,2026-08-25,2026-08-27
O101696,2026-08-22,SKU-B2,Supplier B,East,Completed,,2026-08-26,2026-08-28
O101697,2026-08-22,SKU-A2,Supplier A,East,Completed,,2026-08-26,2026-08-26
O101698,2026-08-22,SKU-C2,Supplier C,East,Completed,,2026-08-24,2026-08-25
O101699,2026-08-22,SKU-B2,Supplier B,East,Completed,,2026-08-26,2026-08-28
O101700,2026-08-22,SKU-A2,Supplier A,South,Completed,,2026-08-24,2026-08-24
O101701,2026-08-22,SKU-B1,Supplier B,West,Cancelled,2026-08-23,2026-08-26,
O101702,2026-08-22,SKU-C2,Supplier C,South,Completed,,2026-08-25,2026-08-27
O101703,2026-08-22,SKU-B2,Supplier B,East,Completed,,2026-08-24,2026-08-24
O101704,2026-08-22,SKU-C2,Supplier C,North,Completed,,2026-08-26,2026-08-28
O101705,2026-08-22,SKU-C2,Supplier C,West,Completed,,2026-08-26,2026-08-26
O101706,2026-08-22,SKU-A1,Supplier A,East,Completed,,2026-08-26,2026-08-27
O101707,2026-08-22,SKU-A1,Supplier A,East,Completed,,2026-08-26,2026-08-28
O101708,2026-08-22,SKU-A1,Supplier A,South,Completed,,2026-08-25,2026-08-27
O101709,2026-08-22,SKU-C1,Supplier C,South,Completed,,2026-08-26,2026-08-28
O101710,2026-08-22,SKU-C1,Supplier C,South,Completed,,2026-08-26,2026-08-26
O101711,2026-08-22,SKU-C2,Supplier C,East,Completed,,2026-08-25,2026-08-25
O101712,2026-08-22,SKU-B2,Supplier B,South,Completed,,2026-08-25,2026-08-26
O101713,2026-08-22,SKU-C1,Supplier C,South,Completed,,2026-08-25,2026-08-26
O101714,2026-08-22,SKU-B1,Supplier B,South,Completed,,2026-08-25,2026-08-25
O101715,2026-08-22,SKU-B1,Supplier B,North,Completed,,2026-08-25,2026-08-25
O101716,2026-08-22,SKU-B1,Supplier B,East,Completed,,2026-08-25,2026-08-27
O101717,2026-08-22,SKU-B1,Supplier B,South,Completed,,2026-08-24,2026-08-26
O101718,2026-08-22,SKU-A2,Supplier A,South,Completed,,2026-08-25,2026-08-25
O101719,2026-08-22,SKU-B1,Supplier B,East,Completed,,2026-08-24,2026-08-24
O101720,2026-08-22,SKU-C2,Supplier C,South,Completed,,2026-08-24,2026-08-26
O101721,2026-08-22,SKU-C1,Supplier C,West,Completed,,2026-08-26,2026-08-27
O101722,2026-08-22,SKU-C1,Supplier C,West,Completed,,2026-08-24,2026-08-24
O101723,2026-08-22,SKU-A1,Supplier A,East,Completed,,2026-08-26,2026-08-26
O101724,2026-08-22,SKU-C2,Supplier C,South,Completed,,2026-08-26,2026-08-27
O101725,2026-08-22,SKU-C2,Supplier C,North,Completed,,2026-08-26,2026-08-28
O101726,2026-08-22,SKU-C2,Supplier C,North,Completed,,2026-08-26,2026-08-26
O101727,2026-08-22,SKU-C2,Supplier C,North,Completed,,2026-08-24,2026-08-26
O101728,2026-08-22,SKU-B2,Supplier B,West,Completed,,2026-08-25,2026-08-25
O101729,2026-08-22,SKU-C1,Supplier C,East,Cancelled,2026-08-25,2026-08-25,
O101730,2026-08-22,SKU-A2,Supplier A,North,Completed,,2026-08-25,2026-08-26
O101731,2026-08-22,SKU-A1,Supplier A,West,Completed,,2026-08-25,2026-08-26
O101732,2026-08-22,SKU-B2,Supplier B,West,Completed,,2026-08-26,2026-08-27
O101733,2026-08-22,SKU-B1,Supplier B,West,Completed,,2026-08-26,2026-08-27
O101734,2026-08-22,SKU-C2,Supplier C,South,Completed,,2026-08-25,2026-08-25
O101735,2026-08-22,SKU-B2,Supplier B,West,Completed,,2026-08-26,2026-08-28
O101736,2026-08-22,SKU-B1,Supplier B,West,Completed,,2026-08-26,2026-08-28
O101737,2026-08-22,SKU-C2,Supplier C,West,Completed,,2026-08-26,2026-08-27
O101738,2026-08-22,SKU-B2,Supplier B,West,Completed,,2026-08-26,2026-08-26
O101739,2026-08-22,SKU-C2,Supplier C,South,Completed,,2026-08-24,2026-08-24
O101740,2026-08-22,SKU-A1,Supplier A,West,Completed,,2026-08-24,2026-08-26
O101741,2026-08-22,SKU-A1,Supplier A,South,Completed,,2026-08-25,2026-08-25
O101742,2026-08-22,SKU-A2,Supplier A,North,Completed,,2026-08-24,2026-08-26
O101743,2026-08-22,SKU-A2,Supplier A,North,Completed,,2026-08-26,2026-08-27
O101744,2026-08-22,SKU-B2,Supplier B,East,Completed,,2026-08-26,2026-08-28
O101745,2026-08-22,SKU-A2,Supplier A,West,Completed,,2026-08-25,2026-08-25
O101746,2026-08-22,SKU-C2,Supplier C,East,Completed,,2026-08-26,2026-08-27
O101747,2026-08-22,SKU-B1,Supplier B,South,Completed,,2026-08-24,2026-08-26
O101748,2026-08-22,SKU-A1,Supplier A,South,Completed,,2026-08-26,2026-08-27
O101749,2026-08-22,SKU-A1,Supplier A,East,Completed,,2026-08-25,2026-08-27
O101750,2026-08-22,SKU-A1,Supplier A,South,Completed,,2026-08-25,2026-08-26
O101751,2026-08-22,SKU-B2,Supplier B,North,Completed,,2026-08-26,2026-08-28
O101752,2026-08-22,SKU-C2,Supplier C,South,Completed,,2026-08-26,2026-08-28
O101753,2026-08-22,SKU-B1,Supplier B,South,Completed,,2026-08-26,2026-08-27
O101754,2026-08-22,SKU-C1,Supplier C,West,Completed,,2026-08-26,2026-08-28
O101755,2026-08-22,SKU-B2,Supplier B,North,Completed,,2026-08-25,2026-08-25
O101756,2026-08-22,SKU-A1,Supplier A,East,Completed,,2026-08-24,2026-08-25
O101757,2026-08-22,SKU-A1,Supplier A,North,Completed,,2026-08-24,2026-08-26
O101758,2026-08-22,SKU-B2,Supplier B,West,Cancelled,2026-08-25,2026-08-24,
O101759,2026-08-22,SKU-B1,Supplier B,West,Completed,,2026-08-24,2026-08-26
O101760,2026-08-22,SKU-A1,Supplier A,East,Completed,,2026-08-24,2026-08-24
O101761,2026-08-22,SKU-B2,Supplier B,West,Completed,,2026-08-24,2026-08-24
O101762,2026-08-22,SKU-B2,Supplier B,North,Completed,,2026-08-24,2026-08-26
O101763,2026-08-22,SKU-B1,Supplier B,North,Completed,,2026-08-26,2026-08-27
O101764,2026-08-22,SKU-A2,Supplier A,West,Completed,,2026-08-24,2026-08-25
O101765,2026-08-22,SKU-A1,Supplier A,East,Completed,,2026-08-25,2026-08-25
O101766,2026-08-22,SKU-C1,Supplier C,South,Completed,,2026-08-26,2026-08-26
O101767,2026-08-22,SKU-B2,Supplier B,North,Completed,,2026-08-25,2026-08-27
O101768,2026-08-22,SKU-B1,Supplier B,West,Completed,,2026-08-26,2026-08-28
O101769,2026-08-22,SKU-A2,Supplier A,East,Completed,,2026-08-26,2026-08-27
O101770,2026-08-22,SKU-C2,Supplier C,West,Completed,,2026-08-26,2026-08-28
O101771,2026-08-22,SKU-A1,Supplier A,East,Completed,,2026-08-26,2026-08-28
O101772,2026-08-22,SKU-A1,Supplier A,East,Completed,,2026-08-24,2026-08-25
O101773,2026-08-22,SKU-B1,Supplier B,West,Completed,,2026-08-24,2026-08-24
O101774,2026-08-22,SKU-C2,Supplier C,North,Completed,,2026-08-24,2026-08-25
O101775,2026-08-23,SKU-A2,Supplier A,South,Completed,,2026-08-26,2026-08-26
O101776,2026-08-23,SKU-B1,Supplier B,West,Completed,,2026-08-25,2026-08-26
O101777,2026-08-23,SKU-C2,Supplier C,East,Cancelled,2026-08-25,2026-08-26,
O101778,2026-08-23,SKU-A2,Supplier A,North,Completed,,2026-08-25,2026-08-25
O101779,2026-08-23,SKU-C1,Supplier C,North,Completed,,2026-08-27,2026-08-29
O101780,2026-08-23,SKU-A1,Supplier A,West,Cancelled,2026-08-25,2026-08-27,
O101781,2026-08-23,SKU-B1,Supplier B,South,Completed,,2026-08-27,2026-08-27
O101782,2026-08-23,SKU-C1,Supplier C,West,Completed,,2026-08-25,2026-08-25
O101783,2026-08-23,SKU-B2,Supplier B,East,Completed,,2026-08-25,2026-08-27
O101784,2026-08-23,SKU-C2,Supplier C,West,Completed,,2026-08-25,2026-08-25
O101785,2026-08-23,SKU-B2,Supplier B,North,Completed,,2026-08-26,2026-08-27
O101786,2026-08-23,SKU-B1,Supplier B,West,Completed,,2026-08-27,2026-08-29
O101787,2026-08-23,SKU-C2,Supplier C,South,Completed,,2026-08-26,2026-08-26
O101788,2026-08-23,SKU-B2,Supplier B,West,Completed,,2026-08-26,2026-08-26
O101789,2026-08-23,SKU-C1,Supplier C,West,Completed,,2026-08-25,2026-08-25
O101790,2026-08-23,SKU-B2,Supplier B,South,Completed,,2026-08-27,2026-08-27
O101791,2026-08-23,SKU-A2,Supplier A,South,Completed,,2026-08-25,2026-08-27
O101792,2026-08-23,SKU-B2,Supplier B,West,Completed,,2026-08-25,2026-08-25
O101793,2026-08-23,SKU-C1,Supplier C,East,Completed,,2026-08-26,2026-08-28
O101794,2026-08-23,SKU-B2,Supplier B,North,Completed,,2026-08-26,2026-08-26
O101795,2026-08-23,SKU-C2,Supplier C,West,Completed,,2026-08-25,2026-08-27
O101796,2026-08-23,SKU-B1,Supplier B,North,Completed,,2026-08-25,2026-08-27
O101797,2026-08-23,SKU-B1,Supplier B,West,Completed,,2026-08-27,2026-08-29
O101798,2026-08-23,SKU-A2,Supplier A,West,Completed,,2026-08-27,2026-08-27
O101799,2026-08-23,SKU-B2,Supplier B,North,Completed,,2026-08-25,2026-08-27
O101800,2026-08-23,SKU-B2,Supplier B,East,Completed,,2026-08-26,2026-08-28
O101801,2026-08-23,SKU-A2,Supplier A,West,Cancelled,2026-08-25,2026-08-26,
O101802,2026-08-23,SKU-B1,Supplier B,East,Completed,,2026-08-25,2026-08-27
O101803,2026-08-23,SKU-A1,Supplier A,North,Completed,,2026-08-27,2026-08-29
O101804,2026-08-23,SKU-C1,Supplier C,East,Completed,,2026-08-26,2026-08-27
O101805,2026-08-23,SKU-A2,Supplier A,North,Completed,,2026-08-27,2026-08-27
O101806,2026-08-23,SKU-C2,Supplier C,South,Completed,,2026-08-27,2026-08-28
O101807,2026-08-23,SKU-C2,Supplier C,East,Completed,,2026-08-27,2026-08-28
O101808,2026-08-23,SKU-C1,Supplier C,East,Completed,,2026-08-25,2026-08-25
O101809,2026-08-23,SKU-C1,Supplier C,West,Completed,,2026-08-25,2026-08-26
O101810,2026-08-23,SKU-C2,Supplier C,South,Completed,,2026-08-26,2026-08-26
O101811,2026-08-23,SKU-A2,Supplier A,South,Completed,,2026-08-27,2026-08-29
O101812,2026-08-23,SKU-A1,Supplier A,West,Completed,,2026-08-25,2026-08-25
O101813,2026-08-23,SKU-B2,Supplier B,West,Completed,,2026-08-27,2026-08-29
O101814,2026-08-23,SKU-C2,Supplier C,West,Completed,,2026-08-26,2026-08-28
O101815,2026-08-23,SKU-C2,Supplier C,North,Completed,,2026-08-25,2026-08-27
O101816,2026-08-23,SKU-A1,Supplier A,West,Completed,,2026-08-26,2026-08-26
O101817,2026-08-23,SKU-B1,Supplier B,South,Cancelled,2026-08-24,2026-08-26,
O101818,2026-08-23,SKU-A1,Supplier A,West,Completed,,2026-08-25,2026-08-26
O101819,2026-08-23,SKU-A2,Supplier A,North,Completed,,2026-08-26,2026-08-26
O101820,2026-08-23,SKU-A1,Supplier A,South,Completed,,2026-08-27,2026-08-28
O101821,2026-08-23,SKU-C2,Supplier C,West,Completed,,2026-08-25,2026-08-27
O101822,2026-08-23,SKU-B1,Supplier B,South,Completed,,2026-08-25,2026-08-27
O101823,2026-08-23,SKU-C1,Supplier C,East,Completed,,2026-08-26,2026-08-28
O101824,2026-08-23,SKU-C1,Supplier C,West,Completed,,2026-08-25,2026-08-25
O101825,2026-08-23,SKU-B2,Supplier B,North,Completed,,2026-08-26,2026-08-27
O101826,2026-08-23,SKU-A2,Supplier A,South,Completed,,2026-08-27,2026-08-29
O101827,2026-08-23,SKU-A2,Supplier A,West,Completed,,2026-08-27,2026-08-29
O101828,2026-08-23,SKU-A1,Supplier A,West,Completed,,2026-08-26,2026-08-26
O101829,2026-08-23,SKU-A2,Supplier A,North,Completed,,2026-08-26,2026-08-26
O101830,2026-08-23,SKU-B1,Supplier B,East,Completed,,2026-08-26,2026-08-28
O101831,2026-08-23,SKU-A1,Supplier A,South,Completed,,2026-08-27,2026-08-27
O101832,2026-08-23,SKU-C2,Supplier C,South,Cancelled,2026-08-24,2026-08-25,
O101833,2026-08-23,SKU-A1,Supplier A,West,Completed,,2026-08-27,2026-08-28
O101834,2026-08-23,SKU-A1,Supplier A,East,Cancelled,2026-08-25,2026-08-27,
O101835,2026-08-23,SKU-C2,Supplier C,East,Completed,,2026-08-27,2026-08-27
O101836,2026-08-23,SKU-A2,Supplier A,West,Completed,,2026-08-25,2026-08-25
O101837,2026-08-23,SKU-A2,Supplier A,South,Completed,,2026-08-27,2026-08-27
O101838,2026-08-23,SKU-B1,Supplier B,South,Completed,,2026-08-25,2026-08-26
O101839,2026-08-23,SKU-C1,Supplier C,East,Completed,,2026-08-27,2026-08-27
O101840,2026-08-23,SKU-B2,Supplier B,North,Cancelled,2026-08-26,2026-08-25,
O101841,2026-08-23,SKU-B2,Supplier B,East,Completed,,2026-08-25,2026-08-27
O101842,2026-08-23,SKU-B1,Supplier B,West,Completed,,2026-08-27,2026-08-27
O101843,2026-08-23,SKU-B1,Supplier B,South,Completed,,2026-08-26,2026-08-27
O101844,2026-08-23,SKU-C2,Supplier C,North,Completed,,2026-08-26,2026-08-27
O101845,2026-08-23,SKU-A2,Supplier A,South,Completed,,2026-08-25,2026-08-25
O101846,2026-08-23,SKU-A2,Supplier A,East,Completed,,2026-08-25,2026-08-27
O101847,2026-08-23,SKU-B1,Supplier B,South,Completed,,2026-08-26,2026-08-27
O101848,2026-08-23,SKU-A2,Supplier A,North,Completed,,2026-08-26,2026-08-26
O101849,2026-08-23,SKU-A1,Supplier A,West,Completed,,2026-08-26,2026-08-27
O101850,2026-08-23,SKU-A1,Supplier A,East,Completed,,2026-08-26,2026-08-27
O101851,2026-08-23,SKU-B1,Supplier B,North,Completed,,2026-08-26,2026-08-27
O101852,2026-08-23,SKU-C2,Supplier C,West,Completed,,2026-08-26,2026-08-27
O101853,2026-08-23,SKU-C1,Supplier C,East,Completed,,2026-08-27,2026-08-29
O101854,2026-08-23,SKU-A2,Supplier A,North,Completed,,2026-08-27,2026-08-29
O101855,2026-08-23,SKU-C2,Supplier C,East,Completed,,2026-08-26,2026-08-27
O101856,2026-08-23,SKU-A2,Supplier A,North,Completed,,2026-08-26,2026-08-28
O101857,2026-08-23,SKU-A2,Supplier A,South,Completed,,2026-08-25,2026-08-25
O101858,2026-08-23,SKU-B2,Supplier B,East,Completed,,2026-08-25,2026-08-26
O101859,2026-08-23,SKU-B2,Supplier B,West,Completed,,2026-08-26,2026-08-28
O101860,2026-08-23,SKU-A2,Supplier A,North,Cancelled,2026-08-25,2026-08-26,
O101861,2026-08-23,SKU-B2,Supplier B,South,Completed,,2026-08-27,2026-08-27
O101862,2026-08-23,SKU-A2,Supplier A,East,Completed,,2026-08-25,2026-08-26
O101863,2026-08-23,SKU-B1,Supplier B,West,Completed,,2026-08-25,2026-08-26
O101864,2026-08-23,SKU-C1,Supplier C,South,Completed,,2026-08-27,2026-08-28
O101865,2026-08-24,SKU-A2,Supplier A,West,Completed,,2026-08-27,2026-08-27
O101866,2026-08-24,SKU-A2,Supplier A,West,Completed,,2026-08-28,2026-08-29
O101867,2026-08-24,SKU-B1,Supplier B,East,Completed,,2026-08-27,2026-08-29
O101868,2026-08-24,SKU-B2,Supplier B,East,Completed,,2026-08-26,2026-08-27
O101869,2026-08-24,SKU-C1,Supplier C,South,Completed,,2026-08-26,2026-08-28
O101870,2026-08-24,SKU-C1,Supplier C,North,Completed,,2026-08-27,2026-08-27
O101871,2026-08-24,SKU-B1,Supplier B,South,Completed,,2026-08-28,2026-08-30
O101872,2026-08-24,SKU-C1,Supplier C,North,Completed,,2026-08-28,2026-08-29
O101873,2026-08-24,SKU-C1,Supplier C,West,Completed,,2026-08-28,2026-08-28
O101874,2026-08-24,SKU-A1,Supplier A,East,Completed,,2026-08-27,2026-08-29
O101875,2026-08-24,SKU-A1,Supplier A,West,Completed,,2026-08-27,2026-08-28
O101876,2026-08-24,SKU-A1,Supplier A,West,Completed,,2026-08-27,2026-08-27
O101877,2026-08-24,SKU-C2,Supplier C,West,Completed,,2026-08-28,2026-08-29
O101878,2026-08-24,SKU-B1,Supplier B,South,Completed,,2026-08-27,2026-08-27
O101879,2026-08-24,SKU-B2,Supplier B,West,Completed,,2026-08-26,2026-08-27
O101880,2026-08-24,SKU-A2,Supplier A,West,Completed,,2026-08-26,2026-08-27
O101881,2026-08-24,SKU-A2,Supplier A,North,Completed,,2026-08-26,2026-08-26
O101882,2026-08-24,SKU-A2,Supplier A,South,Completed,,2026-08-27,2026-08-28
O101883,2026-08-24,SKU-A1,Supplier A,West,Completed,,2026-08-26,2026-08-28
O101884,2026-08-24,SKU-C1,Supplier C,South,Completed,,2026-08-27,2026-08-27
O101885,2026-08-24,SKU-C2,Supplier C,West,Completed,,2026-08-27,2026-08-27
O101886,2026-08-24,SKU-A2,Supplier A,West,Completed,,2026-08-26,2026-08-26
O101887,2026-08-24,SKU-B2,Supplier B,North,Completed,,2026-08-28,2026-08-30
O101888,2026-08-24,SKU-B2,Supplier B,East,Completed,,2026-08-28,2026-08-29
O101889,2026-08-24,SKU-C1,Supplier C,East,Completed,,2026-08-27,2026-08-28
O101890,2026-08-24,SKU-B2,Supplier B,East,Completed,,2026-08-28,2026-08-28
O101891,2026-08-24,SKU-C2,Supplier C,East,Completed,,2026-08-28,2026-08-30
O101892,2026-08-24,SKU-B1,Supplier B,North,Completed,,2026-08-26,2026-08-26
O101893,2026-08-24,SKU-B1,Supplier B,South,Completed,,2026-08-28,2026-08-29
O101894,2026-08-24,SKU-A2,Supplier A,West,Completed,,2026-08-28,2026-08-30
O101895,2026-08-24,SKU-B2,Supplier B,South,Completed,,2026-08-26,2026-08-27
O101896,2026-08-24,SKU-B2,Supplier B,South,Completed,,2026-08-26,2026-08-26
O101897,2026-08-24,SKU-A1,Supplier A,South,Completed,,2026-08-26,2026-08-26
O101898,2026-08-24,SKU-B2,Supplier B,South,Completed,,2026-08-26,2026-08-27
O101899,2026-08-24,SKU-C2,Supplier C,East,Completed,,2026-08-27,2026-08-27
O101900,2026-08-24,SKU-B1,Supplier B,South,Cancelled,2026-08-27,2026-08-26,
O101901,2026-08-24,SKU-B2,Supplier B,West,Cancelled,2026-08-25,2026-08-27,
O101902,2026-08-24,SKU-C2,Supplier C,North,Completed,,2026-08-27,2026-08-27
O101903,2026-08-24,SKU-A2,Supplier A,North,Completed,,2026-08-28,2026-08-29
O101904,2026-08-24,SKU-B2,Supplier B,North,Completed,,2026-08-28,2026-08-29
O101905,2026-08-24,SKU-C2,Supplier C,North,Completed,,2026-08-26,2026-08-28
O101906,2026-08-24,SKU-A1,Supplier A,North,Completed,,2026-08-28,2026-08-29
O101907,2026-08-24,SKU-C2,Supplier C,South,Completed,,2026-08-26,2026-08-27
O101908,2026-08-24,SKU-A2,Supplier A,East,Completed,,2026-08-27,2026-08-27
O101909,2026-08-24,SKU-B1,Supplier B,North,Completed,,2026-08-27,2026-08-27
O101910,2026-08-24,SKU-A1,Supplier A,East,Cancelled,2026-08-26,2026-08-26,
O101911,2026-08-24,SKU-C2,Supplier C,West,Completed,,2026-08-27,2026-08-27
O101912,2026-08-24,SKU-A2,Supplier A,North,Completed,,2026-08-27,2026-08-28
O101913,2026-08-24,SKU-C2,Supplier C,South,Completed,,2026-08-26,2026-08-26
O101914,2026-08-24,SKU-A2,Supplier A,East,Completed,,2026-08-27,2026-08-29
O101915,2026-08-24,SKU-B1,Supplier B,South,Completed,,2026-08-26,2026-08-27
O101916,2026-08-24,SKU-C2,Supplier C,South,Completed,,2026-08-27,2026-08-28
O101917,2026-08-24,SKU-C1,Supplier C,North,Cancelled,2026-08-26,2026-08-28,
O101918,2026-08-24,SKU-B1,Supplier B,East,Completed,,2026-08-26,2026-08-28
O101919,2026-08-24,SKU-C1,Supplier C,East,Completed,,2026-08-27,2026-08-28
O101920,2026-08-24,SKU-A2,Supplier A,West,Completed,,2026-08-28,2026-08-28
O101921,2026-08-24,SKU-C1,Supplier C,South,Cancelled,2026-08-27,2026-08-26,
O101922,2026-08-24,SKU-A2,Supplier A,North,Completed,,2026-08-27,2026-08-27
O101923,2026-08-24,SKU-B1,Supplier B,South,Completed,,2026-08-27,2026-08-27
O101924,2026-08-24,SKU-B1,Supplier B,South,Completed,,2026-08-27,2026-08-27
O101925,2026-08-24,SKU-B2,Supplier B,North,Completed,,2026-08-27,2026-08-29
O101926,2026-08-24,SKU-B1,Supplier B,West,Completed,,2026-08-27,2026-08-27
O101927,2026-08-24,SKU-B1,Supplier B,North,Cancelled,2026-08-27,2026-08-26,
O101928,2026-08-24,SKU-A1,Supplier A,South,Completed,,2026-08-28,2026-08-29
O101929,2026-08-24,SKU-C2,Supplier C,East,Completed,,2026-08-27,2026-08-29
O101930,2026-08-24,SKU-B1,Supplier B,North,Completed,,2026-08-27,2026-08-29
O101931,2026-08-24,SKU-B1,Supplier B,North,Completed,,2026-08-26,2026-08-28
O101932,2026-08-24,SKU-B1,Supplier B,West,Cancelled,2026-08-26,2026-08-27,
O101933,2026-08-24,SKU-C1,Supplier C,South,Completed,,2026-08-28,2026-08-30
O101934,2026-08-24,SKU-C1,Supplier C,East,Completed,,2026-08-27,2026-08-28
O101935,2026-08-24,SKU-A2,Supplier A,West,Completed,,2026-08-28,2026-08-28
O101936,2026-08-25,SKU-A1,Supplier A,North,Completed,,2026-08-28,2026-08-30
O101937,2026-08-25,SKU-B2,Supplier B,West,Completed,,2026-08-27,2026-08-29
O101938,2026-08-25,SKU-B1,Supplier B,North,Completed,,2026-08-29,2026-08-29
O101939,2026-08-25,SKU-B2,Supplier B,West,Completed,,2026-08-27,2026-08-28
O101940,2026-08-25,SKU-C1,Supplier C,North,Completed,,2026-08-29,2026-08-30
O101941,2026-08-25,SKU-B1,Supplier B,South,Completed,,2026-08-29,2026-08-29
O101942,2026-08-25,SKU-B2,Supplier B,East,Completed,,2026-08-29,2026-08-30
O101943,2026-08-25,SKU-C1,Supplier C,North,Completed,,2026-08-28,2026-08-29
O101944,2026-08-25,SKU-A2,Supplier A,West,Completed,,2026-08-29,2026-08-29
O101945,2026-08-25,SKU-A2,Supplier A,East,Completed,,2026-08-28,2026-08-29
O101946,2026-08-25,SKU-B1,Supplier B,South,Completed,,2026-08-27,2026-08-27
O101947,2026-08-25,SKU-A2,Supplier A,East,Completed,,2026-08-27,2026-08-28
O101948,2026-08-25,SKU-C1,Supplier C,West,Completed,,2026-08-27,2026-08-27
O101949,2026-08-25,SKU-C2,Supplier C,West,Completed,,2026-08-29,2026-08-30
O101950,2026-08-25,SKU-B2,Supplier B,East,Completed,,2026-08-29,2026-08-30
O101951,2026-08-25,SKU-C2,Supplier C,North,Completed,,2026-08-29,2026-08-29
O101952,2026-08-25,SKU-B1,Supplier B,West,Completed,,2026-08-28,2026-08-30
O101953,2026-08-25,SKU-C2,Supplier C,North,Completed,,2026-08-29,2026-08-30
O101954,2026-08-25,SKU-A2,Supplier A,North,Completed,,2026-08-27,2026-08-28
O101955,2026-08-25,SKU-A1,Supplier A,West,Completed,,2026-08-28,2026-08-29
O101956,2026-08-25,SKU-B2,Supplier B,West,Completed,,2026-08-27,2026-08-27
O101957,2026-08-25,SKU-A2,Supplier A,South,Completed,,2026-08-27,2026-08-27
O101958,2026-08-25,SKU-C1,Supplier C,East,Completed,,2026-08-29,2026-08-31
O101959,2026-08-25,SKU-C1,Supplier C,South,Completed,,2026-08-28,2026-08-28
O101960,2026-08-25,SKU-A1,Supplier A,South,Completed,,2026-08-28,2026-08-28
O101961,2026-08-25,SKU-C2,Supplier C,West,Completed,,2026-08-27,2026-08-28
O101962,2026-08-25,SKU-A2,Supplier A,West,Completed,,2026-08-29,2026-08-29
O101963,2026-08-25,SKU-A1,Supplier A,South,Completed,,2026-08-27,2026-08-28
O101964,2026-08-25,SKU-B1,Supplier B,West,Completed,,2026-08-28,2026-08-28
O101965,2026-08-25,SKU-A1,Supplier A,South,Completed,,2026-08-27,2026-08-29
O101966,2026-08-25,SKU-C2,Supplier C,East,Completed,,2026-08-27,2026-08-27
O101967,2026-08-25,SKU-C1,Supplier C,West,Cancelled,2026-08-27,2026-08-28,
O101968,2026-08-25,SKU-A1,Supplier A,North,Completed,,2026-08-29,2026-08-29
O101969,2026-08-25,SKU-A2,Supplier A,East,Completed,,2026-08-27,2026-08-28
O101970,2026-08-25,SKU-A2,Supplier A,West,Completed,,2026-08-27,2026-08-28
O101971,2026-08-25,SKU-C2,Supplier C,East,Completed,,2026-08-28,2026-08-30
O101972,2026-08-25,SKU-A2,Supplier A,North,Completed,,2026-08-29,2026-08-31
O101973,2026-08-25,SKU-A2,Supplier A,South,Completed,,2026-08-28,2026-08-30
O101974,2026-08-25,SKU-B1,Supplier B,West,Completed,,2026-08-27,2026-08-29
O101975,2026-08-25,SKU-A2,Supplier A,West,Completed,,2026-08-29,2026-08-30
O101976,2026-08-25,SKU-C1,Supplier C,North,Completed,,2026-08-28,2026-08-29
O101977,2026-08-25,SKU-B1,Supplier B,East,Completed,,2026-08-29,2026-08-31
O101978,2026-08-25,SKU-B1,Supplier B,West,Completed,,2026-08-27,2026-08-28
O101979,2026-08-25,SKU-C2,Supplier C,South,Completed,,2026-08-29,2026-08-31
O101980,2026-08-25,SKU-A1,Supplier A,South,Completed,,2026-08-29,2026-08-29
O101981,2026-08-25,SKU-A1,Supplier A,South,Completed,,2026-08-29,2026-08-30
O101982,2026-08-25,SKU-C1,Supplier C,West,Completed,,2026-08-29,2026-08-30
O101983,2026-08-25,SKU-A1,Supplier A,North,Completed,,2026-08-28,2026-08-28
O101984,2026-08-25,SKU-C2,Supplier C,East,Completed,,2026-08-28,2026-08-30
O101985,2026-08-25,SKU-B2,Supplier B,East,Completed,,2026-08-28,2026-08-30
O101986,2026-08-25,SKU-B1,Supplier B,South,Completed,,2026-08-28,2026-08-28
O101987,2026-08-25,SKU-A2,Supplier A,South,Completed,,2026-08-27,2026-08-29
O101988,2026-08-25,SKU-B2,Supplier B,West,Completed,,2026-08-28,2026-08-30
O101989,2026-08-25,SKU-A1,Supplier A,West,Cancelled,2026-08-28,2026-08-27,
O101990,2026-08-25,SKU-C2,Supplier C,East,Completed,,2026-08-29,2026-08-31
O101991,2026-08-25,SKU-C2,Supplier C,East,Completed,,2026-08-29,2026-08-31
O101992,2026-08-25,SKU-A1,Supplier A,South,Completed,,2026-08-29,2026-08-29
O101993,2026-08-25,SKU-C1,Supplier C,South,Completed,,2026-08-29,2026-08-31
O101994,2026-08-25,SKU-A2,Supplier A,South,Completed,,2026-08-29,2026-08-30
O101995,2026-08-25,SKU-A1,Supplier A,North,Completed,,2026-08-28,2026-08-28
O101996,2026-08-25,SKU-C1,Supplier C,East,Completed,,2026-08-29,2026-08-30
O101997,2026-08-25,SKU-B2,Supplier B,North,Completed,,2026-08-29,2026-08-31
O101998,2026-08-25,SKU-A1,Supplier A,South,Completed,,2026-08-27,2026-08-29
O101999,2026-08-25,SKU-A1,Supplier A,South,Completed,,2026-08-29,2026-08-31
O102000,2026-08-25,SKU-A2,Supplier A,West,Completed,,2026-08-28,2026-08-29
O102001,2026-08-25,SKU-A2,Supplier A,East,Completed,,2026-08-27,2026-08-29
O102002,2026-08-25,SKU-B2,Supplier B,North,Completed,,2026-08-28,2026-08-30
O102003,2026-08-25,SKU-A1,Supplier A,West,Completed,,2026-08-27,2026-08-27
O102004,2026-08-25,SKU-A2,Supplier A,East,Completed,,2026-08-27,2026-08-27
O102005,2026-08-25,SKU-A2,Supplier A,North,Completed,,2026-08-29,2026-08-30
O102006,2026-08-25,SKU-A1,Supplier A,North,Completed,,2026-08-27,2026-08-28
O102007,2026-08-25,SKU-B2,Supplier B,South,Completed,,2026-08-28,2026-08-29
O102008,2026-08-25,SKU-B2,Supplier B,West,Completed,,2026-08-28,2026-08-30
O102009,2026-08-25,SKU-A2,Supplier A,West,Cancelled,2026-08-28,2026-08-28,
O102010,2026-08-25,SKU-C2,Supplier C,South,Completed,,2026-08-27,2026-08-27
O102011,2026-08-25,SKU-B1,Supplier B,East,Completed,,2026-08-29,2026-08-30
O102012,2026-08-25,SKU-A2,Supplier A,East,Completed,,2026-08-28,2026-08-28
O102013,2026-08-25,SKU-C1,Supplier C,South,Completed,,2026-08-29,2026-08-31
O102014,2026-08-25,SKU-A1,Supplier A,West,Completed,,2026-08-28,2026-08-30
O102015,2026-08-25,SKU-A1,Supplier A,West,Completed,,2026-08-27,2026-08-28
O102016,2026-08-26,SKU-A1,Supplier A,East,Completed,,2026-08-30,2026-08-31
O102017,2026-08-26,SKU-B1,Supplier B,North,Completed,,2026-08-28,2026-08-28
O102018,2026-08-26,SKU-C1,Supplier C,South,Completed,,2026-08-28,2026-08-29
O102019,2026-08-26,SKU-B1,Supplier B,South,Completed,,2026-08-28,2026-08-29
O102020,2026-08-26,SKU-B2,Supplier B,East,Completed,,2026-08-29,2026-08-29
O102021,2026-08-26,SKU-A2,Supplier A,West,Completed,,2026-08-30,2026-09-01
O102022,2026-08-26,SKU-C1,Supplier C,South,Completed,,2026-08-28,2026-08-29
O102023,2026-08-26,SKU-A1,Supplier A,North,Completed,,2026-08-30,2026-08-31
O102024,2026-08-26,SKU-B2,Supplier B,East,Completed,,2026-08-30,2026-09-01
O102025,2026-08-26,SKU-A1,Supplier A,West,Completed,,2026-08-30,2026-08-30
O102026,2026-08-26,SKU-B1,Supplier B,South,Completed,,2026-08-28,2026-08-28
O102027,2026-08-26,SKU-A1,Supplier A,South,Completed,,2026-08-28,2026-08-28
O102028,2026-08-26,SKU-A1,Supplier A,South,Completed,,2026-08-30,2026-08-30
O102029,2026-08-26,SKU-B2,Supplier B,South,Completed,,2026-08-30,2026-08-30
O102030,2026-08-26,SKU-B2,Supplier B,North,Completed,,2026-08-29,2026-08-29
O102031,2026-08-26,SKU-A1,Supplier A,South,Completed,,2026-08-28,2026-08-29
O102032,2026-08-26,SKU-C1,Supplier C,East,Completed,,2026-08-30,2026-08-31
O102033,2026-08-26,SKU-C1,Supplier C,South,Completed,,2026-08-28,2026-08-28
O102034,2026-08-26,SKU-A1,Supplier A,South,Completed,,2026-08-28,2026-08-30
O102035,2026-08-26,SKU-B1,Supplier B,South,Completed,,2026-08-30,2026-08-31
O102036,2026-08-26,SKU-C2,Supplier C,North,Completed,,2026-08-28,2026-08-28
O102037,2026-08-26,SKU-B1,Supplier B,North,Completed,,2026-08-29,2026-08-31
O102038,2026-08-26,SKU-A1,Supplier A,South,Completed,,2026-08-29,2026-08-31
O102039,2026-08-26,SKU-B1,Supplier B,South,Completed,,2026-08-29,2026-08-30
O102040,2026-08-26,SKU-A2,Supplier A,West,Completed,,2026-08-29,2026-08-31
O102041,2026-08-26,SKU-B1,Supplier B,West,Completed,,2026-08-29,2026-08-30
O102042,2026-08-26,SKU-C2,Supplier C,East,Completed,,2026-08-30,2026-08-31
O102043,2026-08-26,SKU-B1,Supplier B,East,Completed,,2026-08-28,2026-08-28
O102044,2026-08-26,SKU-B1,Supplier B,North,Completed,,2026-08-30,2026-08-31
O102045,2026-08-26,SKU-A1,Supplier A,North,Completed,,2026-08-30,2026-08-31
O102046,2026-08-26,SKU-A2,Supplier A,North,Completed,,2026-08-28,2026-08-30
O102047,2026-08-26,SKU-C1,Supplier C,North,Completed,,2026-08-28,2026-08-28
O102048,2026-08-26,SKU-C2,Supplier C,West,Completed,,2026-08-28,2026-08-30
O102049,2026-08-26,SKU-A1,Supplier A,West,Completed,,2026-08-28,2026-08-29
O102050,2026-08-26,SKU-B1,Supplier B,North,Completed,,2026-08-30,2026-09-01
O102051,2026-08-26,SKU-C1,Supplier C,West,Completed,,2026-08-30,2026-08-30
O102052,2026-08-26,SKU-C1,Supplier C,East,Completed,,2026-08-30,2026-08-30
O102053,2026-08-26,SKU-B1,Supplier B,South,Completed,,2026-08-28,2026-08-30
O102054,2026-08-26,SKU-A1,Supplier A,South,Completed,,2026-08-29,2026-08-29
O102055,2026-08-26,SKU-C2,Supplier C,South,Completed,,2026-08-29,2026-08-30
O102056,2026-08-26,SKU-B1,Supplier B,East,Completed,,2026-08-28,2026-08-28
O102057,2026-08-26,SKU-B2,Supplier B,East,Completed,,2026-08-28,2026-08-30
O102058,2026-08-26,SKU-B1,Supplier B,East,Completed,,2026-08-28,2026-08-29
O102059,2026-08-26,SKU-B1,Supplier B,West,Completed,,2026-08-30,2026-09-01
O102060,2026-08-26,SKU-B1,Supplier B,North,Completed,,2026-08-28,2026-08-29
O102061,2026-08-26,SKU-B1,Supplier B,West,Completed,,2026-08-28,2026-08-28
O102062,2026-08-26,SKU-C2,Supplier C,West,Completed,,2026-08-30,2026-08-31
O102063,2026-08-26,SKU-C1,Supplier C,West,Cancelled,2026-08-29,2026-08-29,
O102064,2026-08-26,SKU-C2,Supplier C,North,Completed,,2026-08-28,2026-08-28
O102065,2026-08-26,SKU-A1,Supplier A,North,Completed,,2026-08-29,2026-08-29
O102066,2026-08-26,SKU-A1,Supplier A,North,Completed,,2026-08-30,2026-08-30
O102067,2026-08-26,SKU-A1,Supplier A,East,Completed,,2026-08-29,2026-08-31
O102068,2026-08-26,SKU-C2,Supplier C,East,Completed,,2026-08-28,2026-08-30
O102069,2026-08-26,SKU-B1,Supplier B,West,Cancelled,2026-08-28,2026-08-29,
O102070,2026-08-26,SKU-C2,Supplier C,East,Completed,,2026-08-30,2026-08-31
O102071,2026-08-26,SKU-C2,Supplier C,East,Completed,,2026-08-28,2026-08-30
O102072,2026-08-26,SKU-C1,Supplier C,South,Completed,,2026-08-28,2026-08-28
O102073,2026-08-26,SKU-A1,Supplier A,South,Completed,,2026-08-28,2026-08-30
O102074,2026-08-26,SKU-C1,Supplier C,East,Completed,,2026-08-30,2026-08-30
O102075,2026-08-26,SKU-C2,Supplier C,East,Completed,,2026-08-29,2026-08-29
O102076,2026-08-26,SKU-A1,Supplier A,East,Completed,,2026-08-28,2026-08-30
O102077,2026-08-26,SKU-C1,Supplier C,East,Completed,,2026-08-29,2026-08-29
O102078,2026-08-26,SKU-C2,Supplier C,North,Completed,,2026-08-29,2026-08-29
O102079,2026-08-26,SKU-A1,Supplier A,East,Completed,,2026-08-28,2026-08-30
O102080,2026-08-26,SKU-C1,Supplier C,North,Completed,,2026-08-29,2026-08-30
O102081,2026-08-26,SKU-C1,Supplier C,East,Completed,,2026-08-28,2026-08-28
O102082,2026-08-26,SKU-A1,Supplier A,East,Completed,,2026-08-30,2026-08-30
O102083,2026-08-26,SKU-A1,Supplier A,South,Completed,,2026-08-29,2026-08-30
O102084,2026-08-26,SKU-A1,Supplier A,South,Completed,,2026-08-29,2026-08-31
O102085,2026-08-26,SKU-A1,Supplier A,West,Completed,,2026-08-30,2026-08-30
O102086,2026-08-26,SKU-A1,Supplier A,West,Completed,,2026-08-30,2026-08-30
O102087,2026-08-26,SKU-A1,Supplier A,North,Completed,,2026-08-28,2026-08-28
O102088,2026-08-26,SKU-B1,Supplier B,South,Completed,,2026-08-29,2026-08-31
O102089,2026-08-26,SKU-C1,Supplier C,East,Completed,,2026-08-29,2026-08-31
O102090,2026-08-26,SKU-C2,Supplier C,North,Completed,,2026-08-29,2026-08-31
O102091,2026-08-27,SKU-A2,Supplier A,North,Completed,,2026-08-31,2026-09-01
O102092,2026-08-27,SKU-B2,Supplier B,North,Completed,,2026-08-31,2026-08-31
O102093,2026-08-27,SKU-B2,Supplier B,South,Completed,,2026-08-30,2026-09-01
O102094,2026-08-27,SKU-C1,Supplier C,West,Completed,,2026-08-30,2026-08-31
O102095,2026-08-27,SKU-C1,Supplier C,East,Completed,,2026-08-30,2026-08-30
O102096,2026-08-27,SKU-A2,Supplier A,South,Completed,,2026-08-31,2026-09-02
O102097,2026-08-27,SKU-B1,Supplier B,East,Completed,,2026-08-30,2026-08-30
O102098,2026-08-27,SKU-A1,Supplier A,South,Completed,,2026-08-30,2026-08-30
O102099,2026-08-27,SKU-B2,Supplier B,East,Completed,,2026-08-29,2026-08-29
O102100,2026-08-27,SKU-C1,Supplier C,South,Completed,,2026-08-30,2026-09-01
O102101,2026-08-27,SKU-B2,Supplier B,West,Completed,,2026-08-31,2026-09-02
O102102,2026-08-27,SKU-A2,Supplier A,South,Completed,,2026-08-30,2026-08-30
O102103,2026-08-27,SKU-B2,Supplier B,East,Completed,,2026-08-31,2026-09-01
O102104,2026-08-27,SKU-C1,Supplier C,North,Completed,,2026-08-30,2026-08-30
O102105,2026-08-27,SKU-A2,Supplier A,North,Completed,,2026-08-31,2026-09-01
O102106,2026-08-27,SKU-C1,Supplier C,North,Completed,,2026-08-30,2026-08-31
O102107,2026-08-27,SKU-A2,Supplier A,West,Completed,,2026-08-30,2026-08-31
O102108,2026-08-27,SKU-C2,Supplier C,North,Completed,,2026-08-29,2026-08-30
O102109,2026-08-27,SKU-C2,Supplier C,West,Completed,,2026-08-29,2026-08-31
O102110,2026-08-27,SKU-B2,Supplier B,East,Completed,,2026-08-31,2026-08-31
O102111,2026-08-27,SKU-A1,Supplier A,West,Completed,,2026-08-30,2026-09-01
O102112,2026-08-27,SKU-B2,Supplier B,East,Completed,,2026-08-29,2026-08-31
O102113,2026-08-27,SKU-C2,Supplier C,West,Completed,,2026-08-31,2026-09-01
O102114,2026-08-27,SKU-C1,Supplier C,West,Completed,,2026-08-30,2026-08-30
O102115,2026-08-27,SKU-C2,Supplier C,East,Completed,,2026-08-30,2026-08-30
O102116,2026-08-27,SKU-C2,Supplier C,East,Completed,,2026-08-29,2026-08-31
O102117,2026-08-27,SKU-A1,Supplier A,West,Completed,,2026-08-31,2026-09-01
O102118,2026-08-27,SKU-C1,Supplier C,East,Completed,,2026-08-30,2026-09-01
O102119,2026-08-27,SKU-B2,Supplier B,South,Completed,,2026-08-30,2026-08-31
O102120,2026-08-27,SKU-C1,Supplier C,North,Completed,,2026-08-30,2026-08-30
O102121,2026-08-27,SKU-A2,Supplier A,South,Completed,,2026-08-29,2026-08-31
O102122,2026-08-27,SKU-C2,Supplier C,South,Completed,,2026-08-29,2026-08-31
O102123,2026-08-27,SKU-C2,Supplier C,West,Completed,,2026-08-29,2026-08-31
O102124,2026-08-27,SKU-A1,Supplier A,North,Completed,,2026-08-30,2026-08-31
O102125,2026-08-27,SKU-C1,Supplier C,South,Completed,,2026-08-30,2026-08-31
O102126,2026-08-27,SKU-C2,Supplier C,North,Completed,,2026-08-31,2026-09-01
O102127,2026-08-27,SKU-C2,Supplier C,North,Completed,,2026-08-31,2026-08-31
O102128,2026-08-27,SKU-C2,Supplier C,South,Completed,,2026-08-30,2026-08-30
O102129,2026-08-27,SKU-B2,Supplier B,South,Completed,,2026-08-31,2026-09-01
O102130,2026-08-27,SKU-B2,Supplier B,West,Completed,,2026-08-31,2026-08-31
O102131,2026-08-27,SKU-B2,Supplier B,East,Cancelled,2026-08-29,2026-08-29,
O102132,2026-08-27,SKU-B2,Supplier B,East,Completed,,2026-08-30,2026-08-30
O102133,2026-08-27,SKU-C1,Supplier C,East,Completed,,2026-08-30,2026-08-30
O102134,2026-08-27,SKU-A2,Supplier A,North,Completed,,2026-08-30,2026-08-30
O102135,2026-08-27,SKU-B1,Supplier B,South,Completed,,2026-08-31,2026-08-31
O102136,2026-08-27,SKU-B2,Supplier B,North,Completed,,2026-08-30,2026-08-30
O102137,2026-08-27,SKU-A2,Supplier A,East,Cancelled,2026-08-29,2026-08-31,
O102138,2026-08-27,SKU-C1,Supplier C,North,Completed,,2026-08-30,2026-09-01
O102139,2026-08-27,SKU-A1,Supplier A,South,Completed,,2026-08-29,2026-08-29
O102140,2026-08-27,SKU-B2,Supplier B,North,Completed,,2026-08-30,2026-09-01
O102141,2026-08-27,SKU-B1,Supplier B,East,Completed,,2026-08-30,2026-09-01
O102142,2026-08-27,SKU-A2,Supplier A,West,Completed,,2026-08-30,2026-08-31
O102143,2026-08-27,SKU-C2,Supplier C,North,Completed,,2026-08-30,2026-08-30
O102144,2026-08-27,SKU-B1,Supplier B,North,Completed,,2026-08-31,2026-09-01
O102145,2026-08-27,SKU-A2,Supplier A,North,Cancelled,2026-08-28,2026-08-30,
O102146,2026-08-27,SKU-C1,Supplier C,East,Completed,,2026-08-31,2026-09-02
O102147,2026-08-27,SKU-A1,Supplier A,East,Completed,,2026-08-29,2026-08-30
O102148,2026-08-27,SKU-B1,Supplier B,East,Completed,,2026-08-31,2026-09-02
O102149,2026-08-27,SKU-C1,Supplier C,South,Completed,,2026-08-29,2026-08-29
O102150,2026-08-27,SKU-C1,Supplier C,West,Completed,,2026-08-31,2026-08-31
O102151,2026-08-27,SKU-A2,Supplier A,North,Completed,,2026-08-31,2026-08-31
O102152,2026-08-27,SKU-C1,Supplier C,South,Completed,,2026-08-29,2026-08-30
O102153,2026-08-27,SKU-A1,Supplier A,South,Completed,,2026-08-31,2026-09-02
O102154,2026-08-27,SKU-B2,Supplier B,East,Completed,,2026-08-30,2026-09-01
O102155,2026-08-27,SKU-B1,Supplier B,North,Completed,,2026-08-30,2026-08-31
O102156,2026-08-27,SKU-B1,Supplier B,West,Completed,,2026-08-30,2026-09-01
O102157,2026-08-27,SKU-C2,Supplier C,East,Completed,,2026-08-31,2026-09-02
O102158,2026-08-27,SKU-C1,Supplier C,West,Completed,,2026-08-29,2026-08-31
O102159,2026-08-27,SKU-B2,Supplier B,East,Completed,,2026-08-30,2026-08-30
O102160,2026-08-27,SKU-A2,Supplier A,East,Completed,,2026-08-29,2026-08-30
O102161,2026-08-27,SKU-A2,Supplier A,North,Completed,,2026-08-31,2026-08-31
O102162,2026-08-27,SKU-C2,Supplier C,North,Completed,,2026-08-31,2026-09-02
O102163,2026-08-28,SKU-A1,Supplier A,North,Completed,,2026-08-31,2026-09-01
O102164,2026-08-28,SKU-C1,Supplier C,West,Completed,,2026-08-31,2026-09-02
O102165,2026-08-28,SKU-B1,Supplier B,North,Completed,,2026-08-30,2026-08-31
O102166,2026-08-28,SKU-A1,Supplier A,North,Completed,,2026-09-01,2026-09-02
O102167,2026-08-28,SKU-A2,Supplier A,South,Completed,,2026-09-01,2026-09-03
O102168,2026-08-28,SKU-C1,Supplier C,East,Completed,,2026-09-01,2026-09-01
O102169,2026-08-28,SKU-C2,Supplier C,East,Completed,,2026-08-30,2026-08-30
O102170,2026-08-28,SKU-A2,Supplier A,East,Cancelled,2026-08-31,2026-09-01,
O102171,2026-08-28,SKU-A2,Supplier A,East,Completed,,2026-08-30,2026-08-30
O102172,2026-08-28,SKU-B1,Supplier B,East,Completed,,2026-09-01,2026-09-01
O102173,2026-08-28,SKU-C1,Supplier C,West,Completed,,2026-08-30,2026-08-30
O102174,2026-08-28,SKU-B2,Supplier B,North,Completed,,2026-08-31,2026-09-01
O102175,2026-08-28,SKU-A2,Supplier A,East,Completed,,2026-08-30,2026-08-31
O102176,2026-08-28,SKU-C1,Supplier C,West,Completed,,2026-08-30,2026-08-31
O102177,2026-08-28,SKU-B1,Supplier B,West,Completed,,2026-08-30,2026-09-01
O102178,2026-08-28,SKU-B1,Supplier B,South,Cancelled,2026-08-30,2026-09-01,
O102179,2026-08-28,SKU-B1,Supplier B,East,Completed,,2026-08-30,2026-08-31
O102180,2026-08-28,SKU-A1,Supplier A,West,Completed,,2026-08-30,2026-08-30
O102181,2026-08-28,SKU-B2,Supplier B,West,Completed,,2026-08-31,2026-09-01
O102182,2026-08-28,SKU-A1,Supplier A,East,Completed,,2026-09-01,2026-09-02
O102183,2026-08-28,SKU-B2,Supplier B,North,Completed,,2026-08-30,2026-08-30
O102184,2026-08-28,SKU-B2,Supplier B,South,Completed,,2026-09-01,2026-09-03
O102185,2026-08-28,SKU-B2,Supplier B,East,Completed,,2026-08-30,2026-08-30
O102186,2026-08-28,SKU-B2,Supplier B,East,Completed,,2026-08-31,2026-09-02
O102187,2026-08-28,SKU-C2,Supplier C,West,Cancelled,2026-08-29,2026-08-30,
O102188,2026-08-28,SKU-A1,Supplier A,South,Cancelled,2026-08-29,2026-08-30,
O102189,2026-08-28,SKU-A1,Supplier A,South,Completed,,2026-08-30,2026-08-31
O102190,2026-08-28,SKU-C1,Supplier C,North,Completed,,2026-08-31,2026-09-02
O102191,2026-08-28,SKU-A2,Supplier A,East,Cancelled,2026-08-31,2026-08-31,
O102192,2026-08-28,SKU-C2,Supplier C,West,Completed,,2026-09-01,2026-09-03
O102193,2026-08-28,SKU-B1,Supplier B,South,Completed,,2026-08-30,2026-08-31
O102194,2026-08-28,SKU-B1,Supplier B,East,Completed,,2026-08-31,2026-08-31
O102195,2026-08-28,SKU-A2,Supplier A,West,Completed,,2026-09-01,2026-09-02
O102196,2026-08-28,SKU-A1,Supplier A,South,Completed,,2026-08-31,2026-09-01
O102197,2026-08-28,SKU-C2,Supplier C,West,Completed,,2026-08-30,2026-09-01
O102198,2026-08-28,SKU-B2,Supplier B,East,Completed,,2026-08-31,2026-09-01
O102199,2026-08-28,SKU-B1,Supplier B,North,Completed,,2026-08-30,2026-08-31
O102200,2026-08-28,SKU-C1,Supplier C,West,Completed,,2026-08-30,2026-08-31
O102201,2026-08-28,SKU-A1,Supplier A,North,Completed,,2026-08-31,2026-08-31
O102202,2026-08-28,SKU-B2,Supplier B,East,Cancelled,2026-08-31,2026-08-31,
O102203,2026-08-28,SKU-A2,Supplier A,West,Completed,,2026-08-30,2026-09-01
O102204,2026-08-28,SKU-C2,Supplier C,West,Completed,,2026-08-30,2026-08-30
O102205,2026-08-28,SKU-B1,Supplier B,South,Completed,,2026-09-01,2026-09-03
O102206,2026-08-28,SKU-A2,Supplier A,South,Completed,,2026-09-01,2026-09-01
O102207,2026-08-28,SKU-B1,Supplier B,South,Completed,,2026-08-31,2026-09-02
O102208,2026-08-28,SKU-B2,Supplier B,West,Cancelled,2026-08-29,2026-08-30,
O102209,2026-08-28,SKU-B2,Supplier B,East,Completed,,2026-08-31,2026-09-02
O102210,2026-08-28,SKU-A1,Supplier A,North,Completed,,2026-08-31,2026-09-02
O102211,2026-08-28,SKU-B2,Supplier B,East,Completed,,2026-08-30,2026-08-31
O102212,2026-08-28,SKU-B2,Supplier B,South,Completed,,2026-08-31,2026-08-31
O102213,2026-08-28,SKU-C2,Supplier C,West,Completed,,2026-09-01,2026-09-01
O102214,2026-08-28,SKU-B1,Supplier B,East,Completed,,2026-08-31,2026-08-31
O102215,2026-08-28,SKU-B1,Supplier B,North,Completed,,2026-08-31,2026-09-01
O102216,2026-08-28,SKU-A1,Supplier A,North,Completed,,2026-09-01,2026-09-02
O102217,2026-08-28,SKU-A2,Supplier A,West,Completed,,2026-09-01,2026-09-01
O102218,2026-08-28,SKU-B1,Supplier B,South,Completed,,2026-08-30,2026-09-01
O102219,2026-08-28,SKU-A1,Supplier A,South,Completed,,2026-09-01,2026-09-03
O102220,2026-08-28,SKU-B2,Supplier B,West,Completed,,2026-08-31,2026-09-02
O102221,2026-08-28,SKU-B1,Supplier B,South,Cancelled,2026-08-30,2026-09-01,
O102222,2026-08-28,SKU-A2,Supplier A,East,Completed,,2026-09-01,2026-09-03
O102223,2026-08-28,SKU-B1,Supplier B,East,Completed,,2026-08-31,2026-08-31
O102224,2026-08-28,SKU-A1,Supplier A,North,Completed,,2026-08-31,2026-09-02
O102225,2026-08-28,SKU-B1,Supplier B,North,Cancelled,2026-08-29,2026-09-01,
O102226,2026-08-28,SKU-A2,Supplier A,East,Completed,,2026-09-01,2026-09-01
O102227,2026-08-28,SKU-B2,Supplier B,South,Completed,,2026-09-01,2026-09-01
O102228,2026-08-28,SKU-B1,Supplier B,West,Completed,,2026-09-01,2026-09-01
O102229,2026-08-28,SKU-C1,Supplier C,North,Completed,,2026-08-31,2026-09-01
O102230,2026-08-28,SKU-C1,Supplier C,West,Completed,,2026-08-31,2026-09-02
O102231,2026-08-28,SKU-B2,Supplier B,South,Completed,,2026-08-31,2026-09-01
O102232,2026-08-28,SKU-B1,Supplier B,North,Completed,,2026-09-01,2026-09-02
O102233,2026-08-29,SKU-A1,Supplier A,North,Completed,,2026-09-01,2026-09-01
O102234,2026-08-29,SKU-C1,Supplier C,East,Cancelled,2026-08-30,2026-08-31,
O102235,2026-08-29,SKU-A2,Supplier A,North,Completed,,2026-09-01,2026-09-03
O102236,2026-08-29,SKU-A1,Supplier A,North,Completed,,2026-09-01,2026-09-03
O102237,2026-08-29,SKU-C2,Supplier C,East,Completed,,2026-09-01,2026-09-01
O102238,2026-08-29,SKU-C1,Supplier C,North,Completed,,2026-09-02,2026-09-02
O102239,2026-08-29,SKU-B2,Supplier B,North,Completed,,2026-08-31,2026-09-02
O102240,2026-08-29,SKU-C2,Supplier C,West,Completed,,2026-09-01,2026-09-02
O102241,2026-08-29,SKU-C2,Supplier C,East,Completed,,2026-09-01,2026-09-03
O102242,2026-08-29,SKU-B1,Supplier B,West,Completed,,2026-09-02,2026-09-03
O102243,2026-08-29,SKU-C2,Supplier C,North,Completed,,2026-09-01,2026-09-02
O102244,2026-08-29,SKU-A1,Supplier A,South,Completed,,2026-09-02,2026-09-03
O102245,2026-08-29,SKU-C2,Supplier C,West,Completed,,2026-09-01,2026-09-01
O102246,2026-08-29,SKU-A2,Supplier A,East,Completed,,2026-09-02,2026-09-04
O102247,2026-08-29,SKU-B2,Supplier B,North,Completed,,2026-09-02,2026-09-04
O102248,2026-08-29,SKU-C1,Supplier C,West,Completed,,2026-09-02,2026-09-04
O102249,2026-08-29,SKU-A2,Supplier A,East,Completed,,2026-08-31,2026-09-01
O102250,2026-08-29,SKU-A1,Supplier A,North,Completed,,2026-09-01,2026-09-02
O102251,2026-08-29,SKU-B1,Supplier B,South,Completed,,2026-09-01,2026-09-01
O102252,2026-08-29,SKU-A2,Supplier A,East,Completed,,2026-08-31,2026-09-02
O102253,2026-08-29,SKU-B1,Supplier B,East,Completed,,2026-09-01,2026-09-01
O102254,2026-08-29,SKU-A1,Supplier A,East,Completed,,2026-09-01,2026-09-03
O102255,2026-08-29,SKU-C1,Supplier C,North,Completed,,2026-09-01,2026-09-03
O102256,2026-08-29,SKU-A2,Supplier A,North,Completed,,2026-08-31,2026-09-02
O102257,2026-08-29,SKU-C1,Supplier C,North,Completed,,2026-09-02,2026-09-02
O102258,2026-08-29,SKU-B1,Supplier B,West,Completed,,2026-09-01,2026-09-03
O102259,2026-08-29,SKU-C1,Supplier C,East,Completed,,2026-09-02,2026-09-02
O102260,2026-08-29,SKU-B1,Supplier B,West,Completed,,2026-09-01,2026-09-02
O102261,2026-08-29,SKU-C1,Supplier C,South,Completed,,2026-09-01,2026-09-01
O102262,2026-08-29,SKU-B2,Supplier B,West,Completed,,2026-08-31,2026-09-01
O102263,2026-08-29,SKU-A1,Supplier A,North,Completed,,2026-08-31,2026-08-31
O102264,2026-08-29,SKU-B1,Supplier B,North,Completed,,2026-08-31,2026-08-31
O102265,2026-08-29,SKU-C1,Supplier C,North,Completed,,2026-09-02,2026-09-04
O102266,2026-08-29,SKU-B1,Supplier B,South,Completed,,2026-08-31,2026-09-01
O102267,2026-08-29,SKU-A2,Supplier A,East,Completed,,2026-09-02,2026-09-03
O102268,2026-08-29,SKU-C2,Supplier C,North,Completed,,2026-09-02,2026-09-02
O102269,2026-08-29,SKU-C1,Supplier C,East,Completed,,2026-09-02,2026-09-02
O102270,2026-08-29,SKU-B1,Supplier B,South,Completed,,2026-08-31,2026-09-01
O102271,2026-08-29,SKU-A2,Supplier A,North,Completed,,2026-09-01,2026-09-02
O102272,2026-08-29,SKU-A2,Supplier A,South,Completed,,2026-09-01,2026-09-01
O102273,2026-08-29,SKU-A1,Supplier A,North,Completed,,2026-09-01,2026-09-02
O102274,2026-08-29,SKU-A1,Supplier A,North,Completed,,2026-09-02,2026-09-04
O102275,2026-08-29,SKU-C2,Supplier C,West,Completed,,2026-09-01,2026-09-02
O102276,2026-08-29,SKU-C1,Supplier C,West,Completed,,2026-08-31,2026-08-31
O102277,2026-08-29,SKU-B1,Supplier B,North,Completed,,2026-09-01,2026-09-01
O102278,2026-08-29,SKU-B2,Supplier B,West,Completed,,2026-09-02,2026-09-02
O102279,2026-08-29,SKU-B1,Supplier B,North,Completed,,2026-09-02,2026-09-03
O102280,2026-08-29,SKU-B1,Supplier B,North,Completed,,2026-08-31,2026-09-02
O102281,2026-08-29,SKU-B2,Supplier B,South,Completed,,2026-09-02,2026-09-02
O102282,2026-08-29,SKU-B1,Supplier B,North,Completed,,2026-09-02,2026-09-03
O102283,2026-08-29,SKU-C1,Supplier C,East,Completed,,2026-08-31,2026-09-01
O102284,2026-08-29,SKU-B2,Supplier B,East,Completed,,2026-08-31,2026-09-01
O102285,2026-08-29,SKU-C2,Supplier C,South,Completed,,2026-09-02,2026-09-02
O102286,2026-08-29,SKU-C2,Supplier C,North,Completed,,2026-08-31,2026-09-02
O102287,2026-08-29,SKU-A1,Supplier A,East,Cancelled,2026-08-30,2026-08-31,
O102288,2026-08-29,SKU-C1,Supplier C,West,Completed,,2026-09-02,2026-09-03
O102289,2026-08-29,SKU-C1,Supplier C,East,Cancelled,2026-08-31,2026-08-31,
O102290,2026-08-29,SKU-C1,Supplier C,South,Completed,,2026-09-02,2026-09-02
O102291,2026-08-29,SKU-A1,Supplier A,North,Completed,,2026-09-02,2026-09-03
O102292,2026-08-29,SKU-B1,Supplier B,North,Completed,,2026-09-02,2026-09-03
O102293,2026-08-29,SKU-B2,Supplier B,West,Cancelled,2026-09-01,2026-09-02,
O102294,2026-08-29,SKU-A1,Supplier A,East,Completed,,2026-09-02,2026-09-03
O102295,2026-08-29,SKU-C1,Supplier C,North,Completed,,2026-09-02,2026-09-03
O102296,2026-08-29,SKU-B1,Supplier B,East,Completed,,2026-09-02,2026-09-02
O102297,2026-08-29,SKU-A1,Supplier A,West,Completed,,2026-08-31,2026-08-31
O102298,2026-08-29,SKU-B1,Supplier B,East,Completed,,2026-09-02,2026-09-04
O102299,2026-08-29,SKU-C1,Supplier C,West,Completed,,2026-09-01,2026-09-02
O102300,2026-08-29,SKU-A2,Supplier A,North,Completed,,2026-09-02,2026-09-03
O102301,2026-08-29,SKU-A1,Supplier A,East,Completed,,2026-09-02,2026-09-04
O102302,2026-08-29,SKU-B1,Supplier B,East,Completed,,2026-08-31,2026-08-31
O102303,2026-08-29,SKU-C2,Supplier C,South,Completed,,2026-09-01,2026-09-01
O102304,2026-08-29,SKU-A2,Supplier A,East,Completed,,2026-09-02,2026-09-04
O102305,2026-08-29,SKU-A1,Supplier A,South,Completed,,2026-09-02,2026-09-02
O102306,2026-08-29,SKU-B2,Supplier B,West,Completed,,2026-08-31,2026-09-01
O102307,2026-08-29,SKU-B2,Supplier B,South,Completed,,2026-09-02,2026-09-02
O102308,2026-08-29,SKU-B2,Supplier B,North,Completed,,2026-09-02,2026-09-02
O102309,2026-08-29,SKU-A1,Supplier A,East,Completed,,2026-09-01,2026-09-01
O102310,2026-08-29,SKU-C1,Supplier C,South,Completed,,2026-09-01,2026-09-02
O102311,2026-08-29,SKU-C2,Supplier C,West,Completed,,2026-09-02,2026-09-04
O102312,2026-08-29,SKU-A2,Supplier A,South,Cancelled,2026-08-30,2026-08-31,
O102313,2026-08-29,SKU-C1,Supplier C,South,Completed,,2026-09-02,2026-09-03
O102314,2026-08-29,SKU-B1,Supplier B,North,Completed,,2026-09-01,2026-09-02
O102315,2026-08-29,SKU-A1,Supplier A,South,Completed,,2026-09-01,2026-09-03
O102316,2026-08-29,SKU-C1,Supplier C,North,Completed,,2026-08-31,2026-09-01
O102317,2026-08-29,SKU-B1,Supplier B,East,Completed,,2026-09-01,2026-09-02
O102318,2026-08-30,SKU-A2,Supplier A,South,Completed,,2026-09-02,2026-09-04
O102319,2026-08-30,SKU-C1,Supplier C,East,Completed,,2026-09-03,2026-09-03
O102320,2026-08-30,SKU-B2,Supplier B,West,Completed,,2026-09-03,2026-09-04
O102321,2026-08-30,SKU-B2,Supplier B,West,Cancelled,2026-08-31,2026-09-03,
O102322,2026-08-30,SKU-A1,Supplier A,West,Completed,,2026-09-03,2026-09-03
O102323,2026-08-30,SKU-A1,Supplier A,North,Completed,,2026-09-03,2026-09-05
O102324,2026-08-30,SKU-B1,Supplier B,South,Completed,,2026-09-02,2026-09-02
O102325,2026-08-30,SKU-B1,Supplier B,East,Cancelled,2026-09-01,2026-09-03,
O102326,2026-08-30,SKU-C1,Supplier C,East,Completed,,2026-09-01,2026-09-02
O102327,2026-08-30,SKU-C1,Supplier C,East,Completed,,2026-09-02,2026-09-04
O102328,2026-08-30,SKU-B2,Supplier B,North,Completed,,2026-09-01,2026-09-02
O102329,2026-08-30,SKU-C2,Supplier C,East,Completed,,2026-09-03,2026-09-04
O102330,2026-08-30,SKU-B2,Supplier B,North,Completed,,2026-09-01,2026-09-01
O102331,2026-08-30,SKU-C1,Supplier C,West,Completed,,2026-09-02,2026-09-04
O102332,2026-08-30,SKU-B2,Supplier B,North,Completed,,2026-09-01,2026-09-01
O102333,2026-08-30,SKU-A2,Supplier A,West,Completed,,2026-09-02,2026-09-04
O102334,2026-08-30,SKU-A1,Supplier A,West,Completed,,2026-09-01,2026-09-01
O102335,2026-08-30,SKU-B1,Supplier B,West,Completed,,2026-09-02,2026-09-03
O102336,2026-08-30,SKU-A1,Supplier A,South,Completed,,2026-09-02,2026-09-02
O102337,2026-08-30,SKU-A1,Supplier A,East,Completed,,2026-09-01,2026-09-03
O102338,2026-08-30,SKU-A2,Supplier A,North,Completed,,2026-09-01,2026-09-02
O102339,2026-08-30,SKU-C2,Supplier C,North,Completed,,2026-09-01,2026-09-01
O102340,2026-08-30,SKU-C2,Supplier C,West,Cancelled,2026-09-02,2026-09-02,
O102341,2026-08-30,SKU-C2,Supplier C,South,Completed,,2026-09-01,2026-09-02
O102342,2026-08-30,SKU-C1,Supplier C,South,Completed,,2026-09-01,2026-09-03
O102343,2026-08-30,SKU-B2,Supplier B,East,Cancelled,2026-09-02,2026-09-02,
O102344,2026-08-30,SKU-C2,Supplier C,North,Completed,,2026-09-03,2026-09-03
O102345,2026-08-30,SKU-B1,Supplier B,East,Completed,,2026-09-03,2026-09-05
O102346,2026-08-30,SKU-C2,Supplier C,North,Completed,,2026-09-02,2026-09-03
O102347,2026-08-30,SKU-C2,Supplier C,West,Completed,,2026-09-01,2026-09-01
O102348,2026-08-30,SKU-C2,Supplier C,East,Completed,,2026-09-03,2026-09-04
O102349,2026-08-30,SKU-A2,Supplier A,North,Completed,,2026-09-01,2026-09-02
O102350,2026-08-30,SKU-C1,Supplier C,South,Completed,,2026-09-02,2026-09-03
O102351,2026-08-30,SKU-C1,Supplier C,West,Completed,,2026-09-01,2026-09-03
O102352,2026-08-30,SKU-B2,Supplier B,West,Completed,,2026-09-03,2026-09-03
O102353,2026-08-30,SKU-C1,Supplier C,East,Completed,,2026-09-02,2026-09-04
O102354,2026-08-30,SKU-C2,Supplier C,North,Cancelled,2026-08-31,2026-09-02,
O102355,2026-08-30,SKU-B2,Supplier B,South,Completed,,2026-09-03,2026-09-05
O102356,2026-08-30,SKU-A1,Supplier A,South,Completed,,2026-09-02,2026-09-02
O102357,2026-08-30,SKU-C2,Supplier C,North,Completed,,2026-09-01,2026-09-01
O102358,2026-08-30,SKU-C2,Supplier C,East,Completed,,2026-09-03,2026-09-03
O102359,2026-08-30,SKU-A1,Supplier A,North,Cancelled,2026-09-01,2026-09-03,
O102360,2026-08-30,SKU-A2,Supplier A,East,Completed,,2026-09-01,2026-09-02
O102361,2026-08-30,SKU-B2,Supplier B,West,Completed,,2026-09-03,2026-09-03
O102362,2026-08-30,SKU-C1,Supplier C,North,Completed,,2026-09-01,2026-09-02
O102363,2026-08-30,SKU-A1,Supplier A,East,Completed,,2026-09-03,2026-09-05
O102364,2026-08-30,SKU-A2,Supplier A,West,Cancelled,2026-09-01,2026-09-01,
O102365,2026-08-30,SKU-C2,Supplier C,East,Completed,,2026-09-03,2026-09-03
O102366,2026-08-30,SKU-A2,Supplier A,South,Completed,,2026-09-03,2026-09-05
O102367,2026-08-30,SKU-A2,Supplier A,West,Completed,,2026-09-02,2026-09-03
O102368,2026-08-30,SKU-B1,Supplier B,South,Completed,,2026-09-02,2026-09-04
O102369,2026-08-30,SKU-B1,Supplier B,South,Completed,,2026-09-03,2026-09-03
O102370,2026-08-30,SKU-C2,Supplier C,South,Completed,,2026-09-03,2026-09-04
O102371,2026-08-30,SKU-A2,Supplier A,East,Completed,,2026-09-01,2026-09-03
O102372,2026-08-30,SKU-C2,Supplier C,East,Cancelled,2026-09-01,2026-09-01,
O102373,2026-08-30,SKU-B2,Supplier B,West,Completed,,2026-09-01,2026-09-01
O102374,2026-08-30,SKU-A1,Supplier A,North,Completed,,2026-09-03,2026-09-03
O102375,2026-08-30,SKU-C2,Supplier C,West,Completed,,2026-09-02,2026-09-03
O102376,2026-08-30,SKU-B1,Supplier B,West,Completed,,2026-09-03,2026-09-04
O102377,2026-08-30,SKU-A2,Supplier A,North,Completed,,2026-09-03,2026-09-04
O102378,2026-08-30,SKU-B2,Supplier B,North,Completed,,2026-09-01,2026-09-02
O102379,2026-08-30,SKU-C2,Supplier C,West,Completed,,2026-09-02,2026-09-03
O102380,2026-08-30,SKU-C2,Supplier C,West,Completed,,2026-09-02,2026-09-04
O102381,2026-08-30,SKU-A2,Supplier A,South,Completed,,2026-09-03,2026-09-04
O102382,2026-08-30,SKU-A1,Supplier A,West,Completed,,2026-09-03,2026-09-03
O102383,2026-08-30,SKU-B2,Supplier B,East,Completed,,2026-09-03,2026-09-05
O102384,2026-08-30,SKU-B2,Supplier B,East,Completed,,2026-09-03,2026-09-05
O102385,2026-08-30,SKU-C1,Supplier C,East,Completed,,2026-09-02,2026-09-04
O102386,2026-08-30,SKU-B1,Supplier B,South,Completed,,2026-09-01,2026-09-02
O102387,2026-08-30,SKU-C1,Supplier C,North,Completed,,2026-09-03,2026-09-04
O102388,2026-08-30,SKU-B1,Supplier B,West,Completed,,2026-09-03,2026-09-05
O102389,2026-08-30,SKU-B1,Supplier B,East,Completed,,2026-09-01,2026-09-02
O102390,2026-08-30,SKU-C2,Supplier C,South,Completed,,2026-09-01,2026-09-02
O102391,2026-08-30,SKU-A2,Supplier A,North,Completed,,2026-09-01,2026-09-03
O102392,2026-08-30,SKU-A2,Supplier A,West,Completed,,2026-09-01,2026-09-02
O102393,2026-08-30,SKU-C2,Supplier C,North,Completed,,2026-09-02,2026-09-03
O102394,2026-08-30,SKU-A1,Supplier A,East,Completed,,2026-09-02,2026-09-03
O102395,2026-08-30,SKU-C1,Supplier C,West,Completed,,2026-09-03,2026-09-03
O102396,2026-08-30,SKU-C1,Supplier C,East,Completed,,2026-09-02,2026-09-04
O102397,2026-08-31,SKU-A1,Supplier A,North,Completed,,2026-09-02,2026-09-04
O102398,2026-08-31,SKU-B1,Supplier B,South,Completed,,2026-09-03,2026-09-05
O102399,2026-08-31,SKU-A1,Supplier A,West,Completed,,2026-09-02,2026-09-02
O102400,2026-08-31,SKU-C1,Supplier C,North,Completed,,2026-09-03,2026-09-05
O102401,2026-08-31,SKU-B2,Supplier B,East,Completed,,2026-09-02,2026-09-04
O102402,2026-08-31,SKU-B1,Supplier B,South,Completed,,2026-09-03,2026-09-04
O102403,2026-08-31,SKU-A1,Supplier A,East,Completed,,2026-09-02,2026-09-02
O102404,2026-08-31,SKU-A1,Supplier A,North,Completed,,2026-09-04,2026-09-04
O102405,2026-08-31,SKU-B1,Supplier B,West,Completed,,2026-09-02,2026-09-04
O102406,2026-08-31,SKU-A2,Supplier A,West,Completed,,2026-09-03,2026-09-04
O102407,2026-08-31,SKU-A2,Supplier A,East,Completed,,2026-09-03,2026-09-03
O102408,2026-08-31,SKU-B1,Supplier B,South,Completed,,2026-09-02,2026-09-04
O102409,2026-08-31,SKU-B2,Supplier B,West,Completed,,2026-09-03,2026-09-03
O102410,2026-08-31,SKU-C2,Supplier C,West,Completed,,2026-09-02,2026-09-03
O102411,2026-08-31,SKU-C1,Supplier C,South,Completed,,2026-09-02,2026-09-02
O102412,2026-08-31,SKU-C2,Supplier C,East,Completed,,2026-09-04,2026-09-05
O102413,2026-08-31,SKU-B2,Supplier B,West,Completed,,2026-09-04,2026-09-06
O102414,2026-08-31,SKU-B2,Supplier B,North,Completed,,2026-09-03,2026-09-03
O102415,2026-08-31,SKU-A1,Supplier A,East,Completed,,2026-09-03,2026-09-03
O102416,2026-08-31,SKU-B2,Supplier B,West,Completed,,2026-09-02,2026-09-02
O102417,2026-08-31,SKU-A2,Supplier A,South,Completed,,2026-09-04,2026-09-04
O102418,2026-08-31,SKU-C1,Supplier C,West,Completed,,2026-09-03,2026-09-05
O102419,2026-08-31,SKU-C2,Supplier C,South,Completed,,2026-09-03,2026-09-03
O102420,2026-08-31,SKU-C2,Supplier C,West,Completed,,2026-09-04,2026-09-06
O102421,2026-08-31,SKU-A1,Supplier A,North,Completed,,2026-09-02,2026-09-04
O102422,2026-08-31,SKU-C2,Supplier C,East,Completed,,2026-09-02,2026-09-02
O102423,2026-08-31,SKU-C1,Supplier C,North,Completed,,2026-09-02,2026-09-04
O102424,2026-08-31,SKU-A1,Supplier A,North,Completed,,2026-09-02,2026-09-03
O102425,2026-08-31,SKU-B1,Supplier B,East,Completed,,2026-09-02,2026-09-02
O102426,2026-08-31,SKU-B2,Supplier B,North,Completed,,2026-09-03,2026-09-04
O102427,2026-08-31,SKU-C1,Supplier C,South,Completed,,2026-09-03,2026-09-03
O102428,2026-08-31,SKU-B2,Supplier B,East,Completed,,2026-09-02,2026-09-02
O102429,2026-08-31,SKU-C2,Supplier C,West,Completed,,2026-09-02,2026-09-02
O102430,2026-08-31,SKU-C1,Supplier C,South,Completed,,2026-09-03,2026-09-05
O102431,2026-08-31,SKU-C2,Supplier C,East,Completed,,2026-09-02,2026-09-04
O102432,2026-08-31,SKU-A1,Supplier A,South,Completed,,2026-09-03,2026-09-03
O102433,2026-08-31,SKU-C2,Supplier C,South,Completed,,2026-09-04,2026-09-04
O102434,2026-08-31,SKU-A2,Supplier A,West,Completed,,2026-09-02,2026-09-02
O102435,2026-08-31,SKU-A1,Supplier A,North,Completed,,2026-09-04,2026-09-06
O102436,2026-08-31,SKU-C1,Supplier C,West,Completed,,2026-09-02,2026-09-03
O102437,2026-08-31,SKU-A1,Supplier A,East,Completed,,2026-09-03,2026-09-05
O102438,2026-08-31,SKU-A2,Supplier A,East,Completed,,2026-09-04,2026-09-06
O102439,2026-08-31,SKU-B2,Supplier B,South,Completed,,2026-09-04,2026-09-04
O102440,2026-08-31,SKU-B1,Supplier B,East,Completed,,2026-09-02,2026-09-02
O102441,2026-08-31,SKU-A2,Supplier A,East,Completed,,2026-09-03,2026-09-04
O102442,2026-08-31,SKU-B2,Supplier B,West,Completed,,2026-09-03,2026-09-05
O102443,2026-08-31,SKU-A1,Supplier A,North,Completed,,2026-09-02,2026-09-03
O102444,2026-08-31,SKU-C2,Supplier C,North,Completed,,2026-09-04,2026-09-06
O102445,2026-08-31,SKU-B1,Supplier B,West,Completed,,2026-09-02,2026-09-03
O102446,2026-08-31,SKU-A1,Supplier A,South,Cancelled,2026-09-01,2026-09-04,
O102447,2026-08-31,SKU-A2,Supplier A,West,Completed,,2026-09-04,2026-09-04
O102448,2026-08-31,SKU-C1,Supplier C,West,Completed,,2026-09-02,2026-09-03
O102449,2026-08-31,SKU-A2,Supplier A,South,Completed,,2026-09-03,2026-09-03
O102450,2026-08-31,SKU-A1,Supplier A,East,Completed,,2026-09-02,2026-09-04
O102451,2026-08-31,SKU-C2,Supplier C,South,Completed,,2026-09-03,2026-09-05
O102452,2026-08-31,SKU-B2,Supplier B,North,Completed,,2026-09-04,2026-09-05
O102453,2026-08-31,SKU-B2,Supplier B,North,Completed,,2026-09-02,2026-09-04
O102454,2026-08-31,SKU-B2,Supplier B,South,Completed,,2026-09-03,2026-09-04
O102455,2026-08-31,SKU-A2,Supplier A,East,Completed,,2026-09-04,2026-09-06
O102456,2026-08-31,SKU-B1,Supplier B,East,Completed,,2026-09-04,2026-09-04
O102457,2026-08-31,SKU-B2,Supplier B,West,Completed,,2026-09-02,2026-09-03
O102458,2026-08-31,SKU-B2,Supplier B,North,Completed,,2026-09-04,2026-09-04
O102459,2026-08-31,SKU-C2,Supplier C,East,Completed,,2026-09-03,2026-09-03
O102460,2026-08-31,SKU-C2,Supplier C,East,Completed,,2026-09-04,2026-09-04
O102461,2026-08-31,SKU-A2,Supplier A,West,Completed,,2026-09-04,2026-09-05
O102462,2026-08-31,SKU-C1,Supplier C,West,Completed,,2026-09-04,2026-09-05
O102463,2026-08-31,SKU-B2,Supplier B,South,Completed,,2026-09-04,2026-09-06
O102464,2026-08-31,SKU-A2,Supplier A,South,Completed,,2026-09-04,2026-09-06
O102465,2026-08-31,SKU-A1,Supplier A,East,Completed,,2026-09-04,2026-09-05
O102466,2026-08-31,SKU-B1,Supplier B,South,Completed,,2026-09-04,2026-09-06
O102467,2026-08-31,SKU-B1,Supplier B,South,Completed,,2026-09-02,2026-09-04
O102468,2026-08-31,SKU-A2,Supplier A,West,Completed,,2026-09-03,2026-09-05
O102469,2026-08-31,SKU-A2,Supplier A,East,Completed,,2026-09-02,2026-09-04
O102470,2026-08-31,SKU-A2,Supplier A,South,Completed,,2026-09-04,2026-09-05
O102471,2026-08-31,SKU-C2,Supplier C,West,Completed,,2026-09-04,2026-09-05
O102472,2026-08-31,SKU-A2,Supplier A,North,Completed,,2026-09-04,2026-09-04
O102473,2026-08-31,SKU-C1,Supplier C,North,Completed,,2026-09-04,2026-09-05
O102474,2026-08-31,SKU-A1,Supplier A,North,Completed,,2026-09-04,2026-09-05
O102475,2026-08-31,SKU-A1,Supplier A,East,Completed,,2026-09-03,2026-09-03
O102476,2026-08-31,SKU-C2,Supplier C,East,Completed,,2026-09-04,2026-09-06
O102477,2026-08-31,SKU-A2,Supplier A,North,Completed,,2026-09-03,2026-09-05
O102478,2026-08-31,SKU-B1,Supplier B,West,Completed,,2026-09-04,2026-09-05
O102479,2026-08-31,SKU-C2,Supplier C,West,Completed,,2026-09-04,2026-09-05
O102480,2026-08-31,SKU-C1,Supplier C,West,Completed,,2026-09-04,2026-09-04
O102481,2026-08-31,SKU-C2,Supplier C,South,Completed,,2026-09-02,2026-09-04
O102482,2026-08-31,SKU-B2,Supplier B,South,Completed,,2026-09-04,2026-09-05
O102483,2026-08-31,SKU-B1,Supplier B,South,Completed,,2026-09-04,2026-09-04
O102484,2026-08-31,SKU-A2,Supplier A,North,Completed,,2026-09-02,2026-09-03
O102485,2026-09-01,SKU-B2,Supplier B,South,Completed,,2026-09-05,2026-09-05
O102486,2026-09-01,SKU-A1,Supplier A,South,Completed,,2026-09-04,2026-09-05
O102487,2026-09-01,SKU-C2,Supplier C,East,Completed,,2026-09-03,2026-09-03
O102488,2026-09-01,SKU-B1,Supplier B,North,Completed,,2026-09-03,2026-09-04
O102489,2026-09-01,SKU-B2,Supplier B,South,Completed,,2026-09-03,2026-09-04
O102490,2026-09-01,SKU-C2,Supplier C,South,Completed,,2026-09-04,2026-09-05
O102491,2026-09-01,SKU-B1,Supplier B,North,Completed,,2026-09-04,2026-09-04
O102492,2026-09-01,SKU-B1,Supplier B,South,Completed,,2026-09-05,2026-09-06
O102493,2026-09-01,SKU-C1,Supplier C,West,Completed,,2026-09-05,2026-09-07
O102494,2026-09-01,SKU-B2,Supplier B,East,Completed,,2026-09-05,2026-09-07
O102495,2026-09-01,SKU-B2,Supplier B,East,Completed,,2026-09-04,2026-09-05
O102496,2026-09-01,SKU-C2,Supplier C,North,Completed,,2026-09-05,2026-09-06
O102497,2026-09-01,SKU-C2,Supplier C,West,Cancelled,2026-09-03,2026-09-05,
O102498,2026-09-01,SKU-A1,Supplier A,West,Completed,,2026-09-05,2026-09-07
O102499,2026-09-01,SKU-C2,Supplier C,North,Completed,,2026-09-05,2026-09-07
O102500,2026-09-01,SKU-B1,Supplier B,North,Completed,,2026-09-04,2026-09-06
O102501,2026-09-01,SKU-A1,Supplier A,South,Completed,,2026-09-04,2026-09-05
O102502,2026-09-01,SKU-A1,Supplier A,North,Completed,,2026-09-04,2026-09-05
O102503,2026-09-01,SKU-C2,Supplier C,South,Cancelled,2026-09-04,2026-09-05,
O102504,2026-09-01,SKU-A2,Supplier A,North,Completed,,2026-09-05,2026-09-05
O102505,2026-09-01,SKU-B2,Supplier B,North,Completed,,2026-09-04,2026-09-06
O102506,2026-09-01,SKU-C1,Supplier C,West,Completed,,2026-09-04,2026-09-05
O102507,2026-09-01,SKU-C1,Supplier C,South,Completed,,2026-09-04,2026-09-06
O102508,2026-09-01,SKU-C1,Supplier C,North,Completed,,2026-09-04,2026-09-04
O102509,2026-09-01,SKU-A2,Supplier A,North,Completed,,2026-09-04,2026-09-04
O102510,2026-09-01,SKU-B1,Supplier B,North,Completed,,2026-09-05,2026-09-05
O102511,2026-09-01,SKU-C2,Supplier C,West,Completed,,2026-09-04,2026-09-04
O102512,2026-09-01,SKU-C1,Supplier C,North,Completed,,2026-09-03,2026-09-03
O102513,2026-09-01,SKU-B2,Supplier B,West,Completed,,2026-09-05,2026-09-05
O102514,2026-09-01,SKU-A1,Supplier A,East,Completed,,2026-09-04,2026-09-04
O102515,2026-09-01,SKU-C2,Supplier C,West,Completed,,2026-09-05,2026-09-06
O102516,2026-09-01,SKU-C1,Supplier C,South,Completed,,2026-09-03,2026-09-05
O102517,2026-09-01,SKU-A2,Supplier A,North,Cancelled,2026-09-02,2026-09-04,
O102518,2026-09-01,SKU-C2,Supplier C,South,Completed,,2026-09-04,2026-09-05
O102519,2026-09-01,SKU-B1,Supplier B,East,Completed,,2026-09-03,2026-09-03
O102520,2026-09-01,SKU-B2,Supplier B,North,Cancelled,2026-09-02,2026-09-04,
O102521,2026-09-01,SKU-C1,Supplier C,South,Completed,,2026-09-03,2026-09-03
O102522,2026-09-01,SKU-B2,Supplier B,West,Completed,,2026-09-05,2026-09-05
O102523,2026-09-01,SKU-B2,Supplier B,East,Cancelled,2026-09-02,2026-09-03,
O102524,2026-09-01,SKU-B1,Supplier B,East,Completed,,2026-09-04,2026-09-05
O102525,2026-09-01,SKU-C2,Supplier C,North,Completed,,2026-09-03,2026-09-03
O102526,2026-09-01,SKU-A1,Supplier A,South,Completed,,2026-09-03,2026-09-05
O102527,2026-09-01,SKU-A2,Supplier A,North,Completed,,2026-09-04,2026-09-04
O102528,2026-09-01,SKU-B2,Supplier B,East,Completed,,2026-09-05,2026-09-06
O102529,2026-09-01,SKU-C1,Supplier C,East,Completed,,2026-09-03,2026-09-05
O102530,2026-09-01,SKU-B2,Supplier B,East,Completed,,2026-09-05,2026-09-07
O102531,2026-09-01,SKU-C2,Supplier C,North,Completed,,2026-09-04,2026-09-04
O102532,2026-09-01,SKU-B2,Supplier B,South,Completed,,2026-09-03,2026-09-03
O102533,2026-09-01,SKU-C1,Supplier C,South,Cancelled,2026-09-04,2026-09-05,
O102534,2026-09-01,SKU-B1,Supplier B,East,Completed,,2026-09-05,2026-09-05
O102535,2026-09-01,SKU-A2,Supplier A,South,Completed,,2026-09-03,2026-09-04
O102536,2026-09-01,SKU-C1,Supplier C,South,Completed,,2026-09-03,2026-09-05
O102537,2026-09-01,SKU-A2,Supplier A,North,Cancelled,2026-09-03,2026-09-03,
O102538,2026-09-01,SKU-C2,Supplier C,South,Completed,,2026-09-03,2026-09-04
O102539,2026-09-01,SKU-C1,Supplier C,North,Completed,,2026-09-05,2026-09-05
O102540,2026-09-01,SKU-C1,Supplier C,West,Completed,,2026-09-03,2026-09-03
O102541,2026-09-01,SKU-A2,Supplier A,South,Completed,,2026-09-04,2026-09-05
O102542,2026-09-01,SKU-B2,Supplier B,West,Completed,,2026-09-05,2026-09-07
O102543,2026-09-01,SKU-A2,Supplier A,East,Completed,,2026-09-04,2026-09-06
O102544,2026-09-01,SKU-C1,Supplier C,West,Completed,,2026-09-03,2026-09-04
O102545,2026-09-01,SKU-C2,Supplier C,West,Cancelled,2026-09-04,2026-09-03,
O102546,2026-09-01,SKU-B1,Supplier B,West,Completed,,2026-09-03,2026-09-03
O102547,2026-09-01,SKU-B1,Supplier B,North,Completed,,2026-09-05,2026-09-06
O102548,2026-09-01,SKU-B1,Supplier B,West,Completed,,2026-09-04,2026-09-05
O102549,2026-09-01,SKU-A1,Supplier A,North,Cancelled,2026-09-04,2026-09-05,
O102550,2026-09-01,SKU-B2,Supplier B,South,Completed,,2026-09-03,2026-09-03
O102551,2026-09-01,SKU-A1,Supplier A,North,Completed,,2026-09-04,2026-09-05
O102552,2026-09-01,SKU-B1,Supplier B,East,Completed,,2026-09-03,2026-09-03
O102553,2026-09-01,SKU-A2,Supplier A,East,Completed,,2026-09-03,2026-09-05
O102554,2026-09-01,SKU-B2,Supplier B,South,Completed,,2026-09-03,2026-09-03
O102555,2026-09-01,SKU-C1,Supplier C,North,Completed,,2026-09-03,2026-09-04
O102556,2026-09-01,SKU-C2,Supplier C,East,Completed,,2026-09-03,2026-09-03
O102557,2026-09-01,SKU-C2,Supplier C,West,Completed,,2026-09-04,2026-09-06
O102558,2026-09-01,SKU-B1,Supplier B,East,Completed,,2026-09-04,2026-09-04
O102559,2026-09-01,SKU-B1,Supplier B,East,Completed,,2026-09-03,2026-09-03
O102560,2026-09-01,SKU-C1,Supplier C,North,Completed,,2026-09-05,2026-09-05
O102561,2026-09-01,SKU-A1,Supplier A,West,Completed,,2026-09-03,2026-09-04
O102562,2026-09-01,SKU-A2,Supplier A,East,Completed,,2026-09-04,2026-09-05
O102563,2026-09-01,SKU-A2,Supplier A,South,Completed,,2026-09-03,2026-09-03
O102564,2026-09-01,SKU-C1,Supplier C,North,Completed,,2026-09-05,2026-09-06
O102565,2026-09-01,SKU-C1,Supplier C,East,Completed,,2026-09-05,2026-09-07
O102566,2026-09-01,SKU-C2,Supplier C,West,Completed,,2026-09-04,2026-09-04
O102567,2026-09-01,SKU-C2,Supplier C,West,Completed,,2026-09-05,2026-09-05
O102568,2026-09-01,SKU-C2,Supplier C,East,Completed,,2026-09-04,2026-09-06
O102569,2026-09-01,SKU-A2,Supplier A,East,Completed,,2026-09-03,2026-09-03
O102570,2026-09-01,SKU-A1,Supplier A,West,Completed,,2026-09-03,2026-09-05
O102571,2026-09-02,SKU-C1,Supplier C,East,Completed,,2026-09-05,2026-09-06
O102572,2026-09-02,SKU-C2,Supplier C,West,Completed,,2026-09-04,2026-09-06
O102573,2026-09-02,SKU-A1,Supplier A,South,Completed,,2026-09-06,2026-09-08
O102574,2026-09-02,SKU-A1,Supplier A,East,Completed,,2026-09-06,2026-09-06
O102575,2026-09-02,SKU-A1,Supplier A,North,Completed,,2026-09-06,2026-09-08
O102576,2026-09-02,SKU-B2,Supplier B,South,Completed,,2026-09-04,2026-09-06
O102577,2026-09-02,SKU-C2,Supplier C,North,Completed,,2026-09-04,2026-09-06
O102578,2026-09-02,SKU-A1,Supplier A,South,Completed,,2026-09-04,2026-09-06
O102579,2026-09-02,SKU-A2,Supplier A,South,Completed,,2026-09-05,2026-09-06
O102580,2026-09-02,SKU-C2,Supplier C,South,Completed,,2026-09-04,2026-09-05
O102581,2026-09-02,SKU-A1,Supplier A,East,Completed,,2026-09-04,2026-09-06
O102582,2026-09-02,SKU-A1,Supplier A,East,Completed,,2026-09-05,2026-09-06
O102583,2026-09-02,SKU-A2,Supplier A,North,Completed,,2026-09-06,2026-09-08
O102584,2026-09-02,SKU-B1,Supplier B,South,Completed,,2026-09-06,2026-09-08
O102585,2026-09-02,SKU-B1,Supplier B,North,Cancelled,2026-09-03,2026-09-04,
O102586,2026-09-02,SKU-C1,Supplier C,West,Completed,,2026-09-05,2026-09-06
O102587,2026-09-02,SKU-C2,Supplier C,East,Completed,,2026-09-06,2026-09-07
O102588,2026-09-02,SKU-C2,Supplier C,West,Completed,,2026-09-04,2026-09-06
O102589,2026-09-02,SKU-C1,Supplier C,North,Cancelled,2026-09-04,2026-09-06,
O102590,2026-09-02,SKU-C1,Supplier C,East,Completed,,2026-09-06,2026-09-07
O102591,2026-09-02,SKU-C1,Supplier C,West,Completed,,2026-09-04,2026-09-05
O102592,2026-09-02,SKU-C2,Supplier C,West,Completed,,2026-09-06,2026-09-06
O102593,2026-09-02,SKU-C2,Supplier C,East,Completed,,2026-09-06,2026-09-06
O102594,2026-09-02,SKU-B1,Supplier B,West,Completed,,2026-09-05,2026-09-05
O102595,2026-09-02,SKU-A1,Supplier A,South,Cancelled,2026-09-04,2026-09-06,
O102596,2026-09-02,SKU-A1,Supplier A,North,Completed,,2026-09-06,2026-09-07
O102597,2026-09-02,SKU-B2,Supplier B,West,Cancelled,2026-09-05,2026-09-04,
O102598,2026-09-02,SKU-B1,Supplier B,North,Completed,,2026-09-05,2026-09-07
O102599,2026-09-02,SKU-B2,Supplier B,North,Completed,,2026-09-06,2026-09-08
O102600,2026-09-02,SKU-C1,Supplier C,East,Completed,,2026-09-05,2026-09-06
O102601,2026-09-02,SKU-A2,Supplier A,East,Completed,,2026-09-04,2026-09-06
O102602,2026-09-02,SKU-C2,Supplier C,North,Completed,,2026-09-05,2026-09-06
O102603,2026-09-02,SKU-A2,Supplier A,West,Completed,,2026-09-06,2026-09-07
O102604,2026-09-02,SKU-C1,Supplier C,East,Completed,,2026-09-05,2026-09-05
O102605,2026-09-02,SKU-C1,Supplier C,South,Completed,,2026-09-06,2026-09-08
O102606,2026-09-02,SKU-C1,Supplier C,East,Completed,,2026-09-04,2026-09-06
O102607,2026-09-02,SKU-A2,Supplier A,West,Completed,,2026-09-06,2026-09-06
O102608,2026-09-02,SKU-C2,Supplier C,North,Completed,,2026-09-05,2026-09-06
O102609,2026-09-02,SKU-C2,Supplier C,West,Completed,,2026-09-06,2026-09-07
O102610,2026-09-02,SKU-A1,Supplier A,West,Completed,,2026-09-05,2026-09-05
O102611,2026-09-02,SKU-C1,Supplier C,North,Completed,,2026-09-04,2026-09-04
O102612,2026-09-02,SKU-C1,Supplier C,East,Completed,,2026-09-06,2026-09-06
O102613,2026-09-02,SKU-B1,Supplier B,South,Completed,,2026-09-06,2026-09-06
O102614,2026-09-02,SKU-C2,Supplier C,North,Completed,,2026-09-06,2026-09-08
O102615,2026-09-02,SKU-C1,Supplier C,North,Completed,,2026-09-04,2026-09-05
O102616,2026-09-02,SKU-B1,Supplier B,North,Cancelled,2026-09-03,2026-09-04,
O102617,2026-09-02,SKU-A2,Supplier A,West,Completed,,2026-09-05,2026-09-07
O102618,2026-09-02,SKU-A2,Supplier A,West,Completed,,2026-09-06,2026-09-07
O102619,2026-09-02,SKU-B1,Supplier B,North,Completed,,2026-09-06,2026-09-07
O102620,2026-09-02,SKU-A2,Supplier A,North,Completed,,2026-09-04,2026-09-05
O102621,2026-09-02,SKU-C1,Supplier C,North,Completed,,2026-09-04,2026-09-04
O102622,2026-09-02,SKU-B1,Supplier B,North,Completed,,2026-09-06,2026-09-06
O102623,2026-09-02,SKU-C2,Supplier C,South,Cancelled,2026-09-04,2026-09-06,
O102624,2026-09-02,SKU-B1,Supplier B,East,Completed,,2026-09-05,2026-09-06
O102625,2026-09-02,SKU-B2,Supplier B,South,Completed,,2026-09-06,2026-09-07
O102626,2026-09-02,SKU-C1,Supplier C,North,Completed,,2026-09-06,2026-09-07
O102627,2026-09-02,SKU-B2,Supplier B,North,Completed,,2026-09-06,2026-09-08
O102628,2026-09-02,SKU-A1,Supplier A,South,Completed,,2026-09-04,2026-09-06
O102629,2026-09-02,SKU-C1,Supplier C,East,Completed,,2026-09-04,2026-09-05
O102630,2026-09-02,SKU-B1,Supplier B,South,Completed,,2026-09-04,2026-09-05
O102631,2026-09-02,SKU-B1,Supplier B,North,Completed,,2026-09-05,2026-09-05
O102632,2026-09-02,SKU-A2,Supplier A,East,Completed,,2026-09-06,2026-09-07
O102633,2026-09-02,SKU-A1,Supplier A,West,Completed,,2026-09-04,2026-09-06
O102634,2026-09-02,SKU-C2,Supplier C,North,Completed,,2026-09-04,2026-09-05
O102635,2026-09-02,SKU-C1,Supplier C,North,Completed,,2026-09-04,2026-09-04
O102636,2026-09-02,SKU-A2,Supplier A,South,Completed,,2026-09-06,2026-09-08
O102637,2026-09-02,SKU-B1,Supplier B,West,Completed,,2026-09-06,2026-09-07
O102638,2026-09-02,SKU-C1,Supplier C,North,Completed,,2026-09-04,2026-09-04
O102639,2026-09-02,SKU-A1,Supplier A,East,Cancelled,2026-09-05,2026-09-05,
O102640,2026-09-02,SKU-C2,Supplier C,West,Completed,,2026-09-05,2026-09-07
O102641,2026-09-02,SKU-B2,Supplier B,West,Completed,,2026-09-04,2026-09-05
O102642,2026-09-02,SKU-A2,Supplier A,South,Cancelled,2026-09-05,2026-09-06,
O102643,2026-09-02,SKU-B1,Supplier B,South,Completed,,2026-09-06,2026-09-06
O102644,2026-09-02,SKU-C2,Supplier C,North,Completed,,2026-09-06,2026-09-06
O102645,2026-09-02,SKU-C1,Supplier C,West,Completed,,2026-09-05,2026-09-05
O102646,2026-09-02,SKU-B2,Supplier B,West,Completed,,2026-09-06,2026-09-08
O102647,2026-09-02,SKU-B1,Supplier B,West,Completed,,2026-09-04,2026-09-05
O102648,2026-09-02,SKU-A2,Supplier A,North,Completed,,2026-09-06,2026-09-08
O102649,2026-09-02,SKU-B2,Supplier B,South,Completed,,2026-09-06,2026-09-07
O102650,2026-09-02,SKU-C2,Supplier C,South,Completed,,2026-09-04,2026-09-06
O102651,2026-09-02,SKU-B1,Supplier B,South,Completed,,2026-09-04,2026-09-04
O102652,2026-09-02,SKU-C2,Supplier C,South,Completed,,2026-09-05,2026-09-07
O102653,2026-09-02,SKU-A1,Supplier A,East,Completed,,2026-09-05,2026-09-06
O102654,2026-09-03,SKU-B1,Supplier B,North,Cancelled,2026-09-06,2026-09-07,
O102655,2026-09-03,SKU-B1,Supplier B,North,Completed,,2026-09-06,2026-09-06
O102656,2026-09-03,SKU-C1,Supplier C,South,Completed,,2026-09-05,2026-09-06
O102657,2026-09-03,SKU-A2,Supplier A,North,Completed,,2026-09-05,2026-09-07
O102658,2026-09-03,SKU-B2,Supplier B,West,Completed,,2026-09-05,2026-09-07
O102659,2026-09-03,SKU-C1,Supplier C,North,Completed,,2026-09-06,2026-09-07
O102660,2026-09-03,SKU-A2,Supplier A,West,Completed,,2026-09-06,2026-09-08
O102661,2026-09-03,SKU-C1,Supplier C,South,Completed,,2026-09-07,2026-09-07
O102662,2026-09-03,SKU-B2,Supplier B,West,Completed,,2026-09-07,2026-09-09
O102663,2026-09-03,SKU-B1,Supplier B,North,Completed,,2026-09-07,2026-09-09
O102664,2026-09-03,SKU-C1,Supplier C,North,Cancelled,2026-09-05,2026-09-05,
O102665,2026-09-03,SKU-B1,Supplier B,East,Completed,,2026-09-07,2026-09-07
O102666,2026-09-03,SKU-C1,Supplier C,North,Completed,,2026-09-06,2026-09-06
O102667,2026-09-03,SKU-C2,Supplier C,North,Completed,,2026-09-05,2026-09-06
O102668,2026-09-03,SKU-B2,Supplier B,West,Completed,,2026-09-07,2026-09-09
O102669,2026-09-03,SKU-C1,Supplier C,North,Completed,,2026-09-05,2026-09-07
O102670,2026-09-03,SKU-B2,Supplier B,East,Completed,,2026-09-06,2026-09-07
O102671,2026-09-03,SKU-B1,Supplier B,East,Completed,,2026-09-06,2026-09-06
O102672,2026-09-03,SKU-A2,Supplier A,South,Completed,,2026-09-07,2026-09-09
O102673,2026-09-03,SKU-B1,Supplier B,South,Completed,,2026-09-06,2026-09-07
O102674,2026-09-03,SKU-C1,Supplier C,East,Completed,,2026-09-07,2026-09-09
O102675,2026-09-03,SKU-C2,Supplier C,West,Completed,,2026-09-07,2026-09-08
O102676,2026-09-03,SKU-C1,Supplier C,West,Completed,,2026-09-07,2026-09-07
O102677,2026-09-03,SKU-A2,Supplier A,East,Completed,,2026-09-06,2026-09-06
O102678,2026-09-03,SKU-B2,Supplier B,South,Completed,,2026-09-05,2026-09-05
O102679,2026-09-03,SKU-C1,Supplier C,East,Completed,,2026-09-07,2026-09-09
O102680,2026-09-03,SKU-B2,Supplier B,West,Completed,,2026-09-07,2026-09-08
O102681,2026-09-03,SKU-C1,Supplier C,North,Completed,,2026-09-05,2026-09-05
O102682,2026-09-03,SKU-A1,Supplier A,North,Completed,,2026-09-06,2026-09-08
O102683,2026-09-03,SKU-C1,Supplier C,North,Completed,,2026-09-07,2026-09-07
O102684,2026-09-03,SKU-C1,Supplier C,West,Completed,,2026-09-07,2026-09-08
O102685,2026-09-03,SKU-A2,Supplier A,South,Completed,,2026-09-06,2026-09-08
O102686,2026-09-03,SKU-C2,Supplier C,West,Completed,,2026-09-05,2026-09-06
O102687,2026-09-03,SKU-A2,Supplier A,West,Completed,,2026-09-05,2026-09-05
O102688,2026-09-03,SKU-C1,Supplier C,West,Completed,,2026-09-06,2026-09-08
O102689,2026-09-03,SKU-B2,Supplier B,South,Completed,,2026-09-07,2026-09-09
O102690,2026-09-03,SKU-C2,Supplier C,West,Completed,,2026-09-07,2026-09-08
O102691,2026-09-03,SKU-B1,Supplier B,East,Completed,,2026-09-05,2026-09-07
O102692,2026-09-03,SKU-A2,Supplier A,East,Completed,,2026-09-06,2026-09-07
O102693,2026-09-03,SKU-B1,Supplier B,East,Completed,,2026-09-07,2026-09-09
O102694,2026-09-03,SKU-C1,Supplier C,East,Completed,,2026-09-06,2026-09-07
O102695,2026-09-03,SKU-B1,Supplier B,North,Completed,,2026-09-06,2026-09-07
O102696,2026-09-03,SKU-C1,Supplier C,South,Completed,,2026-09-06,2026-09-07
O102697,2026-09-03,SKU-C2,Supplier C,South,Completed,,2026-09-06,2026-09-08
O102698,2026-09-03,SKU-C1,Supplier C,East,Completed,,2026-09-05,2026-09-05
O102699,2026-09-03,SKU-B1,Supplier B,North,Completed,,2026-09-06,2026-09-06
O102700,2026-09-03,SKU-C1,Supplier C,North,Completed,,2026-09-06,2026-09-06
O102701,2026-09-03,SKU-C2,Supplier C,South,Completed,,2026-09-05,2026-09-05
O102702,2026-09-03,SKU-C1,Supplier C,North,Completed,,2026-09-05,2026-09-05
O102703,2026-09-03,SKU-C2,Supplier C,North,Cancelled,2026-09-06,2026-09-07,
O102704,2026-09-03,SKU-A2,Supplier A,East,Completed,,2026-09-06,2026-09-07
O102705,2026-09-03,SKU-A2,Supplier A,South,Completed,,2026-09-05,2026-09-06
O102706,2026-09-03,SKU-C2,Supplier C,West,Completed,,2026-09-07,2026-09-08
O102707,2026-09-03,SKU-C2,Supplier C,North,Completed,,2026-09-05,2026-09-06
O102708,2026-09-03,SKU-A1,Supplier A,South,Completed,,2026-09-07,2026-09-09
O102709,2026-09-03,SKU-B2,Supplier B,West,Completed,,2026-09-05,2026-09-06
O102710,2026-09-03,SKU-A2,Supplier A,East,Completed,,2026-09-05,2026-09-05
O102711,2026-09-03,SKU-C1,Supplier C,East,Cancelled,2026-09-06,2026-09-07,
O102712,2026-09-03,SKU-A2,Supplier A,West,Completed,,2026-09-06,2026-09-07
O102713,2026-09-03,SKU-C2,Supplier C,South,Completed,,2026-09-06,2026-09-06
O102714,2026-09-03,SKU-B2,Supplier B,East,Completed,,2026-09-07,2026-09-09
O102715,2026-09-03,SKU-B2,Supplier B,South,Completed,,2026-09-06,2026-09-06
O102716,2026-09-03,SKU-B1,Supplier B,West,Completed,,2026-09-06,2026-09-06
O102717,2026-09-03,SKU-B1,Supplier B,East,Completed,,2026-09-07,2026-09-09
O102718,2026-09-03,SKU-B1,Supplier B,North,Completed,,2026-09-06,2026-09-08
O102719,2026-09-03,SKU-B2,Supplier B,North,Completed,,2026-09-06,2026-09-07
O102720,2026-09-03,SKU-B2,Supplier B,East,Completed,,2026-09-06,2026-09-07
O102721,2026-09-03,SKU-A2,Supplier A,North,Completed,,2026-09-07,2026-09-09
O102722,2026-09-03,SKU-A2,Supplier A,South,Completed,,2026-09-07,2026-09-08
O102723,2026-09-03,SKU-A1,Supplier A,North,Completed,,2026-09-05,2026-09-07
O102724,2026-09-03,SKU-A1,Supplier A,South,Completed,,2026-09-06,2026-09-06
O102725,2026-09-03,SKU-A1,Supplier A,North,Completed,,2026-09-07,2026-09-09
O102726,2026-09-03,SKU-B2,Supplier B,South,Cancelled,2026-09-06,2026-09-05,
O102727,2026-09-03,SKU-C2,Supplier C,East,Completed,,2026-09-06,2026-09-06
O102728,2026-09-03,SKU-C2,Supplier C,North,Completed,,2026-09-07,2026-09-07
O102729,2026-09-03,SKU-C1,Supplier C,East,Cancelled,2026-09-05,2026-09-05,
O102730,2026-09-03,SKU-A2,Supplier A,South,Completed,,2026-09-05,2026-09-06
O102731,2026-09-04,SKU-A1,Supplier A,North,Completed,,2026-09-08,2026-09-10
O102732,2026-09-04,SKU-A1,Supplier A,West,Completed,,2026-09-07,2026-09-07
O102733,2026-09-04,SKU-B2,Supplier B,North,Completed,,2026-09-08,2026-09-08
O102734,2026-09-04,SKU-A2,Supplier A,West,Completed,,2026-09-07,2026-09-09
O102735,2026-09-04,SKU-C1,Supplier C,West,Completed,,2026-09-07,2026-09-07
O102736,2026-09-04,SKU-B1,Supplier B,East,Completed,,2026-09-06,2026-09-07
O102737,2026-09-04,SKU-B1,Supplier B,South,Completed,,2026-09-06,2026-09-07
O102738,2026-09-04,SKU-C2,Supplier C,West,Completed,,2026-09-06,2026-09-08
O102739,2026-09-04,SKU-A1,Supplier A,North,Completed,,2026-09-07,2026-09-08
O102740,2026-09-04,SKU-A2,Supplier A,North,Completed,,2026-09-08,2026-09-10
O102741,2026-09-04,SKU-B1,Supplier B,North,Completed,,2026-09-08,2026-09-09
O102742,2026-09-04,SKU-B1,Supplier B,West,Completed,,2026-09-08,2026-09-10
O102743,2026-09-04,SKU-B1,Supplier B,North,Completed,,2026-09-07,2026-09-09
O102744,2026-09-04,SKU-A2,Supplier A,East,Completed,,2026-09-06,2026-09-06
O102745,2026-09-04,SKU-C1,Supplier C,East,Completed,,2026-09-08,2026-09-08
O102746,2026-09-04,SKU-C2,Supplier C,East,Completed,,2026-09-06,2026-09-06
O102747,2026-09-04,SKU-A1,Supplier A,West,Completed,,2026-09-06,2026-09-06
O102748,2026-09-04,SKU-A1,Supplier A,North,Completed,,2026-09-07,2026-09-08
O102749,2026-09-04,SKU-A2,Supplier A,North,Completed,,2026-09-07,2026-09-07
O102750,2026-09-04,SKU-A2,Supplier A,North,Completed,,2026-09-08,2026-09-09
O102751,2026-09-04,SKU-B1,Supplier B,West,Completed,,2026-09-06,2026-09-06
O102752,2026-09-04,SKU-A2,Supplier A,East,Completed,,2026-09-08,2026-09-09
O102753,2026-09-04,SKU-B2,Supplier B,North,Completed,,2026-09-06,2026-09-06
O102754,2026-09-04,SKU-A1,Supplier A,South,Completed,,2026-09-07,2026-09-08
O102755,2026-09-04,SKU-A1,Supplier A,South,Completed,,2026-09-06,2026-09-07
O102756,2026-09-04,SKU-A1,Supplier A,East,Completed,,2026-09-07,2026-09-08
O102757,2026-09-04,SKU-C2,Supplier C,South,Completed,,2026-09-07,2026-09-07
O102758,2026-09-04,SKU-B2,Supplier B,North,Completed,,2026-09-07,2026-09-08
O102759,2026-09-04,SKU-A2,Supplier A,East,Cancelled,2026-09-07,2026-09-08,
O102760,2026-09-04,SKU-C1,Supplier C,South,Completed,,2026-09-06,2026-09-08
O102761,2026-09-04,SKU-B1,Supplier B,East,Completed,,2026-09-06,2026-09-08
O102762,2026-09-04,SKU-B2,Supplier B,North,Completed,,2026-09-07,2026-09-07
O102763,2026-09-04,SKU-B1,Supplier B,West,Completed,,2026-09-06,2026-09-07
O102764,2026-09-04,SKU-B2,Supplier B,North,Cancelled,2026-09-07,2026-09-06,
O102765,2026-09-04,SKU-C2,Supplier C,North,Completed,,2026-09-08,2026-09-09
O102766,2026-09-04,SKU-A2,Supplier A,West,Completed,,2026-09-08,2026-09-09
O102767,2026-09-04,SKU-B2,Supplier B,East,Completed,,2026-09-08,2026-09-09
O102768,2026-09-04,SKU-B1,Supplier B,West,Completed,,2026-09-06,2026-09-08
O102769,2026-09-04,SKU-A1,Supplier A,South,Completed,,2026-09-08,2026-09-10
O102770,2026-09-04,SKU-A1,Supplier A,East,Completed,,2026-09-08,2026-09-09
O102771,2026-09-04,SKU-B1,Supplier B,South,Completed,,2026-09-06,2026-09-08
O102772,2026-09-04,SKU-A1,Supplier A,East,Cancelled,2026-09-05,2026-09-06,
O102773,2026-09-04,SKU-A1,Supplier A,North,Completed,,2026-09-07,2026-09-08
O102774,2026-09-04,SKU-C1,Supplier C,East,Completed,,2026-09-08,2026-09-09
O102775,2026-09-04,SKU-C2,Supplier C,West,Completed,,2026-09-07,2026-09-07
O102776,2026-09-04,SKU-A1,Supplier A,North,Completed,,2026-09-06,2026-09-08
O102777,2026-09-04,SKU-C1,Supplier C,South,Completed,,2026-09-06,2026-09-08
O102778,2026-09-04,SKU-C2,Supplier C,East,Completed,,2026-09-07,2026-09-09
O102779,2026-09-04,SKU-C2,Supplier C,North,Completed,,2026-09-07,2026-09-07
O102780,2026-09-04,SKU-B2,Supplier B,South,Completed,,2026-09-07,2026-09-08
O102781,2026-09-04,SKU-A1,Supplier A,South,Completed,,2026-09-06,2026-09-08
O102782,2026-09-04,SKU-B2,Supplier B,South,Completed,,2026-09-08,2026-09-09
O102783,2026-09-04,SKU-A1,Supplier A,South,Completed,,2026-09-08,2026-09-09
O102784,2026-09-04,SKU-C1,Supplier C,East,Completed,,2026-09-07,2026-09-09
O102785,2026-09-04,SKU-B1,Supplier B,South,Completed,,2026-09-08,2026-09-09
O102786,2026-09-04,SKU-C2,Supplier C,North,Completed,,2026-09-08,2026-09-08
O102787,2026-09-04,SKU-C1,Supplier C,East,Completed,,2026-09-06,2026-09-07
O102788,2026-09-04,SKU-A1,Supplier A,South,Completed,,2026-09-06,2026-09-07
O102789,2026-09-04,SKU-C2,Supplier C,East,Completed,,2026-09-06,2026-09-07
O102790,2026-09-04,SKU-C2,Supplier C,West,Completed,,2026-09-07,2026-09-09
O102791,2026-09-04,SKU-B2,Supplier B,South,Completed,,2026-09-07,2026-09-07
O102792,2026-09-04,SKU-C2,Supplier C,North,Completed,,2026-09-08,2026-09-09
O102793,2026-09-04,SKU-C1,Supplier C,East,Completed,,2026-09-07,2026-09-08
O102794,2026-09-04,SKU-A1,Supplier A,North,Completed,,2026-09-06,2026-09-08
O102795,2026-09-04,SKU-A2,Supplier A,East,Completed,,2026-09-08,2026-09-09
O102796,2026-09-04,SKU-A2,Supplier A,West,Completed,,2026-09-08,2026-09-08
O102797,2026-09-04,SKU-B2,Supplier B,North,Completed,,2026-09-08,2026-09-08
O102798,2026-09-04,SKU-B1,Supplier B,North,Completed,,2026-09-06,2026-09-06
O102799,2026-09-04,SKU-B2,Supplier B,West,Completed,,2026-09-07,2026-09-07
O102800,2026-09-04,SKU-A1,Supplier A,South,Completed,,2026-09-08,2026-09-08
O102801,2026-09-04,SKU-B2,Supplier B,South,Completed,,2026-09-06,2026-09-07
O102802,2026-09-04,SKU-B2,Supplier B,West,Completed,,2026-09-07,2026-09-08
O102803,2026-09-04,SKU-A2,Supplier A,North,Cancelled,2026-09-05,2026-09-06,
O102804,2026-09-04,SKU-A2,Supplier A,East,Completed,,2026-09-08,2026-09-10
O102805,2026-09-04,SKU-B2,Supplier B,East,Completed,,2026-09-08,2026-09-09
O102806,2026-09-04,SKU-C1,Supplier C,East,Completed,,2026-09-08,2026-09-10
O102807,2026-09-04,SKU-A1,Supplier A,East,Completed,,2026-09-07,2026-09-09
O102808,2026-09-04,SKU-C2,Supplier C,East,Completed,,2026-09-08,2026-09-08
O102809,2026-09-04,SKU-C2,Supplier C,South,Cancelled,2026-09-07,2026-09-08,
O102810,2026-09-04,SKU-A1,Supplier A,East,Completed,,2026-09-07,2026-09-07
O102811,2026-09-04,SKU-C2,Supplier C,North,Completed,,2026-09-08,2026-09-08
O102812,2026-09-04,SKU-B2,Supplier B,West,Completed,,2026-09-06,2026-09-08
O102813,2026-09-04,SKU-B1,Supplier B,South,Completed,,2026-09-07,2026-09-09
O102814,2026-09-05,SKU-C1,Supplier C,North,Completed,,2026-09-08,2026-09-09
O102815,2026-09-05,SKU-C2,Supplier C,South,Completed,,2026-09-08,2026-09-10
O102816,2026-09-05,SKU-B1,Supplier B,East,Completed,,2026-09-09,2026-09-11
O102817,2026-09-05,SKU-C2,Supplier C,South,Completed,,2026-09-08,2026-09-08
O102818,2026-09-05,SKU-C1,Supplier C,South,Completed,,2026-09-09,2026-09-09
O102819,2026-09-05,SKU-B2,Supplier B,West,Completed,,2026-09-07,2026-09-07
O102820,2026-09-05,SKU-C1,Supplier C,North,Completed,,2026-09-08,2026-09-08
O102821,2026-09-05,SKU-C1,Supplier C,North,Completed,,2026-09-08,2026-09-10
O102822,2026-09-05,SKU-A2,Supplier A,East,Completed,,2026-09-08,2026-09-09
O102823,2026-09-05,SKU-C2,Supplier C,East,Completed,,2026-09-09,2026-09-11
O102824,2026-09-05,SKU-C2,Supplier C,East,Completed,,2026-09-08,2026-09-09
O102825,2026-09-05,SKU-C2,Supplier C,North,Cancelled,2026-09-07,2026-09-09,
O102826,2026-09-05,SKU-B1,Supplier B,North,Completed,,2026-09-08,2026-09-10
O102827,2026-09-05,SKU-A2,Supplier A,West,Completed,,2026-09-09,2026-09-09
O102828,2026-09-05,SKU-A2,Supplier A,North,Cancelled,2026-09-08,2026-09-08,
O102829,2026-09-05,SKU-C2,Supplier C,North,Completed,,2026-09-08,2026-09-08
O102830,2026-09-05,SKU-B1,Supplier B,East,Completed,,2026-09-09,2026-09-10
O102831,2026-09-05,SKU-B1,Supplier B,North,Completed,,2026-09-09,2026-09-10
O102832,2026-09-05,SKU-B2,Supplier B,West,Completed,,2026-09-07,2026-09-08
O102833,2026-09-05,SKU-A1,Supplier A,East,Cancelled,2026-09-08,2026-09-09,
O102834,2026-09-05,SKU-A1,Supplier A,North,Completed,,2026-09-08,2026-09-09
O102835,2026-09-05,SKU-C2,Supplier C,North,Completed,,2026-09-08,2026-09-08
O102836,2026-09-05,SKU-B2,Supplier B,North,Completed,,2026-09-08,2026-09-09
O102837,2026-09-05,SKU-B2,Supplier B,South,Completed,,2026-09-09,2026-09-09
O102838,2026-09-05,SKU-A2,Supplier A,East,Completed,,2026-09-08,2026-09-08
O102839,2026-09-05,SKU-B1,Supplier B,East,Completed,,2026-09-08,2026-09-10
O102840,2026-09-05,SKU-B1,Supplier B,South,Completed,,2026-09-07,2026-09-08
O102841,2026-09-05,SKU-A2,Supplier A,South,Completed,,2026-09-08,2026-09-08
O102842,2026-09-05,SKU-C2,Supplier C,East,Completed,,2026-09-07,2026-09-09
O102843,2026-09-05,SKU-B1,Supplier B,West,Completed,,2026-09-08,2026-09-10
O102844,2026-09-05,SKU-C2,Supplier C,North,Completed,,2026-09-07,2026-09-08
O102845,2026-09-05,SKU-B1,Supplier B,North,Completed,,2026-09-09,2026-09-09
O102846,2026-09-05,SKU-B1,Supplier B,North,Completed,,2026-09-07,2026-09-07
O102847,2026-09-05,SKU-C1,Supplier C,North,Cancelled,2026-09-07,2026-09-07,
O102848,2026-09-05,SKU-C2,Supplier C,West,Completed,,2026-09-09,2026-09-10
O102849,2026-09-05,SKU-C1,Supplier C,East,Completed,,2026-09-09,2026-09-10
O102850,2026-09-05,SKU-C2,Supplier C,South,Completed,,2026-09-09,2026-09-11
O102851,2026-09-05,SKU-C1,Supplier C,North,Completed,,2026-09-09,2026-09-11
O102852,2026-09-05,SKU-B1,Supplier B,West,Completed,,2026-09-07,2026-09-09
O102853,2026-09-05,SKU-C2,Supplier C,North,Completed,,2026-09-09,2026-09-11
O102854,2026-09-05,SKU-C2,Supplier C,West,Completed,,2026-09-09,2026-09-10
O102855,2026-09-05,SKU-B2,Supplier B,West,Completed,,2026-09-09,2026-09-11
O102856,2026-09-05,SKU-A2,Supplier A,East,Completed,,2026-09-09,2026-09-10
O102857,2026-09-05,SKU-C1,Supplier C,South,Completed,,2026-09-07,2026-09-09
O102858,2026-09-05,SKU-B2,Supplier B,East,Completed,,2026-09-09,2026-09-10
O102859,2026-09-05,SKU-B2,Supplier B,East,Cancelled,2026-09-08,2026-09-09,
O102860,2026-09-05,SKU-B2,Supplier B,East,Completed,,2026-09-07,2026-09-08
O102861,2026-09-05,SKU-B1,Supplier B,East,Completed,,2026-09-07,2026-09-07
O102862,2026-09-05,SKU-A2,Supplier A,North,Completed,,2026-09-07,2026-09-08
O102863,2026-09-05,SKU-A1,Supplier A,North,Completed,,2026-09-07,2026-09-07
O102864,2026-09-05,SKU-A2,Supplier A,South,Completed,,2026-09-09,2026-09-09
O102865,2026-09-05,SKU-C2,Supplier C,East,Completed,,2026-09-08,2026-09-08
O102866,2026-09-05,SKU-A2,Supplier A,North,Completed,,2026-09-07,2026-09-07
O102867,2026-09-05,SKU-B1,Supplier B,West,Completed,,2026-09-07,2026-09-08
O102868,2026-09-05,SKU-A1,Supplier A,West,Completed,,2026-09-07,2026-09-08
O102869,2026-09-05,SKU-A1,Supplier A,West,Completed,,2026-09-07,2026-09-09
O102870,2026-09-05,SKU-C2,Supplier C,West,Completed,,2026-09-07,2026-09-07
O102871,2026-09-05,SKU-A1,Supplier A,East,Completed,,2026-09-09,2026-09-09
O102872,2026-09-05,SKU-A1,Supplier A,North,Completed,,2026-09-07,2026-09-07
O102873,2026-09-05,SKU-C2,Supplier C,East,Completed,,2026-09-08,2026-09-08
O102874,2026-09-05,SKU-C1,Supplier C,West,Completed,,2026-09-09,2026-09-09
O102875,2026-09-05,SKU-B2,Supplier B,North,Completed,,2026-09-09,2026-09-10
O102876,2026-09-05,SKU-B1,Supplier B,North,Completed,,2026-09-07,2026-09-09
O102877,2026-09-05,SKU-B1,Supplier B,North,Completed,,2026-09-08,2026-09-10
O102878,2026-09-05,SKU-B2,Supplier B,East,Completed,,2026-09-07,2026-09-07
O102879,2026-09-05,SKU-B2,Supplier B,South,Completed,,2026-09-08,2026-09-10
O102880,2026-09-05,SKU-A2,Supplier A,East,Completed,,2026-09-07,2026-09-07
O102881,2026-09-05,SKU-A1,Supplier A,South,Completed,,2026-09-09,2026-09-10
O102882,2026-09-05,SKU-B1,Supplier B,South,Completed,,2026-09-09,2026-09-10
O102883,2026-09-05,SKU-A2,Supplier A,North,Completed,,2026-09-09,2026-09-10
O102884,2026-09-05,SKU-A2,Supplier A,South,Completed,,2026-09-08,2026-09-10
O102885,2026-09-05,SKU-C2,Supplier C,North,Completed,,2026-09-07,2026-09-09
O102886,2026-09-05,SKU-C2,Supplier C,East,Completed,,2026-09-09,2026-09-11
O102887,2026-09-05,SKU-B1,Supplier B,South,Completed,,2026-09-09,2026-09-10
O102888,2026-09-06,SKU-B1,Supplier B,West,Completed,,2026-09-08,2026-09-08
O102889,2026-09-06,SKU-B2,Supplier B,South,Completed,,2026-09-09,2026-09-11
O102890,2026-09-06,SKU-C1,Supplier C,South,Completed,,2026-09-10,2026-09-11
O102891,2026-09-06,SKU-A1,Supplier A,North,Completed,,2026-09-08,2026-09-09
O102892,2026-09-06,SKU-B2,Supplier B,East,Completed,,2026-09-08,2026-09-10
O102893,2026-09-06,SKU-A2,Supplier A,South,Cancelled,2026-09-08,2026-09-10,
O102894,2026-09-06,SKU-A1,Supplier A,South,Completed,,2026-09-10,2026-09-11
O102895,2026-09-06,SKU-B2,Supplier B,East,Completed,,2026-09-09,2026-09-11
O102896,2026-09-06,SKU-C1,Supplier C,North,Completed,,2026-09-08,2026-09-10
O102897,2026-09-06,SKU-A1,Supplier A,West,Completed,,2026-09-08,2026-09-08
O102898,2026-09-06,SKU-B2,Supplier B,North,Completed,,2026-09-08,2026-09-08
O102899,2026-09-06,SKU-B2,Supplier B,North,Completed,,2026-09-09,2026-09-10
O102900,2026-09-06,SKU-A1,Supplier A,North,Completed,,2026-09-08,2026-09-08
O102901,2026-09-06,SKU-C2,Supplier C,West,Completed,,2026-09-08,2026-09-08
O102902,2026-09-06,SKU-B2,Supplier B,West,Completed,,2026-09-08,2026-09-09
O102903,2026-09-06,SKU-B1,Supplier B,West,Completed,,2026-09-10,2026-09-12
O102904,2026-09-06,SKU-B2,Supplier B,East,Cancelled,2026-09-08,2026-09-08,
O102905,2026-09-06,SKU-C2,Supplier C,North,Completed,,2026-09-09,2026-09-09
O102906,2026-09-06,SKU-C1,Supplier C,East,Cancelled,2026-09-09,2026-09-08,
O102907,2026-09-06,SKU-A2,Supplier A,East,Completed,,2026-09-09,2026-09-11
O102908,2026-09-06,SKU-B2,Supplier B,East,Completed,,2026-09-10,2026-09-11
O102909,2026-09-06,SKU-A2,Supplier A,East,Completed,,2026-09-09,2026-09-10
O102910,2026-09-06,SKU-A1,Supplier A,East,Completed,,2026-09-10,2026-09-12
O102911,2026-09-06,SKU-A1,Supplier A,West,Completed,,2026-09-10,2026-09-10
O102912,2026-09-06,SKU-A1,Supplier A,West,Completed,,2026-09-10,2026-09-10
O102913,2026-09-06,SKU-B2,Supplier B,West,Completed,,2026-09-08,2026-09-08
O102914,2026-09-06,SKU-B2,Supplier B,North,Completed,,2026-09-08,2026-09-09
O102915,2026-09-06,SKU-A1,Supplier A,East,Completed,,2026-09-10,2026-09-12
O102916,2026-09-06,SKU-A1,Supplier A,South,Completed,,2026-09-09,2026-09-11
O102917,2026-09-06,SKU-C1,Supplier C,East,Completed,,2026-09-09,2026-09-10
O102918,2026-09-06,SKU-A1,Supplier A,South,Completed,,2026-09-08,2026-09-09
O102919,2026-09-06,SKU-C2,Supplier C,North,Completed,,2026-09-08,2026-09-10
O102920,2026-09-06,SKU-C2,Supplier C,West,Completed,,2026-09-10,2026-09-10
O102921,2026-09-06,SKU-A2,Supplier A,North,Completed,,2026-09-09,2026-09-10
O102922,2026-09-06,SKU-A2,Supplier A,North,Completed,,2026-09-10,2026-09-10
O102923,2026-09-06,SKU-A2,Supplier A,South,Completed,,2026-09-10,2026-09-12
O102924,2026-09-06,SKU-A1,Supplier A,South,Completed,,2026-09-10,2026-09-10
O102925,2026-09-06,SKU-A2,Supplier A,South,Completed,,2026-09-09,2026-09-11
O102926,2026-09-06,SKU-A2,Supplier A,East,Completed,,2026-09-08,2026-09-08
O102927,2026-09-06,SKU-B2,Supplier B,West,Completed,,2026-09-08,2026-09-10
O102928,2026-09-06,SKU-B2,Supplier B,East,Completed,,2026-09-08,2026-09-10
O102929,2026-09-06,SKU-C2,Supplier C,West,Cancelled,2026-09-07,2026-09-09,
O102930,2026-09-06,SKU-B1,Supplier B,South,Completed,,2026-09-08,2026-09-10
O102931,2026-09-06,SKU-B1,Supplier B,South,Completed,,2026-09-09,2026-09-11
O102932,2026-09-06,SKU-A2,Supplier A,East,Completed,,2026-09-08,2026-09-09
O102933,2026-09-06,SKU-A2,Supplier A,East,Completed,,2026-09-09,2026-09-09
O102934,2026-09-06,SKU-A2,Supplier A,South,Completed,,2026-09-10,2026-09-11
O102935,2026-09-06,SKU-B2,Supplier B,North,Completed,,2026-09-08,2026-09-10
O102936,2026-09-06,SKU-A1,Supplier A,South,Completed,,2026-09-10,2026-09-12
O102937,2026-09-06,SKU-A1,Supplier A,North,Completed,,2026-09-08,2026-09-10
O102938,2026-09-06,SKU-C2,Supplier C,South,Completed,,2026-09-10,2026-09-11
O102939,2026-09-06,SKU-B1,Supplier B,North,Completed,,2026-09-10,2026-09-10
O102940,2026-09-06,SKU-A1,Supplier A,West,Completed,,2026-09-10,2026-09-10
O102941,2026-09-06,SKU-C2,Supplier C,East,Completed,,2026-09-08,2026-09-08
O102942,2026-09-06,SKU-B2,Supplier B,North,Cancelled,2026-09-09,2026-09-08,
O102943,2026-09-06,SKU-B2,Supplier B,West,Completed,,2026-09-08,2026-09-10
O102944,2026-09-06,SKU-A2,Supplier A,East,Completed,,2026-09-09,2026-09-09
O102945,2026-09-06,SKU-A2,Supplier A,South,Completed,,2026-09-09,2026-09-09
O102946,2026-09-06,SKU-B1,Supplier B,East,Completed,,2026-09-09,2026-09-09
O102947,2026-09-06,SKU-C1,Supplier C,South,Completed,,2026-09-09,2026-09-11
O102948,2026-09-06,SKU-B2,Supplier B,North,Completed,,2026-09-09,2026-09-10
O102949,2026-09-06,SKU-B1,Supplier B,West,Completed,,2026-09-09,2026-09-09
O102950,2026-09-06,SKU-A2,Supplier A,West,Completed,,2026-09-08,2026-09-09
O102951,2026-09-06,SKU-B1,Supplier B,South,Completed,,2026-09-08,2026-09-10
O102952,2026-09-06,SKU-B1,Supplier B,East,Completed,,2026-09-08,2026-09-10
O102953,2026-09-06,SKU-A1,Supplier A,North,Completed,,2026-09-09,2026-09-11
O102954,2026-09-06,SKU-B1,Supplier B,South,Completed,,2026-09-09,2026-09-11
O102955,2026-09-06,SKU-A1,Supplier A,West,Completed,,2026-09-10,2026-09-12
O102956,2026-09-06,SKU-B2,Supplier B,East,Completed,,2026-09-10,2026-09-11
O102957,2026-09-06,SKU-B1,Supplier B,West,Completed,,2026-09-10,2026-09-10
O102958,2026-09-06,SKU-C1,Supplier C,North,Completed,,2026-09-09,2026-09-10
O102959,2026-09-06,SKU-A1,Supplier A,South,Completed,,2026-09-10,2026-09-10
O102960,2026-09-06,SKU-B1,Supplier B,South,Cancelled,2026-09-08,2026-09-08,
O102961,2026-09-06,SKU-C2,Supplier C,West,Completed,,2026-09-09,2026-09-11
O102962,2026-09-06,SKU-A1,Supplier A,North,Completed,,2026-09-10,2026-09-12
O102963,2026-09-06,SKU-A2,Supplier A,East,Completed,,2026-09-10,2026-09-10
O102964,2026-09-06,SKU-C2,Supplier C,North,Cancelled,2026-09-07,2026-09-10,
O102965,2026-09-06,SKU-B1,Supplier B,West,Completed,,2026-09-09,2026-09-11
O102966,2026-09-06,SKU-A2,Supplier A,North,Completed,,2026-09-09,2026-09-10
O102967,2026-09-06,SKU-B1,Supplier B,West,Completed,,2026-09-10,2026-09-11
O102968,2026-09-06,SKU-B1,Supplier B,West,Completed,,2026-09-09,2026-09-10
O102969,2026-09-06,SKU-B1,Supplier B,North,Completed,,2026-09-08,2026-09-09
O102970,2026-09-07,SKU-C2,Supplier C,North,Completed,,2026-09-11,2026-09-12
O102971,2026-09-07,SKU-A1,Supplier A,South,Completed,,2026-09-10,2026-09-12
O102972,2026-09-07,SKU-B1,Supplier B,West,Completed,,2026-09-11,2026-09-12
O102973,2026-09-07,SKU-C2,Supplier C,North,Cancelled,2026-09-09,2026-09-10,
O102974,2026-09-07,SKU-C2,Supplier C,West,Completed,,2026-09-10,2026-09-11
O102975,2026-09-07,SKU-B2,Supplier B,West,Completed,,2026-09-11,2026-09-13
O102976,2026-09-07,SKU-A2,Supplier A,West,Completed,,2026-09-10,2026-09-12
O102977,2026-09-07,SKU-A1,Supplier A,South,Completed,,2026-09-11,2026-09-13
O102978,2026-09-07,SKU-B2,Supplier B,East,Completed,,2026-09-11,2026-09-12
O102979,2026-09-07,SKU-A2,Supplier A,East,Completed,,2026-09-11,2026-09-13
O102980,2026-09-07,SKU-A1,Supplier A,East,Completed,,2026-09-11,2026-09-12
O102981,2026-09-07,SKU-A1,Supplier A,North,Completed,,2026-09-09,2026-09-10
O102982,2026-09-07,SKU-A2,Supplier A,South,Completed,,2026-09-11,2026-09-11
O102983,2026-09-07,SKU-B2,Supplier B,South,Completed,,2026-09-11,2026-09-12
O102984,2026-09-07,SKU-B1,Supplier B,East,Cancelled,2026-09-08,2026-09-09,
O102985,2026-09-07,SKU-A1,Supplier A,East,Completed,,2026-09-10,2026-09-10
O102986,2026-09-07,SKU-C1,Supplier C,North,Completed,,2026-09-09,2026-09-09
O102987,2026-09-07,SKU-A1,Supplier A,South,Completed,,2026-09-09,2026-09-09
O102988,2026-09-07,SKU-C2,Supplier C,South,Completed,,2026-09-11,2026-09-13
O102989,2026-09-07,SKU-A1,Supplier A,West,Completed,,2026-09-11,2026-09-11
O102990,2026-09-07,SKU-A1,Supplier A,South,Completed,,2026-09-11,2026-09-11
O102991,2026-09-07,SKU-C1,Supplier C,West,Completed,,2026-09-09,2026-09-11
O102992,2026-09-07,SKU-A1,Supplier A,South,Completed,,2026-09-11,2026-09-12
O102993,2026-09-07,SKU-B1,Supplier B,West,Cancelled,2026-09-10,2026-09-09,
O102994,2026-09-07,SKU-C1,Supplier C,West,Completed,,2026-09-10,2026-09-12
O102995,2026-09-07,SKU-B1,Supplier B,North,Completed,,2026-09-10,2026-09-10
O102996,2026-09-07,SKU-C1,Supplier C,East,Completed,,2026-09-10,2026-09-10
O102997,2026-09-07,SKU-C1,Supplier C,West,Completed,,2026-09-11,2026-09-12
O102998,2026-09-07,SKU-B2,Supplier B,East,Completed,,2026-09-10,2026-09-11
O102999,2026-09-07,SKU-B2,Supplier B,West,Completed,,2026-09-10,2026-09-12
O103000,2026-09-07,SKU-B2,Supplier B,North,Completed,,2026-09-09,2026-09-11
O103001,2026-09-07,SKU-B1,Supplier B,East,Completed,,2026-09-11,2026-09-11
O103002,2026-09-07,SKU-C1,Supplier C,East,Completed,,2026-09-09,2026-09-09
O103003,2026-09-07,SKU-A2,Supplier A,East,Completed,,2026-09-09,2026-09-11
O103004,2026-09-07,SKU-C2,Supplier C,East,Completed,,2026-09-09,2026-09-09
O103005,2026-09-07,SKU-C2,Supplier C,East,Completed,,2026-09-11,2026-09-11
O103006,2026-09-07,SKU-C1,Supplier C,East,Completed,,2026-09-10,2026-09-12
O103007,2026-09-07,SKU-C1,Supplier C,South,Completed,,2026-09-10,2026-09-10
O103008,2026-09-07,SKU-A1,Supplier A,North,Completed,,2026-09-10,2026-09-12
O103009,2026-09-07,SKU-A2,Supplier A,East,Completed,,2026-09-09,2026-09-11
O103010,2026-09-07,SKU-B2,Supplier B,North,Completed,,2026-09-10,2026-09-12
O103011,2026-09-07,SKU-A2,Supplier A,East,Completed,,2026-09-11,2026-09-11
O103012,2026-09-07,SKU-B2,Supplier B,East,Completed,,2026-09-10,2026-09-10
O103013,2026-09-07,SKU-A2,Supplier A,South,Cancelled,2026-09-10,2026-09-09,
O103014,2026-09-07,SKU-A2,Supplier A,West,Completed,,2026-09-11,2026-09-12
O103015,2026-09-07,SKU-B2,Supplier B,West,Completed,,2026-09-10,2026-09-11
O103016,2026-09-07,SKU-A2,Supplier A,North,Completed,,2026-09-11,2026-09-12
O103017,2026-09-07,SKU-C1,Supplier C,East,Completed,,2026-09-11,2026-09-12
O103018,2026-09-07,SKU-C2,Supplier C,West,Completed,,2026-09-09,2026-09-10
O103019,2026-09-07,SKU-A1,Supplier A,West,Completed,,2026-09-10,2026-09-10
O103020,2026-09-07,SKU-C1,Supplier C,East,Completed,,2026-09-10,2026-09-10
O103021,2026-09-07,SKU-B1,Supplier B,North,Completed,,2026-09-11,2026-09-11
O103022,2026-09-07,SKU-B1,Supplier B,West,Cancelled,2026-09-10,2026-09-09,
O103023,2026-09-07,SKU-A1,Supplier A,North,Completed,,2026-09-10,2026-09-11
O103024,2026-09-07,SKU-A2,Supplier A,West,Completed,,2026-09-10,2026-09-12
O103025,2026-09-07,SKU-B1,Supplier B,South,Completed,,2026-09-09,2026-09-10
O103026,2026-09-07,SKU-B1,Supplier B,West,Completed,,2026-09-11,2026-09-11
O103027,2026-09-07,SKU-A1,Supplier A,South,Cancelled,2026-09-08,2026-09-09,
O103028,2026-09-07,SKU-A2,Supplier A,West,Completed,,2026-09-11,2026-09-13
O103029,2026-09-07,SKU-C2,Supplier C,West,Completed,,2026-09-11,2026-09-13
O103030,2026-09-07,SKU-A2,Supplier A,East,Completed,,2026-09-09,2026-09-09
O103031,2026-09-07,SKU-B1,Supplier B,North,Completed,,2026-09-11,2026-09-11
O103032,2026-09-07,SKU-B1,Supplier B,West,Completed,,2026-09-11,2026-09-11
O103033,2026-09-07,SKU-A2,Supplier A,South,Completed,,2026-09-10,2026-09-11
O103034,2026-09-07,SKU-C2,Supplier C,East,Cancelled,2026-09-09,2026-09-11,
O103035,2026-09-07,SKU-C2,Supplier C,North,Completed,,2026-09-11,2026-09-11
O103036,2026-09-07,SKU-A2,Supplier A,East,Cancelled,2026-09-09,2026-09-09,
O103037,2026-09-07,SKU-C2,Supplier C,South,Completed,,2026-09-11,2026-09-13
O103038,2026-09-07,SKU-B2,Supplier B,West,Completed,,2026-09-09,2026-09-09
O103039,2026-09-07,SKU-A1,Supplier A,North,Completed,,2026-09-09,2026-09-10
O103040,2026-09-07,SKU-A1,Supplier A,North,Completed,,2026-09-09,2026-09-10
O103041,2026-09-07,SKU-B1,Supplier B,North,Completed,,2026-09-10,2026-09-10
O103042,2026-09-07,SKU-B1,Supplier B,North,Completed,,2026-09-11,2026-09-13
O103043,2026-09-07,SKU-A1,Supplier A,East,Completed,,2026-09-10,2026-09-10
O103044,2026-09-07,SKU-A1,Supplier A,West,Completed,,2026-09-11,2026-09-11
O103045,2026-09-07,SKU-B2,Supplier B,South,Completed,,2026-09-09,2026-09-11
O103046,2026-09-07,SKU-B1,Supplier B,South,Completed,,2026-09-09,2026-09-11
O103047,2026-09-07,SKU-A2,Supplier A,North,Completed,,2026-09-10,2026-09-12
O103048,2026-09-07,SKU-C2,Supplier C,South,Completed,,2026-09-10,2026-09-12
O103049,2026-09-07,SKU-B2,Supplier B,South,Completed,,2026-09-09,2026-09-09
O103050,2026-09-07,SKU-A1,Supplier A,West,Completed,,2026-09-09,2026-09-10
O103051,2026-09-07,SKU-A1,Supplier A,South,Completed,,2026-09-09,2026-09-11
O103052,2026-09-07,SKU-A2,Supplier A,West,Cancelled,2026-09-09,2026-09-09,
O103053,2026-09-07,SKU-B2,Supplier B,West,Completed,,2026-09-10,2026-09-10
O103054,2026-09-07,SKU-C1,Supplier C,North,Cancelled,2026-09-09,2026-09-10,
O103055,2026-09-07,SKU-A2,Supplier A,North,Completed,,2026-09-09,2026-09-11
O103056,2026-09-08,SKU-A2,Supplier A,East,Completed,,2026-09-11,2026-09-13
O103057,2026-09-08,SKU-A1,Supplier A,South,Completed,,2026-09-11,2026-09-11
O103058,2026-09-08,SKU-B1,Supplier B,East,Completed,,2026-09-12,2026-09-17
O103059,2026-09-08,SKU-B1,Supplier B,West,Completed,,2026-09-10,2026-09-18
O103060,2026-09-08,SKU-B1,Supplier B,North,Completed,,2026-09-11,2026-09-15
O103061,2026-09-08,SKU-B2,Supplier B,West,Completed,,2026-09-10,2026-09-16
O103062,2026-09-08,SKU-C1,Supplier C,South,Completed,,2026-09-11,2026-09-11
O103063,2026-09-08,SKU-A2,Supplier A,South,Completed,,2026-09-10,2026-09-12
O103064,2026-09-08,SKU-C1,Supplier C,East,Completed,,2026-09-11,2026-09-11
O103065,2026-09-08,SKU-A1,Supplier A,North,Completed,,2026-09-10,2026-09-11
O103066,2026-09-08,SKU-A2,Supplier A,South,Completed,,2026-09-11,2026-09-12
O103067,2026-09-08,SKU-C1,Supplier C,East,Completed,,2026-09-10,2026-09-10
O103068,2026-09-08,SKU-B1,Supplier B,North,Completed,,2026-09-11,2026-09-17
O103069,2026-09-08,SKU-B2,Supplier B,North,Completed,,2026-09-11,2026-09-19
O103070,2026-09-08,SKU-A2,Supplier A,East,Completed,,2026-09-12,2026-09-12
O103071,2026-09-08,SKU-B2,Supplier B,North,Cancelled,2026-09-09,2026-09-12,
O103072,2026-09-08,SKU-A1,Supplier A,East,Completed,,2026-09-10,2026-09-10
O103073,2026-09-08,SKU-A1,Supplier A,North,Completed,,2026-09-11,2026-09-11
O103074,2026-09-08,SKU-C1,Supplier C,North,Completed,,2026-09-10,2026-09-12
O103075,2026-09-08,SKU-A1,Supplier A,South,Completed,,2026-09-12,2026-09-12
O103076,2026-09-08,SKU-A1,Supplier A,North,Completed,,2026-09-12,2026-09-14
O103077,2026-09-08,SKU-B1,Supplier B,East,Completed,,2026-09-11,2026-09-19
O103078,2026-09-08,SKU-A1,Supplier A,North,Cancelled,2026-09-10,2026-09-10,
O103079,2026-09-08,SKU-B1,Supplier B,North,Completed,,2026-09-10,2026-09-18
O103080,2026-09-08,SKU-C2,Supplier C,North,Completed,,2026-09-10,2026-09-10
O103081,2026-09-08,SKU-C1,Supplier C,West,Completed,,2026-09-12,2026-09-12
O103082,2026-09-08,SKU-C2,Supplier C,South,Completed,,2026-09-10,2026-09-11
O103083,2026-09-08,SKU-A2,Supplier A,North,Completed,,2026-09-11,2026-09-13
O103084,2026-09-08,SKU-C2,Supplier C,North,Completed,,2026-09-12,2026-09-12
O103085,2026-09-08,SKU-B2,Supplier B,East,Completed,,2026-09-11,2026-09-19
O103086,2026-09-08,SKU-A1,Supplier A,West,Completed,,2026-09-11,2026-09-12
O103087,2026-09-08,SKU-C1,Supplier C,East,Completed,,2026-09-11,2026-09-11
O103088,2026-09-08,SKU-A1,Supplier A,North,Completed,,2026-09-10,2026-09-12
O103089,2026-09-08,SKU-B2,Supplier B,East,Completed,,2026-09-12,2026-09-19
O103090,2026-09-08,SKU-A2,Supplier A,North,Completed,,2026-09-11,2026-09-11
O103091,2026-09-08,SKU-C1,Supplier C,North,Completed,,2026-09-10,2026-09-11
O103092,2026-09-08,SKU-C2,Supplier C,West,Completed,,2026-09-12,2026-09-13
O103093,2026-09-08,SKU-B2,Supplier B,South,Cancelled,2026-09-10,2026-09-12,
O103094,2026-09-08,SKU-B2,Supplier B,South,Completed,,2026-09-10,2026-09-18
O103095,2026-09-08,SKU-C2,Supplier C,North,Completed,,2026-09-11,2026-09-11
O103096,2026-09-08,SKU-A2,Supplier A,South,Completed,,2026-09-11,2026-09-11
O103097,2026-09-08,SKU-A2,Supplier A,East,Completed,,2026-09-11,2026-09-11
O103098,2026-09-08,SKU-A1,Supplier A,West,Completed,,2026-09-12,2026-09-14
O103099,2026-09-08,SKU-C2,Supplier C,South,Completed,,2026-09-11,2026-09-11
O103100,2026-09-08,SKU-A1,Supplier A,South,Completed,,2026-09-11,2026-09-11
O103101,2026-09-08,SKU-A2,Supplier A,South,Completed,,2026-09-11,2026-09-11
O103102,2026-09-08,SKU-A1,Supplier A,East,Completed,,2026-09-10,2026-09-11
O103103,2026-09-08,SKU-B2,Supplier B,South,Completed,,2026-09-11,2026-09-19
O103104,2026-09-08,SKU-A1,Supplier A,East,Completed,,2026-09-10,2026-09-12
O103105,2026-09-08,SKU-A1,Supplier A,North,Completed,,2026-09-12,2026-09-14
O103106,2026-09-08,SKU-B2,Supplier B,South,Completed,,2026-09-12,2026-09-16
O103107,2026-09-08,SKU-A2,Supplier A,North,Cancelled,2026-09-09,2026-09-11,
O103108,2026-09-08,SKU-A2,Supplier A,South,Completed,,2026-09-11,2026-09-13
O103109,2026-09-08,SKU-A1,Supplier A,North,Completed,,2026-09-10,2026-09-12
O103110,2026-09-08,SKU-A2,Supplier A,South,Completed,,2026-09-10,2026-09-11
O103111,2026-09-08,SKU-A2,Supplier A,North,Completed,,2026-09-12,2026-09-13
O103112,2026-09-08,SKU-A1,Supplier A,West,Completed,,2026-09-10,2026-09-11
O103113,2026-09-08,SKU-A1,Supplier A,West,Completed,,2026-09-12,2026-09-14
O103114,2026-09-08,SKU-A2,Supplier A,South,Completed,,2026-09-12,2026-09-12
O103115,2026-09-08,SKU-B2,Supplier B,North,Completed,,2026-09-11,2026-09-16
O103116,2026-09-08,SKU-B2,Supplier B,East,Completed,,2026-09-11,2026-09-15
O103117,2026-09-08,SKU-C1,Supplier C,North,Completed,,2026-09-12,2026-09-14
O103118,2026-09-08,SKU-B1,Supplier B,West,Completed,,2026-09-10,2026-09-17
O103119,2026-09-08,SKU-B2,Supplier B,South,Completed,,2026-09-11,2026-09-16
O103120,2026-09-08,SKU-C2,Supplier C,East,Completed,,2026-09-11,2026-09-12
O103121,2026-09-08,SKU-C2,Supplier C,West,Completed,,2026-09-11,2026-09-12
O103122,2026-09-08,SKU-B2,Supplier B,West,Completed,,2026-09-11,2026-09-16
O103123,2026-09-08,SKU-C2,Supplier C,West,Completed,,2026-09-10,2026-09-12
O103124,2026-09-08,SKU-B2,Supplier B,East,Completed,,2026-09-12,2026-09-18
O103125,2026-09-08,SKU-A2,Supplier A,West,Completed,,2026-09-12,2026-09-14
O103126,2026-09-08,SKU-A2,Supplier A,East,Completed,,2026-09-11,2026-09-13
O103127,2026-09-08,SKU-A2,Supplier A,South,Completed,,2026-09-11,2026-09-11
O103128,2026-09-08,SKU-B2,Supplier B,West,Completed,,2026-09-11,2026-09-19
O103129,2026-09-08,SKU-C2,Supplier C,South,Completed,,2026-09-11,2026-09-13
O103130,2026-09-08,SKU-C2,Supplier C,North,Completed,,2026-09-11,2026-09-11
O103131,2026-09-08,SKU-A1,Supplier A,North,Completed,,2026-09-11,2026-09-12
O103132,2026-09-08,SKU-C1,Supplier C,South,Completed,,2026-09-12,2026-09-14
O103133,2026-09-08,SKU-B2,Supplier B,North,Completed,,2026-09-10,2026-09-18
O103134,2026-09-08,SKU-B1,Supplier B,East,Completed,,2026-09-10,2026-09-15
O103135,2026-09-08,SKU-A2,Supplier A,South,Completed,,2026-09-10,2026-09-11
O103136,2026-09-08,SKU-A2,Supplier A,North,Completed,,2026-09-10,2026-09-11
O103137,2026-09-08,SKU-A1,Supplier A,East,Cancelled,2026-09-09,2026-09-11,
O103138,2026-09-08,SKU-B1,Supplier B,North,Completed,,2026-09-12,2026-09-19
O103139,2026-09-08,SKU-C1,Supplier C,East,Completed,,2026-09-12,2026-09-13
O103140,2026-09-08,SKU-C2,Supplier C,South,Completed,,2026-09-10,2026-09-12
O103141,2026-09-08,SKU-C1,Supplier C,South,Completed,,2026-09-10,2026-09-10
O103142,2026-09-08,SKU-A1,Supplier A,South,Completed,,2026-09-11,2026-09-12
O103143,2026-09-09,SKU-A2,Supplier A,West,Completed,,2026-09-11,2026-09-13
O103144,2026-09-09,SKU-C2,Supplier C,South,Completed,,2026-09-13,2026-09-15
O103145,2026-09-09,SKU-B1,Supplier B,North,Completed,,2026-09-12,2026-09-20
O103146,2026-09-09,SKU-B2,Supplier B,North,Completed,,2026-09-12,2026-09-17
O103147,2026-09-09,SKU-A1,Supplier A,West,Completed,,2026-09-11,2026-09-11
O103148,2026-09-09,SKU-A2,Supplier A,East,Completed,,2026-09-12,2026-09-14
O103149,2026-09-09,SKU-B1,Supplier B,North,Completed,,2026-09-12,2026-09-20
O103150,2026-09-09,SKU-A2,Supplier A,North,Completed,,2026-09-13,2026-09-13
O103151,2026-09-09,SKU-C1,Supplier C,West,Completed,,2026-09-12,2026-09-13
O103152,2026-09-09,SKU-A1,Supplier A,South,Completed,,2026-09-13,2026-09-15
O103153,2026-09-09,SKU-C2,Supplier C,South,Completed,,2026-09-12,2026-09-13
O103154,2026-09-09,SKU-C2,Supplier C,North,Completed,,2026-09-11,2026-09-13
O103155,2026-09-09,SKU-A2,Supplier A,North,Completed,,2026-09-11,2026-09-13
O103156,2026-09-09,SKU-A2,Supplier A,East,Completed,,2026-09-12,2026-09-12
O103157,2026-09-09,SKU-B2,Supplier B,East,Completed,,2026-09-13,2026-09-21
O103158,2026-09-09,SKU-A1,Supplier A,East,Completed,,2026-09-13,2026-09-14
O103159,2026-09-09,SKU-B1,Supplier B,South,Completed,,2026-09-13,2026-09-19
O103160,2026-09-09,SKU-B1,Supplier B,South,Completed,,2026-09-12,2026-09-16
O103161,2026-09-09,SKU-C1,Supplier C,East,Cancelled,2026-09-12,2026-09-12,
O103162,2026-09-09,SKU-C1,Supplier C,South,Completed,,2026-09-12,2026-09-12
O103163,2026-09-09,SKU-B1,Supplier B,North,Completed,,2026-09-12,2026-09-19
O103164,2026-09-09,SKU-A2,Supplier A,East,Completed,,2026-09-11,2026-09-13
O103165,2026-09-09,SKU-B1,Supplier B,East,Completed,,2026-09-13,2026-09-21
O103166,2026-09-09,SKU-A1,Supplier A,East,Completed,,2026-09-12,2026-09-12
O103167,2026-09-09,SKU-A2,Supplier A,East,Completed,,2026-09-13,2026-09-14
O103168,2026-09-09,SKU-C2,Supplier C,South,Completed,,2026-09-12,2026-09-13
O103169,2026-09-09,SKU-B1,Supplier B,South,Completed,,2026-09-13,2026-09-21
O103170,2026-09-09,SKU-B1,Supplier B,South,Completed,,2026-09-12,2026-09-17
O103171,2026-09-09,SKU-B1,Supplier B,West,Completed,,2026-09-13,2026-09-17
O103172,2026-09-09,SKU-C2,Supplier C,South,Completed,,2026-09-11,2026-09-13
O103173,2026-09-09,SKU-B2,Supplier B,West,Completed,,2026-09-12,2026-09-19
O103174,2026-09-09,SKU-A2,Supplier A,South,Completed,,2026-09-13,2026-09-13
O103175,2026-09-09,SKU-B2,Supplier B,North,Completed,,2026-09-12,2026-09-18
O103176,2026-09-09,SKU-B2,Supplier B,West,Completed,,2026-09-12,2026-09-19
O103177,2026-09-09,SKU-A2,Supplier A,West,Completed,,2026-09-11,2026-09-11
O103178,2026-09-09,SKU-A2,Supplier A,South,Completed,,2026-09-13,2026-09-15
O103179,2026-09-09,SKU-B1,Supplier B,West,Completed,,2026-09-11,2026-09-19
O103180,2026-09-09,SKU-A1,Supplier A,South,Completed,,2026-09-11,2026-09-13
O103181,2026-09-09,SKU-C1,Supplier C,South,Cancelled,2026-09-12,2026-09-11,
O103182,2026-09-09,SKU-C2,Supplier C,North,Completed,,2026-09-12,2026-09-14
O103183,2026-09-09,SKU-B1,Supplier B,East,Completed,,2026-09-11,2026-09-15
O103184,2026-09-09,SKU-A2,Supplier A,South,Completed,,2026-09-12,2026-09-12
O103185,2026-09-09,SKU-C1,Supplier C,North,Completed,,2026-09-11,2026-09-12
O103186,2026-09-09,SKU-C2,Supplier C,West,Completed,,2026-09-13,2026-09-13
O103187,2026-09-09,SKU-C2,Supplier C,East,Completed,,2026-09-13,2026-09-15
O103188,2026-09-09,SKU-C1,Supplier C,West,Completed,,2026-09-12,2026-09-13
O103189,2026-09-09,SKU-B1,Supplier B,West,Completed,,2026-09-13,2026-09-18
O103190,2026-09-09,SKU-C1,Supplier C,South,Completed,,2026-09-12,2026-09-12
O103191,2026-09-09,SKU-B2,Supplier B,East,Completed,,2026-09-13,2026-09-17
O103192,2026-09-09,SKU-B1,Supplier B,North,Completed,,2026-09-11,2026-09-18
O103193,2026-09-09,SKU-B2,Supplier B,East,Completed,,2026-09-13,2026-09-17
O103194,2026-09-09,SKU-C2,Supplier C,North,Completed,,2026-09-12,2026-09-14
O103195,2026-09-09,SKU-C1,Supplier C,West,Completed,,2026-09-13,2026-09-13
O103196,2026-09-09,SKU-C2,Supplier C,West,Cancelled,2026-09-10,2026-09-12,
O103197,2026-09-09,SKU-A1,Supplier A,South,Cancelled,2026-09-11,2026-09-13,
O103198,2026-09-09,SKU-B2,Supplier B,South,Completed,,2026-09-11,2026-09-17
O103199,2026-09-09,SKU-B1,Supplier B,West,Completed,,2026-09-12,2026-09-19
O103200,2026-09-09,SKU-A1,Supplier A,East,Completed,,2026-09-11,2026-09-12
O103201,2026-09-09,SKU-A1,Supplier A,South,Completed,,2026-09-12,2026-09-13
O103202,2026-09-09,SKU-B1,Supplier B,East,Completed,,2026-09-11,2026-09-15
O103203,2026-09-09,SKU-B2,Supplier B,South,Completed,,2026-09-12,2026-09-17
O103204,2026-09-09,SKU-A1,Supplier A,North,Completed,,2026-09-11,2026-09-11
O103205,2026-09-09,SKU-A2,Supplier A,East,Completed,,2026-09-13,2026-09-14
O103206,2026-09-09,SKU-B2,Supplier B,South,Completed,,2026-09-11,2026-09-16
O103207,2026-09-09,SKU-B2,Supplier B,East,Completed,,2026-09-12,2026-09-17
O103208,2026-09-09,SKU-B2,Supplier B,West,Completed,,2026-09-11,2026-09-16
O103209,2026-09-09,SKU-B2,Supplier B,North,Completed,,2026-09-11,2026-09-18
O103210,2026-09-09,SKU-A2,Supplier A,South,Completed,,2026-09-12,2026-09-12
O103211,2026-09-09,SKU-A1,Supplier A,North,Completed,,2026-09-12,2026-09-12
O103212,2026-09-09,SKU-A2,Supplier A,South,Completed,,2026-09-11,2026-09-11
O103213,2026-09-09,SKU-B1,Supplier B,East,Completed,,2026-09-12,2026-09-20
O103214,2026-09-09,SKU-A1,Supplier A,East,Completed,,2026-09-12,2026-09-12
O103215,2026-09-09,SKU-A1,Supplier A,West,Completed,,2026-09-12,2026-09-13
O103216,2026-09-09,SKU-B2,Supplier B,South,Completed,,2026-09-12,2026-09-20
O103217,2026-09-09,SKU-C2,Supplier C,West,Completed,,2026-09-11,2026-09-11
O103218,2026-09-09,SKU-A1,Supplier A,West,Completed,,2026-09-13,2026-09-15
O103219,2026-09-09,SKU-A2,Supplier A,West,Completed,,2026-09-11,2026-09-13
O103220,2026-09-09,SKU-B1,Supplier B,South,Completed,,2026-09-13,2026-09-17
O103221,2026-09-09,SKU-C1,Supplier C,West,Completed,,2026-09-13,2026-09-15
O103222,2026-09-09,SKU-C2,Supplier C,West,Completed,,2026-09-12,2026-09-13
O103223,2026-09-09,SKU-B2,Supplier B,East,Completed,,2026-09-12,2026-09-17
O103224,2026-09-09,SKU-B2,Supplier B,West,Completed,,2026-09-13,2026-09-20
O103225,2026-09-09,SKU-A1,Supplier A,South,Completed,,2026-09-12,2026-09-13
O103226,2026-09-09,SKU-A2,Supplier A,South,Completed,,2026-09-13,2026-09-15
O103227,2026-09-09,SKU-B1,Supplier B,North,Completed,,2026-09-13,2026-09-21
O103228,2026-09-09,SKU-C1,Supplier C,South,Completed,,2026-09-12,2026-09-12
O103229,2026-09-09,SKU-A2,Supplier A,South,Completed,,2026-09-13,2026-09-15
O103230,2026-09-09,SKU-A1,Supplier A,West,Completed,,2026-09-12,2026-09-14
O103231,2026-09-09,SKU-A2,Supplier A,West,Completed,,2026-09-11,2026-09-11
O103232,2026-09-09,SKU-A2,Supplier A,East,Completed,,2026-09-12,2026-09-14
O103233,2026-09-10,SKU-C1,Supplier C,North,Completed,,2026-09-14,2026-09-16
O103234,2026-09-10,SKU-C1,Supplier C,North,Completed,,2026-09-12,2026-09-12
O103235,2026-09-10,SKU-C1,Supplier C,West,Completed,,2026-09-12,2026-09-13
O103236,2026-09-10,SKU-A2,Supplier A,East,Completed,,2026-09-14,2026-09-16
O103237,2026-09-10,SKU-C1,Supplier C,South,Completed,,2026-09-13,2026-09-13
O103238,2026-09-10,SKU-C2,Supplier C,North,Completed,,2026-09-13,2026-09-15
O103239,2026-09-10,SKU-A1,Supplier A,West,Completed,,2026-09-14,2026-09-16
O103240,2026-09-10,SKU-C2,Supplier C,South,Completed,,2026-09-14,2026-09-14
O103241,2026-09-10,SKU-A2,Supplier A,East,Completed,,2026-09-14,2026-09-15
O103242,2026-09-10,SKU-B2,Supplier B,South,Cancelled,2026-09-13,2026-09-12,
O103243,2026-09-10,SKU-C1,Supplier C,East,Completed,,2026-09-12,2026-09-12
O103244,2026-09-10,SKU-A1,Supplier A,East,Completed,,2026-09-14,2026-09-16
O103245,2026-09-10,SKU-A1,Supplier A,West,Completed,,2026-09-14,2026-09-14
O103246,2026-09-10,SKU-C1,Supplier C,South,Completed,,2026-09-14,2026-09-15
O103247,2026-09-10,SKU-B1,Supplier B,North,Cancelled,2026-09-13,2026-09-13,
O103248,2026-09-10,SKU-B2,Supplier B,North,Completed,,2026-09-13,2026-09-21
O103249,2026-09-10,SKU-C1,Supplier C,North,Completed,,2026-09-14,2026-09-16
O103250,2026-09-10,SKU-C1,Supplier C,East,Completed,,2026-09-12,2026-09-14
O103251,2026-09-10,SKU-B1,Supplier B,North,Completed,,2026-09-12,2026-09-17
O103252,2026-09-10,SKU-C1,Supplier C,West,Completed,,2026-09-12,2026-09-13
O103253,2026-09-10,SKU-A1,Supplier A,North,Completed,,2026-09-13,2026-09-14
O103254,2026-09-10,SKU-B1,Supplier B,South,Completed,,2026-09-14,2026-09-18
O103255,2026-09-10,SKU-C2,Supplier C,North,Completed,,2026-09-13,2026-09-13
O103256,2026-09-10,SKU-B2,Supplier B,West,Completed,,2026-09-13,2026-09-19
O103257,2026-09-10,SKU-A2,Supplier A,East,Completed,,2026-09-13,2026-09-13
O103258,2026-09-10,SKU-C2,Supplier C,West,Cancelled,2026-09-11,2026-09-13,
O103259,2026-09-10,SKU-B1,Supplier B,North,Completed,,2026-09-13,2026-09-20
O103260,2026-09-10,SKU-B2,Supplier B,East,Completed,,2026-09-14,2026-09-21
O103261,2026-09-10,SKU-B1,Supplier B,South,Completed,,2026-09-14,2026-09-21
O103262,2026-09-10,SKU-A2,Supplier A,North,Completed,,2026-09-14,2026-09-14
O103263,2026-09-10,SKU-A1,Supplier A,East,Cancelled,2026-09-13,2026-09-13,
O103264,2026-09-10,SKU-A1,Supplier A,West,Completed,,2026-09-13,2026-09-13
O103265,2026-09-10,SKU-B2,Supplier B,East,Completed,,2026-09-13,2026-09-19
O103266,2026-09-10,SKU-B1,Supplier B,East,Completed,,2026-09-12,2026-09-20
O103267,2026-09-10,SKU-C2,Supplier C,South,Completed,,2026-09-12,2026-09-13
O103268,2026-09-10,SKU-B2,Supplier B,North,Completed,,2026-09-14,2026-09-20
O103269,2026-09-10,SKU-A1,Supplier A,North,Completed,,2026-09-12,2026-09-13
O103270,2026-09-10,SKU-A1,Supplier A,North,Completed,,2026-09-14,2026-09-15
O103271,2026-09-10,SKU-A2,Supplier A,North,Completed,,2026-09-14,2026-09-16
O103272,2026-09-10,SKU-C2,Supplier C,West,Completed,,2026-09-13,2026-09-15
O103273,2026-09-10,SKU-C2,Supplier C,North,Completed,,2026-09-12,2026-09-14
O103274,2026-09-10,SKU-A2,Supplier A,North,Completed,,2026-09-14,2026-09-16
O103275,2026-09-10,SKU-B2,Supplier B,West,Completed,,2026-09-14,2026-09-22
O103276,2026-09-10,SKU-A1,Supplier A,West,Completed,,2026-09-13,2026-09-15
O103277,2026-09-10,SKU-B1,Supplier B,East,Completed,,2026-09-14,2026-09-21
O103278,2026-09-10,SKU-B1,Supplier B,East,Completed,,2026-09-14,2026-09-20
O103279,2026-09-10,SKU-B2,Supplier B,West,Completed,,2026-09-12,2026-09-17
O103280,2026-09-10,SKU-A1,Supplier A,West,Completed,,2026-09-14,2026-09-14
O103281,2026-09-10,SKU-C2,Supplier C,West,Completed,,2026-09-12,2026-09-14
O103282,2026-09-10,SKU-B1,Supplier B,North,Cancelled,2026-09-11,2026-09-13,
O103283,2026-09-10,SKU-C1,Supplier C,South,Completed,,2026-09-12,2026-09-14
O103284,2026-09-10,SKU-B2,Supplier B,North,Completed,,2026-09-14,2026-09-22
O103285,2026-09-10,SKU-B1,Supplier B,South,Completed,,2026-09-12,2026-09-17
O103286,2026-09-10,SKU-C1,Supplier C,East,Completed,,2026-09-14,2026-09-14
O103287,2026-09-10,SKU-C2,Supplier C,West,Completed,,2026-09-14,2026-09-16
O103288,2026-09-10,SKU-C1,Supplier C,West,Completed,,2026-09-14,2026-09-16
O103289,2026-09-10,SKU-B2,Supplier B,West,Completed,,2026-09-12,2026-09-20
O103290,2026-09-10,SKU-B1,Supplier B,East,Completed,,2026-09-14,2026-09-18
O103291,2026-09-10,SKU-C1,Supplier C,North,Completed,,2026-09-14,2026-09-15
O103292,2026-09-10,SKU-B2,Supplier B,East,Completed,,2026-09-12,2026-09-16
O103293,2026-09-10,SKU-A2,Supplier A,South,Completed,,2026-09-13,2026-09-15
O103294,2026-09-10,SKU-B2,Supplier B,South,Completed,,2026-09-12,2026-09-20
O103295,2026-09-10,SKU-B2,Supplier B,East,Completed,,2026-09-12,2026-09-20
O103296,2026-09-10,SKU-C2,Supplier C,West,Completed,,2026-09-12,2026-09-13
O103297,2026-09-10,SKU-A1,Supplier A,North,Completed,,2026-09-14,2026-09-15
O103298,2026-09-10,SKU-C2,Supplier C,East,Completed,,2026-09-13,2026-09-15
O103299,2026-09-10,SKU-C1,Supplier C,East,Completed,,2026-09-12,2026-09-13
O103300,2026-09-10,SKU-C1,Supplier C,South,Completed,,2026-09-14,2026-09-16
O103301,2026-09-10,SKU-A1,Supplier A,North,Completed,,2026-09-14,2026-09-14
O103302,2026-09-10,SKU-C2,Supplier C,South,Completed,,2026-09-13,2026-09-13
O103303,2026-09-10,SKU-A2,Supplier A,North,Completed,,2026-09-14,2026-09-15
O103304,2026-09-10,SKU-C2,Supplier C,West,Completed,,2026-09-14,2026-09-16
O103305,2026-09-10,SKU-C1,Supplier C,South,Completed,,2026-09-12,2026-09-14
O103306,2026-09-10,SKU-C2,Supplier C,North,Completed,,2026-09-14,2026-09-16
O103307,2026-09-10,SKU-B2,Supplier B,North,Completed,,2026-09-13,2026-09-18
O103308,2026-09-10,SKU-A1,Supplier A,South,Completed,,2026-09-13,2026-09-13
O103309,2026-09-10,SKU-A2,Supplier A,East,Completed,,2026-09-14,2026-09-15
O103310,2026-09-10,SKU-B2,Supplier B,East,Completed,,2026-09-14,2026-09-21
O103311,2026-09-10,SKU-A1,Supplier A,South,Completed,,2026-09-12,2026-09-12
O103312,2026-09-11,SKU-A1,Supplier A,East,Completed,,2026-09-14,2026-09-16
O103313,2026-09-11,SKU-C1,Supplier C,West,Completed,,2026-09-13,2026-09-15
O103314,2026-09-11,SKU-C1,Supplier C,West,Cancelled,2026-09-14,2026-09-15,
O103315,2026-09-11,SKU-A1,Supplier A,South,Completed,,2026-09-14,2026-09-15
O103316,2026-09-11,SKU-C1,Supplier C,North,Completed,,2026-09-14,2026-09-14
O103317,2026-09-11,SKU-B2,Supplier B,East,Completed,,2026-09-15,2026-09-23
O103318,2026-09-11,SKU-B1,Supplier B,East,Completed,,2026-09-13,2026-09-20
O103319,2026-09-11,SKU-A1,Supplier A,South,Completed,,2026-09-13,2026-09-15
O103320,2026-09-11,SKU-C2,Supplier C,North,Completed,,2026-09-13,2026-09-14
O103321,2026-09-11,SKU-B1,Supplier B,East,Cancelled,2026-09-14,2026-09-14,
O103322,2026-09-11,SKU-A2,Supplier A,South,Completed,,2026-09-14,2026-09-15
O103323,2026-09-11,SKU-A2,Supplier A,North,Completed,,2026-09-13,2026-09-13
O103324,2026-09-11,SKU-B1,Supplier B,South,Completed,,2026-09-15,2026-09-20
O103325,2026-09-11,SKU-C2,Supplier C,North,Completed,,2026-09-14,2026-09-16
O103326,2026-09-11,SKU-A2,Supplier A,East,Completed,,2026-09-15,2026-09-17
O103327,2026-09-11,SKU-C2,Supplier C,North,Completed,,2026-09-15,2026-09-17
O103328,2026-09-11,SKU-C2,Supplier C,South,Completed,,2026-09-14,2026-09-16
O103329,2026-09-11,SKU-C2,Supplier C,South,Completed,,2026-09-13,2026-09-15
O103330,2026-09-11,SKU-A2,Supplier A,South,Completed,,2026-09-13,2026-09-14
O103331,2026-09-11,SKU-C1,Supplier C,East,Completed,,2026-09-13,2026-09-15
O103332,2026-09-11,SKU-B2,Supplier B,South,Completed,,2026-09-15,2026-09-19
O103333,2026-09-11,SKU-A2,Supplier A,West,Completed,,2026-09-14,2026-09-16
O103334,2026-09-11,SKU-B1,Supplier B,West,Completed,,2026-09-13,2026-09-20
O103335,2026-09-11,SKU-C1,Supplier C,East,Completed,,2026-09-14,2026-09-15
O103336,2026-09-11,SKU-B2,Supplier B,South,Completed,,2026-09-15,2026-09-19
O103337,2026-09-11,SKU-C1,Supplier C,South,Completed,,2026-09-15,2026-09-15
O103338,2026-09-11,SKU-C2,Supplier C,South,Completed,,2026-09-15,2026-09-17
O103339,2026-09-11,SKU-B2,Supplier B,East,Completed,,2026-09-13,2026-09-21
O103340,2026-09-11,SKU-B2,Supplier B,North,Completed,,2026-09-13,2026-09-21
O103341,2026-09-11,SKU-A2,Supplier A,West,Completed,,2026-09-13,2026-09-14
O103342,2026-09-11,SKU-B1,Supplier B,North,Cancelled,2026-09-13,2026-09-14,
O103343,2026-09-11,SKU-A1,Supplier A,North,Completed,,2026-09-14,2026-09-14
O103344,2026-09-11,SKU-A2,Supplier A,South,Completed,,2026-09-13,2026-09-13
O103345,2026-09-11,SKU-B1,Supplier B,East,Completed,,2026-09-15,2026-09-22
O103346,2026-09-11,SKU-A2,Supplier A,West,Completed,,2026-09-14,2026-09-16
O103347,2026-09-11,SKU-B1,Supplier B,West,Completed,,2026-09-15,2026-09-21
O103348,2026-09-11,SKU-A1,Supplier A,West,Completed,,2026-09-14,2026-09-14
O103349,2026-09-11,SKU-A2,Supplier A,North,Completed,,2026-09-13,2026-09-15
O103350,2026-09-11,SKU-B2,Supplier B,West,Completed,,2026-09-13,2026-09-19
O103351,2026-09-11,SKU-A1,Supplier A,East,Completed,,2026-09-13,2026-09-13
O103352,2026-09-11,SKU-B2,Supplier B,North,Completed,,2026-09-14,2026-09-19
O103353,2026-09-11,SKU-B2,Supplier B,East,Completed,,2026-09-15,2026-09-22
O103354,2026-09-11,SKU-C1,Supplier C,North,Completed,,2026-09-15,2026-09-15
O103355,2026-09-11,SKU-C2,Supplier C,East,Cancelled,2026-09-13,2026-09-15,
O103356,2026-09-11,SKU-C2,Supplier C,North,Completed,,2026-09-13,2026-09-15
O103357,2026-09-11,SKU-B2,Supplier B,West,Completed,,2026-09-15,2026-09-20
O103358,2026-09-11,SKU-C1,Supplier C,West,Completed,,2026-09-13,2026-09-13
O103359,2026-09-11,SKU-C1,Supplier C,North,Completed,,2026-09-15,2026-09-17
O103360,2026-09-11,SKU-B1,Supplier B,South,Completed,,2026-09-14,2026-09-22
O103361,2026-09-11,SKU-C1,Supplier C,East,Completed,,2026-09-15,2026-09-17
O103362,2026-09-11,SKU-B1,Supplier B,South,Completed,,2026-09-15,2026-09-22
O103363,2026-09-11,SKU-A2,Supplier A,East,Completed,,2026-09-14,2026-09-15
O103364,2026-09-11,SKU-C2,Supplier C,North,Completed,,2026-09-13,2026-09-14
O103365,2026-09-11,SKU-A1,Supplier A,West,Completed,,2026-09-14,2026-09-14
O103366,2026-09-11,SKU-B2,Supplier B,East,Completed,,2026-09-13,2026-09-20
O103367,2026-09-11,SKU-A1,Supplier A,East,Completed,,2026-09-13,2026-09-15
O103368,2026-09-11,SKU-A2,Supplier A,South,Completed,,2026-09-14,2026-09-16
O103369,2026-09-11,SKU-C1,Supplier C,South,Completed,,2026-09-15,2026-09-15
O103370,2026-09-11,SKU-C2,Supplier C,West,Completed,,2026-09-14,2026-09-16
O103371,2026-09-11,SKU-B2,Supplier B,East,Completed,,2026-09-13,2026-09-19
O103372,2026-09-11,SKU-C2,Supplier C,North,Completed,,2026-09-14,2026-09-14
O103373,2026-09-11,SKU-C1,Supplier C,East,Completed,,2026-09-15,2026-09-16
O103374,2026-09-11,SKU-B1,Supplier B,West,Completed,,2026-09-14,2026-09-18
O103375,2026-09-11,SKU-C1,Supplier C,South,Completed,,2026-09-13,2026-09-14
O103376,2026-09-11,SKU-A2,Supplier A,East,Completed,,2026-09-14,2026-09-16
O103377,2026-09-11,SKU-B2,Supplier B,West,Cancelled,2026-09-14,2026-09-14,
O103378,2026-09-11,SKU-A2,Supplier A,North,Completed,,2026-09-14,2026-09-16
O103379,2026-09-11,SKU-A2,Supplier A,East,Completed,,2026-09-15,2026-09-15
O103380,2026-09-11,SKU-B2,Supplier B,South,Completed,,2026-09-13,2026-09-19
O103381,2026-09-11,SKU-C1,Supplier C,West,Completed,,2026-09-14,2026-09-15
O103382,2026-09-11,SKU-C2,Supplier C,South,Completed,,2026-09-14,2026-09-16
O103383,2026-09-11,SKU-B1,Supplier B,West,Completed,,2026-09-13,2026-09-19
O103384,2026-09-11,SKU-C2,Supplier C,East,Cancelled,2026-09-13,2026-09-14,
O103385,2026-09-11,SKU-B1,Supplier B,North,Completed,,2026-09-13,2026-09-21
O103386,2026-09-11,SKU-B1,Supplier B,South,Completed,,2026-09-13,2026-09-17
O103387,2026-09-12,SKU-C1,Supplier C,South,Completed,,2026-09-15,2026-09-16
O103388,2026-09-12,SKU-A1,Supplier A,North,Completed,,2026-09-15,2026-09-16
O103389,2026-09-12,SKU-A2,Supplier A,East,Completed,,2026-09-16,2026-09-16
O103390,2026-09-12,SKU-C1,Supplier C,North,Completed,,2026-09-16,2026-09-16
O103391,2026-09-12,SKU-A2,Supplier A,South,Completed,,2026-09-15,2026-09-17
O103392,2026-09-12,SKU-C2,Supplier C,East,Completed,,2026-09-14,2026-09-16
O103393,2026-09-12,SKU-B2,Supplier B,South,Cancelled,2026-09-13,2026-09-16,
O103394,2026-09-12,SKU-A1,Supplier A,East,Completed,,2026-09-15,2026-09-17
O103395,2026-09-12,SKU-C2,Supplier C,West,Completed,,2026-09-15,2026-09-15
O103396,2026-09-12,SKU-C2,Supplier C,South,Completed,,2026-09-14,2026-09-14
O103397,2026-09-12,SKU-C2,Supplier C,North,Completed,,2026-09-15,2026-09-17
O103398,2026-09-12,SKU-A2,Supplier A,North,Completed,,2026-09-16,2026-09-17
O103399,2026-09-12,SKU-C1,Supplier C,East,Completed,,2026-09-14,2026-09-15
O103400,2026-09-12,SKU-C1,Supplier C,South,Completed,,2026-09-14,2026-09-15
O103401,2026-09-12,SKU-B2,Supplier B,North,Cancelled,2026-09-13,2026-09-16,
O103402,2026-09-12,SKU-A2,Supplier A,West,Completed,,2026-09-16,2026-09-16
O103403,2026-09-12,SKU-A2,Supplier A,North,Completed,,2026-09-16,2026-09-18
O103404,2026-09-12,SKU-C1,Supplier C,East,Completed,,2026-09-15,2026-09-15
O103405,2026-09-12,SKU-A2,Supplier A,South,Completed,,2026-09-14,2026-09-15
O103406,2026-09-12,SKU-A1,Supplier A,West,Completed,,2026-09-14,2026-09-14
O103407,2026-09-12,SKU-A2,Supplier A,North,Completed,,2026-09-16,2026-09-18
O103408,2026-09-12,SKU-A2,Supplier A,North,Cancelled,2026-09-14,2026-09-15,
O103409,2026-09-12,SKU-B2,Supplier B,East,Cancelled,2026-09-15,2026-09-14,
O103410,2026-09-12,SKU-A1,Supplier A,North,Completed,,2026-09-16,2026-09-16
O103411,2026-09-12,SKU-B1,Supplier B,East,Completed,,2026-09-16,2026-09-23
O103412,2026-09-12,SKU-C1,Supplier C,West,Completed,,2026-09-14,2026-09-16
O103413,2026-09-12,SKU-B2,Supplier B,South,Completed,,2026-09-16,2026-09-20
O103414,2026-09-12,SKU-C2,Supplier C,South,Completed,,2026-09-14,2026-09-16
O103415,2026-09-12,SKU-A2,Supplier A,North,Completed,,2026-09-14,2026-09-16
O103416,2026-09-12,SKU-C1,Supplier C,West,Completed,,2026-09-16,2026-09-18
O103417,2026-09-12,SKU-C2,Supplier C,South,Completed,,2026-09-15,2026-09-17
O103418,2026-09-12,SKU-B2,Supplier B,North,Cancelled,2026-09-13,2026-09-14,
O103419,2026-09-12,SKU-C2,Supplier C,North,Completed,,2026-09-15,2026-09-17
O103420,2026-09-12,SKU-C2,Supplier C,North,Completed,,2026-09-14,2026-09-16
O103421,2026-09-12,SKU-A2,Supplier A,South,Completed,,2026-09-14,2026-09-14
O103422,2026-09-12,SKU-A2,Supplier A,West,Completed,,2026-09-16,2026-09-18
O103423,2026-09-12,SKU-A2,Supplier A,West,Cancelled,2026-09-15,2026-09-16,
O103424,2026-09-12,SKU-C2,Supplier C,West,Completed,,2026-09-16,2026-09-17
O103425,2026-09-12,SKU-A2,Supplier A,North,Completed,,2026-09-15,2026-09-16
O103426,2026-09-12,SKU-C2,Supplier C,East,Completed,,2026-09-14,2026-09-16
O103427,2026-09-12,SKU-C2,Supplier C,East,Cancelled,2026-09-14,2026-09-16,
O103428,2026-09-12,SKU-B2,Supplier B,North,Cancelled,2026-09-14,2026-09-16,
O103429,2026-09-12,SKU-A2,Supplier A,West,Completed,,2026-09-15,2026-09-16
O103430,2026-09-12,SKU-C1,Supplier C,West,Completed,,2026-09-15,2026-09-17
O103431,2026-09-12,SKU-C2,Supplier C,North,Completed,,2026-09-15,2026-09-17
O103432,2026-09-12,SKU-C1,Supplier C,North,Completed,,2026-09-14,2026-09-15
O103433,2026-09-12,SKU-C2,Supplier C,West,Cancelled,2026-09-14,2026-09-16,
O103434,2026-09-12,SKU-A1,Supplier A,East,Completed,,2026-09-16,2026-09-17
O103435,2026-09-12,SKU-C1,Supplier C,South,Completed,,2026-09-16,2026-09-16
O103436,2026-09-12,SKU-B2,Supplier B,South,Completed,,2026-09-16,2026-09-20
O103437,2026-09-12,SKU-A1,Supplier A,North,Completed,,2026-09-15,2026-09-15
O103438,2026-09-12,SKU-C1,Supplier C,North,Completed,,2026-09-15,2026-09-16
O103439,2026-09-12,SKU-C2,Supplier C,East,Completed,,2026-09-15,2026-09-17
O103440,2026-09-12,SKU-A2,Supplier A,East,Completed,,2026-09-15,2026-09-17
O103441,2026-09-12,SKU-C1,Supplier C,South,Completed,,2026-09-14,2026-09-15
O103442,2026-09-12,SKU-C2,Supplier C,South,Completed,,2026-09-16,2026-09-16
O103443,2026-09-12,SKU-C2,Supplier C,West,Completed,,2026-09-15,2026-09-15
O103444,2026-09-12,SKU-A1,Supplier A,North,Completed,,2026-09-16,2026-09-17
O103445,2026-09-12,SKU-A2,Supplier A,South,Completed,,2026-09-14,2026-09-14
O103446,2026-09-12,SKU-B2,Supplier B,South,Completed,,2026-09-15,2026-09-23
O103447,2026-09-12,SKU-C1,Supplier C,North,Completed,,2026-09-15,2026-09-17
O103448,2026-09-12,SKU-B1,Supplier B,West,Completed,,2026-09-15,2026-09-21
O103449,2026-09-12,SKU-C1,Supplier C,North,Completed,,2026-09-14,2026-09-16
O103450,2026-09-12,SKU-B2,Supplier B,East,Completed,,2026-09-15,2026-09-19
O103451,2026-09-12,SKU-B1,Supplier B,South,Cancelled,2026-09-14,2026-09-14,
O103452,2026-09-12,SKU-C2,Supplier C,South,Completed,,2026-09-16,2026-09-18
O103453,2026-09-12,SKU-A2,Supplier A,West,Completed,,2026-09-16,2026-09-18
O103454,2026-09-12,SKU-B1,Supplier B,North,Cancelled,2026-09-13,2026-09-14,
O103455,2026-09-12,SKU-A2,Supplier A,South,Completed,,2026-09-14,2026-09-14
O103456,2026-09-12,SKU-B1,Supplier B,East,Completed,,2026-09-15,2026-09-23
O103457,2026-09-12,SKU-A1,Supplier A,West,Cancelled,2026-09-14,2026-09-14,
O103458,2026-09-12,SKU-C1,Supplier C,West,Completed,,2026-09-15,2026-09-17
O103459,2026-09-12,SKU-B1,Supplier B,North,Completed,,2026-09-16,2026-09-21
O103460,2026-09-12,SKU-A2,Supplier A,North,Completed,,2026-09-16,2026-09-16
O103461,2026-09-12,SKU-B2,Supplier B,East,Completed,,2026-09-16,2026-09-24
O103462,2026-09-12,SKU-B1,Supplier B,North,Completed,,2026-09-14,2026-09-18
O103463,2026-09-12,SKU-C2,Supplier C,East,Completed,,2026-09-14,2026-09-14
O103464,2026-09-12,SKU-A2,Supplier A,East,Completed,,2026-09-15,2026-09-15
O103465,2026-09-12,SKU-B1,Supplier B,West,Cancelled,2026-09-13,2026-09-16,
O103466,2026-09-12,SKU-C1,Supplier C,South,Cancelled,2026-09-14,2026-09-16,
O103467,2026-09-12,SKU-C2,Supplier C,East,Completed,,2026-09-14,2026-09-14
O103468,2026-09-12,SKU-C1,Supplier C,East,Completed,,2026-09-15,2026-09-17
O103469,2026-09-12,SKU-C1,Supplier C,West,Completed,,2026-09-15,2026-09-16
O103470,2026-09-12,SKU-A2,Supplier A,West,Completed,,2026-09-14,2026-09-15
O103471,2026-09-12,SKU-A1,Supplier A,South,Completed,,2026-09-16,2026-09-18
O103472,2026-09-13,SKU-C2,Supplier C,South,Completed,,2026-09-17,2026-09-17
O103473,2026-09-13,SKU-C1,Supplier C,South,Completed,,2026-09-16,2026-09-16
O103474,2026-09-13,SKU-C1,Supplier C,West,Completed,,2026-09-17,2026-09-19
O103475,2026-09-13,SKU-A1,Supplier A,South,Completed,,2026-09-17,2026-09-17
O103476,2026-09-13,SKU-A2,Supplier A,South,Completed,,2026-09-15,2026-09-15
O103477,2026-09-13,SKU-B1,Supplier B,South,Cancelled,2026-09-15,2026-09-15,
O103478,2026-09-13,SKU-C1,Supplier C,North,Completed,,2026-09-17,2026-09-19
O103479,2026-09-13,SKU-C2,Supplier C,North,Completed,,2026-09-17,2026-09-18
O103480,2026-09-13,SKU-C2,Supplier C,West,Completed,,2026-09-15,2026-09-15
O103481,2026-09-13,SKU-C1,Supplier C,East,Completed,,2026-09-15,2026-09-15
O103482,2026-09-13,SKU-A1,Supplier A,South,Completed,,2026-09-16,2026-09-18
O103483,2026-09-13,SKU-A1,Supplier A,North,Completed,,2026-09-16,2026-09-18
O103484,2026-09-13,SKU-A2,Supplier A,West,Cancelled,2026-09-16,2026-09-15,
O103485,2026-09-13,SKU-A2,Supplier A,East,Completed,,2026-09-16,2026-09-17
O103486,2026-09-13,SKU-B2,Supplier B,South,Completed,,2026-09-16,2026-09-22
O103487,2026-09-13,SKU-B1,Supplier B,South,Completed,,2026-09-16,2026-09-22
O103488,2026-09-13,SKU-C1,Supplier C,West,Completed,,2026-09-16,2026-09-18
O103489,2026-09-13,SKU-C1,Supplier C,South,Cancelled,2026-09-16,2026-09-15,
O103490,2026-09-13,SKU-A2,Supplier A,South,Cancelled,2026-09-15,2026-09-17,
O103491,2026-09-13,SKU-C2,Supplier C,North,Completed,,2026-09-15,2026-09-17
O103492,2026-09-13,SKU-B2,Supplier B,West,Completed,,2026-09-16,2026-09-20
O103493,2026-09-13,SKU-B1,Supplier B,South,Cancelled,2026-09-14,2026-09-16,
O103494,2026-09-13,SKU-A1,Supplier A,North,Completed,,2026-09-17,2026-09-17
O103495,2026-09-13,SKU-C2,Supplier C,East,Completed,,2026-09-17,2026-09-19
O103496,2026-09-13,SKU-C2,Supplier C,East,Completed,,2026-09-15,2026-09-17
O103497,2026-09-13,SKU-C1,Supplier C,West,Completed,,2026-09-17,2026-09-17
O103498,2026-09-13,SKU-A1,Supplier A,West,Cancelled,2026-09-15,2026-09-17,
O103499,2026-09-13,SKU-B2,Supplier B,West,Cancelled,2026-09-14,2026-09-15,
O103500,2026-09-13,SKU-B2,Supplier B,East,Cancelled,2026-09-14,2026-09-16,
O103501,2026-09-13,SKU-A2,Supplier A,South,Completed,,2026-09-17,2026-09-17
O103502,2026-09-13,SKU-A2,Supplier A,West,Completed,,2026-09-15,2026-09-15
O103503,2026-09-13,SKU-B1,Supplier B,East,Completed,,2026-09-17,2026-09-24
O103504,2026-09-13,SKU-C2,Supplier C,East,Completed,,2026-09-15,2026-09-15
O103505,2026-09-13,SKU-A1,Supplier A,East,Completed,,2026-09-17,2026-09-18
O103506,2026-09-13,SKU-C1,Supplier C,South,Completed,,2026-09-15,2026-09-17
O103507,2026-09-13,SKU-C1,Supplier C,North,Completed,,2026-09-15,2026-09-16
O103508,2026-09-13,SKU-A2,Supplier A,North,Completed,,2026-09-15,2026-09-17
O103509,2026-09-13,SKU-B1,Supplier B,South,Cancelled,2026-09-16,2026-09-17,
O103510,2026-09-13,SKU-C1,Supplier C,West,Completed,,2026-09-15,2026-09-16
O103511,2026-09-13,SKU-A1,Supplier A,East,Completed,,2026-09-17,2026-09-18
O103512,2026-09-13,SKU-C2,Supplier C,West,Completed,,2026-09-16,2026-09-16
O103513,2026-09-13,SKU-C2,Supplier C,South,Completed,,2026-09-17,2026-09-18
O103514,2026-09-13,SKU-B1,Supplier B,South,Cancelled,2026-09-14,2026-09-16,
O103515,2026-09-13,SKU-B2,Supplier B,South,Cancelled,2026-09-14,2026-09-16,
O103516,2026-09-13,SKU-A2,Supplier A,North,Completed,,2026-09-15,2026-09-15
O103517,2026-09-13,SKU-B2,Supplier B,South,Completed,,2026-09-16,2026-09-24
O103518,2026-09-13,SKU-B1,Supplier B,East,Cancelled,2026-09-15,2026-09-17,
O103519,2026-09-13,SKU-A1,Supplier A,North,Completed,,2026-09-15,2026-09-15
O103520,2026-09-13,SKU-B1,Supplier B,South,Completed,,2026-09-16,2026-09-23
O103521,2026-09-13,SKU-A2,Supplier A,West,Completed,,2026-09-15,2026-09-15
O103522,2026-09-13,SKU-A1,Supplier A,East,Completed,,2026-09-16,2026-09-17
O103523,2026-09-13,SKU-C2,Supplier C,East,Completed,,2026-09-16,2026-09-17
O103524,2026-09-13,SKU-C2,Supplier C,North,Completed,,2026-09-16,2026-09-18
O103525,2026-09-13,SKU-A2,Supplier A,North,Completed,,2026-09-17,2026-09-17
O103526,2026-09-13,SKU-C2,Supplier C,West,Completed,,2026-09-17,2026-09-17
O103527,2026-09-13,SKU-A2,Supplier A,East,Completed,,2026-09-16,2026-09-16
O103528,2026-09-13,SKU-B2,Supplier B,North,Completed,,2026-09-17,2026-09-23
O103529,2026-09-13,SKU-A2,Supplier A,East,Completed,,2026-09-15,2026-09-16
O103530,2026-09-13,SKU-B1,Supplier B,East,Cancelled,2026-09-14,2026-09-15,
O103531,2026-09-13,SKU-C2,Supplier C,South,Completed,,2026-09-15,2026-09-17
O103532,2026-09-13,SKU-A1,Supplier A,West,Completed,,2026-09-17,2026-09-18
O103533,2026-09-13,SKU-B2,Supplier B,South,Completed,,2026-09-16,2026-09-23
O103534,2026-09-13,SKU-A2,Supplier A,West,Completed,,2026-09-16,2026-09-17
O103535,2026-09-13,SKU-C1,Supplier C,East,Completed,,2026-09-16,2026-09-18
O103536,2026-09-13,SKU-B2,Supplier B,South,Completed,,2026-09-16,2026-09-21
O103537,2026-09-13,SKU-A2,Supplier A,East,Cancelled,2026-09-16,2026-09-17,
O103538,2026-09-13,SKU-C1,Supplier C,West,Completed,,2026-09-17,2026-09-18
O103539,2026-09-13,SKU-B1,Supplier B,North,Cancelled,2026-09-16,2026-09-17,
O103540,2026-09-13,SKU-A2,Supplier A,East,Cancelled,2026-09-15,2026-09-17,
O103541,2026-09-13,SKU-A1,Supplier A,North,Completed,,2026-09-16,2026-09-17
O103542,2026-09-13,SKU-A2,Supplier A,East,Completed,,2026-09-17,2026-09-18
O103543,2026-09-13,SKU-A1,Supplier A,South,Completed,,2026-09-16,2026-09-18
O103544,2026-09-13,SKU-A1,Supplier A,East,Completed,,2026-09-16,2026-09-17
O103545,2026-09-13,SKU-B2,Supplier B,East,Completed,,2026-09-15,2026-09-23
O103546,2026-09-13,SKU-A1,Supplier A,West,Completed,,2026-09-16,2026-09-18
O103547,2026-09-13,SKU-B2,Supplier B,South,Cancelled,2026-09-15,2026-09-16,
O103548,2026-09-13,SKU-C2,Supplier C,North,Completed,,2026-09-15,2026-09-15
O103549,2026-09-14,SKU-A2,Supplier A,South,Completed,,2026-09-16,2026-09-16
O103550,2026-09-14,SKU-B2,Supplier B,South,Completed,,2026-09-18,2026-09-25
O103551,2026-09-14,SKU-B2,Supplier B,East,Completed,,2026-09-17,2026-09-21
O103552,2026-09-14,SKU-C1,Supplier C,West,Completed,,2026-09-16,2026-09-18
O103553,2026-09-14,SKU-A1,Supplier A,South,Completed,,2026-09-16,2026-09-16
O103554,2026-09-14,SKU-B1,Supplier B,South,Cancelled,2026-09-15,2026-09-17,
O103555,2026-09-14,SKU-A1,Supplier A,East,Completed,,2026-09-16,2026-09-16
O103556,2026-09-14,SKU-C1,Supplier C,West,Cancelled,2026-09-16,2026-09-16,
O103557,2026-09-14,SKU-B2,Supplier B,West,Completed,,2026-09-16,2026-09-22
O103558,2026-09-14,SKU-A2,Supplier A,East,Completed,,2026-09-17,2026-09-19
O103559,2026-09-14,SKU-B2,Supplier B,West,Cancelled,2026-09-15,2026-09-18,
O103560,2026-09-14,SKU-C1,Supplier C,North,Completed,,2026-09-16,2026-09-17
O103561,2026-09-14,SKU-C1,Supplier C,South,Completed,,2026-09-18,2026-09-19
O103562,2026-09-14,SKU-B2,Supplier B,East,Completed,,2026-09-16,2026-09-21
O103563,2026-09-14,SKU-A1,Supplier A,West,Completed,,2026-09-18,2026-09-20
O103564,2026-09-14,SKU-A2,Supplier A,East,Completed,,2026-09-16,2026-09-18
O103565,2026-09-14,SKU-B1,Supplier B,East,Completed,,2026-09-18,2026-09-26
O103566,2026-09-14,SKU-C2,Supplier C,South,Completed,,2026-09-17,2026-09-18
O103567,2026-09-14,SKU-C2,Supplier C,West,Completed,,2026-09-16,2026-09-18
O103568,2026-09-14,SKU-B2,Supplier B,South,Completed,,2026-09-17,2026-09-23
O103569,2026-09-14,SKU-A2,Supplier A,East,Completed,,2026-09-18,2026-09-19
O103570,2026-09-14,SKU-B1,Supplier B,West,Cancelled,2026-09-15,2026-09-17,
O103571,2026-09-14,SKU-A1,Supplier A,West,Cancelled,2026-09-17,2026-09-16,
O103572,2026-09-14,SKU-A1,Supplier A,West,Completed,,2026-09-16,2026-09-17
O103573,2026-09-14,SKU-B2,Supplier B,East,Completed,,2026-09-18,2026-09-25
O103574,2026-09-14,SKU-C2,Supplier C,West,Completed,,2026-09-16,2026-09-17
O103575,2026-09-14,SKU-C2,Supplier C,East,Completed,,2026-09-18,2026-09-19
O103576,2026-09-14,SKU-B2,Supplier B,North,Completed,,2026-09-16,2026-09-23
O103577,2026-09-14,SKU-B1,Supplier B,South,Cancelled,2026-09-15,2026-09-16,
O103578,2026-09-14,SKU-B1,Supplier B,East,Cancelled,2026-09-17,2026-09-16,
O103579,2026-09-14,SKU-B2,Supplier B,West,Cancelled,2026-09-17,2026-09-16,
O103580,2026-09-14,SKU-B2,Supplier B,North,Completed,,2026-09-18,2026-09-22
O103581,2026-09-14,SKU-A2,Supplier A,West,Cancelled,2026-09-15,2026-09-16,
O103582,2026-09-14,SKU-A1,Supplier A,South,Cancelled,2026-09-16,2026-09-17,
O103583,2026-09-14,SKU-A2,Supplier A,South,Completed,,2026-09-18,2026-09-18
O103584,2026-09-14,SKU-A2,Supplier A,West,Cancelled,2026-09-17,2026-09-18,
O103585,2026-09-14,SKU-B2,Supplier B,East,Cancelled,2026-09-17,2026-09-17,
O103586,2026-09-14,SKU-C1,Supplier C,South,Completed,,2026-09-16,2026-09-18
O103587,2026-09-14,SKU-B2,Supplier B,East,Completed,,2026-09-16,2026-09-24
O103588,2026-09-14,SKU-A1,Supplier A,South,Completed,,2026-09-17,2026-09-19
O103589,2026-09-14,SKU-A1,Supplier A,North,Completed,,2026-09-18,2026-09-19
O103590,2026-09-14,SKU-B2,Supplier B,East,Completed,,2026-09-17,2026-09-23
O103591,2026-09-14,SKU-B1,Supplier B,South,Cancelled,2026-09-17,2026-09-18,
O103592,2026-09-14,SKU-A1,Supplier A,North,Completed,,2026-09-16,2026-09-16
O103593,2026-09-14,SKU-C1,Supplier C,West,Completed,,2026-09-18,2026-09-19
O103594,2026-09-14,SKU-A1,Supplier A,South,Completed,,2026-09-17,2026-09-19
O103595,2026-09-14,SKU-C1,Supplier C,South,Completed,,2026-09-16,2026-09-18
O103596,2026-09-14,SKU-C1,Supplier C,South,Completed,,2026-09-16,2026-09-18
O103597,2026-09-14,SKU-B2,Supplier B,West,Completed,,2026-09-18,2026-09-25
O103598,2026-09-14,SKU-A1,Supplier A,East,Completed,,2026-09-16,2026-09-17
O103599,2026-09-14,SKU-A1,Supplier A,South,Completed,,2026-09-18,2026-09-19
O103600,2026-09-14,SKU-B1,Supplier B,South,Cancelled,2026-09-15,2026-09-18,
O103601,2026-09-14,SKU-C2,Supplier C,East,Completed,,2026-09-17,2026-09-19
O103602,2026-09-14,SKU-B2,Supplier B,West,Completed,,2026-09-18,2026-09-26
O103603,2026-09-14,SKU-C1,Supplier C,West,Completed,,2026-09-17,2026-09-18
O103604,2026-09-14,SKU-C1,Supplier C,South,Completed,,2026-09-17,2026-09-18
O103605,2026-09-14,SKU-A1,Supplier A,West,Completed,,2026-09-16,2026-09-18
O103606,2026-09-14,SKU-B2,Supplier B,East,Completed,,2026-09-18,2026-09-22
O103607,2026-09-14,SKU-C1,Supplier C,South,Cancelled,2026-09-16,2026-09-16,
O103608,2026-09-14,SKU-C1,Supplier C,West,Completed,,2026-09-17,2026-09-17
O103609,2026-09-14,SKU-B1,Supplier B,West,Completed,,2026-09-18,2026-09-26
O103610,2026-09-14,SKU-A2,Supplier A,South,Cancelled,2026-09-17,2026-09-18,
O103611,2026-09-14,SKU-C1,Supplier C,South,Completed,,2026-09-17,2026-09-18
O103612,2026-09-14,SKU-C2,Supplier C,West,Completed,,2026-09-18,2026-09-19
O103613,2026-09-14,SKU-A1,Supplier A,East,Cancelled,2026-09-17,2026-09-17,
O103614,2026-09-14,SKU-C1,Supplier C,East,Completed,,2026-09-17,2026-09-17
O103615,2026-09-14,SKU-A2,Supplier A,East,Completed,,2026-09-16,2026-09-18
O103616,2026-09-14,SKU-A1,Supplier A,South,Completed,,2026-09-16,2026-09-16
O103617,2026-09-14,SKU-B2,Supplier B,East,Cancelled,2026-09-16,2026-09-17,
O103618,2026-09-14,SKU-A2,Supplier A,South,Completed,,2026-09-16,2026-09-18
O103619,2026-09-14,SKU-B2,Supplier B,East,Completed,,2026-09-17,2026-09-22
O103620,2026-09-14,SKU-B1,Supplier B,East,Cancelled,2026-09-15,2026-09-16,
O103621,2026-09-14,SKU-B2,Supplier B,West,Completed,,2026-09-17,2026-09-21
O103622,2026-09-14,SKU-B2,Supplier B,North,Cancelled,2026-09-17,2026-09-18,
O103623,2026-09-14,SKU-A2,Supplier A,West,Completed,,2026-09-18,2026-09-20
O103624,2026-09-14,SKU-A1,Supplier A,West,Completed,,2026-09-16,2026-09-17
O103625,2026-09-14,SKU-A1,Supplier A,East,Completed,,2026-09-17,2026-09-18
O103626,2026-09-14,SKU-C2,Supplier C,South,Completed,,2026-09-18,2026-09-20
O103627,2026-09-14,SKU-B2,Supplier B,West,Cancelled,2026-09-15,2026-09-16,
O103628,2026-09-14,SKU-C2,Supplier C,East,Completed,,2026-09-18,2026-09-19
O103629,2026-09-14,SKU-B2,Supplier B,East,Cancelled,2026-09-17,2026-09-16,
O103630,2026-09-14,SKU-A2,Supplier A,South,Completed,,2026-09-18,2026-09-20
O103631,2026-09-14,SKU-C1,Supplier C,North,Completed,,2026-09-17,2026-09-18
O103632,2026-09-14,SKU-C2,Supplier C,North,Completed,,2026-09-18,2026-09-18
O103633,2026-09-14,SKU-B1,Supplier B,South,Cancelled,2026-09-15,2026-09-18,
O103634,2026-09-14,SKU-A2,Supplier A,South,Completed,,2026-09-16,2026-09-16
O103635,2026-09-14,SKU-B2,Supplier B,South,Cancelled,2026-09-15,2026-09-16,
O103636,2026-09-14,SKU-C1,Supplier C,North,Completed,,2026-09-18,2026-09-18
O103637,2026-09-15,SKU-B2,Supplier B,West,Completed,,2026-09-18,2026-09-24
O103638,2026-09-15,SKU-A2,Supplier A,West,Completed,,2026-09-18,2026-09-20
O103639,2026-09-15,SKU-C1,Supplier C,East,Completed,,2026-09-19,2026-09-20
O103640,2026-09-15,SKU-C1,Supplier C,South,Completed,,2026-09-18,2026-09-18
O103641,2026-09-15,SKU-A2,Supplier A,South,Cancelled,2026-09-18,2026-09-18,
O103642,2026-09-15,SKU-C1,Supplier C,South,Completed,,2026-09-18,2026-09-18
O103643,2026-09-15,SKU-A1,Supplier A,East,Completed,,2026-09-17,2026-09-19
O103644,2026-09-15,SKU-C2,Supplier C,East,Completed,,2026-09-19,2026-09-19
O103645,2026-09-15,SKU-A1,Supplier A,South,Completed,,2026-09-19,2026-09-21
O103646,2026-09-15,SKU-C2,Supplier C,North,Completed,,2026-09-18,2026-09-18
O103647,2026-09-15,SKU-B2,Supplier B,North,Cancelled,2026-09-18,2026-09-17,
O103648,2026-09-15,SKU-C1,Supplier C,North,Completed,,2026-09-18,2026-09-20
O103649,2026-09-15,SKU-B2,Supplier B,West,Completed,,2026-09-19,2026-09-26
O103650,2026-09-15,SKU-A2,Supplier A,North,Completed,,2026-09-17,2026-09-17
O103651,2026-09-15,SKU-C2,Supplier C,West,Completed,,2026-09-18,2026-09-18
O103652,2026-09-15,SKU-B1,Supplier B,North,Cancelled,2026-09-18,2026-09-17,
O103653,2026-09-15,SKU-B2,Supplier B,West,Cancelled,2026-09-17,2026-09-19,
O103654,2026-09-15,SKU-B1,Supplier B,South,Completed,,2026-09-17,2026-09-25
O103655,2026-09-15,SKU-B2,Supplier B,West,Completed,,2026-09-17,2026-09-25
O103656,2026-09-15,SKU-C1,Supplier C,West,Completed,,2026-09-17,2026-09-18
O103657,2026-09-15,SKU-A2,Supplier A,East,Completed,,2026-09-17,2026-09-19
O103658,2026-09-15,SKU-B1,Supplier B,East,Completed,,2026-09-18,2026-09-25
O103659,2026-09-15,SKU-A2,Supplier A,South,Completed,,2026-09-19,2026-09-20
O103660,2026-09-15,SKU-A2,Supplier A,South,Completed,,2026-09-18,2026-09-19
O103661,2026-09-15,SKU-A1,Supplier A,South,Completed,,2026-09-18,2026-09-19
O103662,2026-09-15,SKU-A2,Supplier A,West,Cancelled,2026-09-17,2026-09-19,
O103663,2026-09-15,SKU-A1,Supplier A,East,Completed,,2026-09-17,2026-09-17
O103664,2026-09-15,SKU-B2,Supplier B,West,Completed,,2026-09-18,2026-09-24
O103665,2026-09-15,SKU-C2,Supplier C,North,Completed,,2026-09-18,2026-09-19
O103666,2026-09-15,SKU-C1,Supplier C,West,Completed,,2026-09-17,2026-09-17
O103667,2026-09-15,SKU-C2,Supplier C,West,Completed,,2026-09-18,2026-09-19
O103668,2026-09-15,SKU-A2,Supplier A,East,Completed,,2026-09-19,2026-09-19
O103669,2026-09-15,SKU-B1,Supplier B,North,Completed,,2026-09-18,2026-09-23
O103670,2026-09-15,SKU-C1,Supplier C,East,Completed,,2026-09-18,2026-09-20
O103671,2026-09-15,SKU-C1,Supplier C,East,Cancelled,2026-09-18,2026-09-19,
O103672,2026-09-15,SKU-C1,Supplier C,South,Completed,,2026-09-18,2026-09-19
O103673,2026-09-15,SKU-A2,Supplier A,East,Completed,,2026-09-17,2026-09-19
O103674,2026-09-15,SKU-C2,Supplier C,South,Completed,,2026-09-18,2026-09-20
O103675,2026-09-15,SKU-B1,Supplier B,West,Cancelled,2026-09-17,2026-09-19,
O103676,2026-09-15,SKU-A2,Supplier A,South,Completed,,2026-09-19,2026-09-19
O103677,2026-09-15,SKU-A1,Supplier A,North,Completed,,2026-09-18,2026-09-19
O103678,2026-09-15,SKU-C2,Supplier C,South,Completed,,2026-09-17,2026-09-18
O103679,2026-09-15,SKU-B2,Supplier B,East,Completed,,2026-09-18,2026-09-26
O103680,2026-09-15,SKU-A2,Supplier A,East,Cancelled,2026-09-16,2026-09-18,
O103681,2026-09-15,SKU-B2,Supplier B,West,Completed,,2026-09-17,2026-09-21
O103682,2026-09-15,SKU-C2,Supplier C,West,Cancelled,2026-09-18,2026-09-18,
O103683,2026-09-15,SKU-A2,Supplier A,West,Cancelled,2026-09-16,2026-09-18,
O103684,2026-09-15,SKU-B1,Supplier B,West,Completed,,2026-09-18,2026-09-23
O103685,2026-09-15,SKU-C1,Supplier C,East,Completed,,2026-09-19,2026-09-20
O103686,2026-09-15,SKU-A2,Supplier A,North,Completed,,2026-09-18,2026-09-19
O103687,2026-09-15,SKU-B2,Supplier B,South,Completed,,2026-09-18,2026-09-24
O103688,2026-09-15,SKU-C1,Supplier C,North,Completed,,2026-09-17,2026-09-17
O103689,2026-09-15,SKU-C1,Supplier C,North,Completed,,2026-09-19,2026-09-20
O103690,2026-09-15,SKU-B2,Supplier B,West,Completed,,2026-09-17,2026-09-23
O103691,2026-09-15,SKU-C2,Supplier C,West,Completed,,2026-09-19,2026-09-21
O103692,2026-09-15,SKU-B2,Supplier B,West,Completed,,2026-09-18,2026-09-22
O103693,2026-09-15,SKU-B2,Supplier B,East,Completed,,2026-09-17,2026-09-23
O103694,2026-09-15,SKU-C1,Supplier C,West,Completed,,2026-09-17,2026-09-17
O103695,2026-09-15,SKU-A2,Supplier A,North,Completed,,2026-09-17,2026-09-18
O103696,2026-09-15,SKU-A2,Supplier A,North,Completed,,2026-09-17,2026-09-17
O103697,2026-09-15,SKU-A2,Supplier A,West,Completed,,2026-09-19,2026-09-21
O103698,2026-09-15,SKU-C2,Supplier C,North,Completed,,2026-09-17,2026-09-18
O103699,2026-09-15,SKU-A2,Supplier A,East,Completed,,2026-09-17,2026-09-17
O103700,2026-09-15,SKU-B1,Supplier B,East,Cancelled,2026-09-17,2026-09-17,
O103701,2026-09-15,SKU-A1,Supplier A,West,Completed,,2026-09-18,2026-09-19
O103702,2026-09-15,SKU-A2,Supplier A,South,Completed,,2026-09-19,2026-09-21
O103703,2026-09-15,SKU-C2,Supplier C,South,Completed,,2026-09-17,2026-09-18
O103704,2026-09-15,SKU-B2,Supplier B,North,Cancelled,2026-09-17,2026-09-19,
O103705,2026-09-15,SKU-B1,Supplier B,East,Completed,,2026-09-18,2026-09-22
O103706,2026-09-15,SKU-B1,Supplier B,North,Cancelled,2026-09-16,2026-09-17,
O103707,2026-09-15,SKU-B2,Supplier B,South,Completed,,2026-09-18,2026-09-24
O103708,2026-09-15,SKU-A1,Supplier A,West,Completed,,2026-09-19,2026-09-21
O103709,2026-09-15,SKU-A2,Supplier A,South,Completed,,2026-09-17,2026-09-18
O103710,2026-09-15,SKU-A2,Supplier A,East,Completed,,2026-09-19,2026-09-19
O103711,2026-09-15,SKU-A1,Supplier A,East,Completed,,2026-09-17,2026-09-17
O103712,2026-09-15,SKU-A1,Supplier A,South,Completed,,2026-09-17,2026-09-18
O103713,2026-09-15,SKU-A1,Supplier A,West,Completed,,2026-09-18,2026-09-20
O103714,2026-09-15,SKU-B2,Supplier B,East,Cancelled,2026-09-18,2026-09-17,
O103715,2026-09-15,SKU-B1,Supplier B,West,Completed,,2026-09-18,2026-09-26
O103716,2026-09-15,SKU-C1,Supplier C,West,Completed,,2026-09-17,2026-09-17
O103717,2026-09-15,SKU-A1,Supplier A,South,Completed,,2026-09-19,2026-09-20
O103718,2026-09-15,SKU-C1,Supplier C,South,Completed,,2026-09-17,2026-09-17
O103719,2026-09-15,SKU-B1,Supplier B,West,Cancelled,2026-09-16,2026-09-18,
O103720,2026-09-15,SKU-B2,Supplier B,North,Cancelled,2026-09-16,2026-09-17,
O103721,2026-09-15,SKU-C2,Supplier C,South,Completed,,2026-09-19,2026-09-21
O103722,2026-09-16,SKU-C2,Supplier C,North,Completed,,2026-09-20,2026-09-21
O103723,2026-09-16,SKU-A2,Supplier A,West,Cancelled,2026-09-17,2026-09-18,
O103724,2026-09-16,SKU-C1,Supplier C,South,Completed,,2026-09-20,2026-09-21
O103725,2026-09-16,SKU-B2,Supplier B,North,Completed,,2026-09-20,2026-09-26
O103726,2026-09-16,SKU-B1,Supplier B,West,Cancelled,2026-09-18,2026-09-18,
O103727,2026-09-16,SKU-B1,Supplier B,West,Completed,,2026-09-18,2026-09-23
O103728,2026-09-16,SKU-C2,Supplier C,East,Completed,,2026-09-20,2026-09-21
O103729,2026-09-16,SKU-B1,Supplier B,West,Completed,,2026-09-18,2026-09-25
O103730,2026-09-16,SKU-B2,Supplier B,South,Completed,,2026-09-18,2026-09-24
O103731,2026-09-16,SKU-C1,Supplier C,South,Completed,,2026-09-18,2026-09-20
O103732,2026-09-16,SKU-A2,Supplier A,South,Completed,,2026-09-20,2026-09-22
O103733,2026-09-16,SKU-C1,Supplier C,West,Completed,,2026-09-18,2026-09-19
O103734,2026-09-16,SKU-A1,Supplier A,East,Completed,,2026-09-18,2026-09-20
O103735,2026-09-16,SKU-C1,Supplier C,South,Completed,,2026-09-19,2026-09-19
O103736,2026-09-16,SKU-B2,Supplier B,North,Completed,,2026-09-19,2026-09-25
O103737,2026-09-16,SKU-A1,Supplier A,West,Completed,,2026-09-18,2026-09-18
O103738,2026-09-16,SKU-B2,Supplier B,West,Cancelled,2026-09-17,2026-09-18,
O103739,2026-09-16,SKU-A2,Supplier A,West,Completed,,2026-09-19,2026-09-21
O103740,2026-09-16,SKU-B1,Supplier B,West,Completed,,2026-09-20,2026-09-28
O103741,2026-09-16,SKU-B1,Supplier B,South,Completed,,2026-09-20,2026-09-26
O103742,2026-09-16,SKU-A2,Supplier A,West,Completed,,2026-09-18,2026-09-19
O103743,2026-09-16,SKU-A2,Supplier A,South,Completed,,2026-09-20,2026-09-20
O103744,2026-09-16,SKU-C2,Supplier C,East,Completed,,2026-09-18,2026-09-20
O103745,2026-09-16,SKU-A2,Supplier A,North,Completed,,2026-09-20,2026-09-21
O103746,2026-09-16,SKU-A1,Supplier A,South,Completed,,2026-09-20,2026-09-20
O103747,2026-09-16,SKU-A1,Supplier A,West,Cancelled,2026-09-18,2026-09-20,
O103748,2026-09-16,SKU-A1,Supplier A,West,Completed,,2026-09-18,2026-09-18
O103749,2026-09-16,SKU-A2,Supplier A,South,Cancelled,2026-09-17,2026-09-18,
O103750,2026-09-16,SKU-C2,Supplier C,West,Completed,,2026-09-18,2026-09-18
O103751,2026-09-16,SKU-C2,Supplier C,West,Completed,,2026-09-19,2026-09-21
O103752,2026-09-16,SKU-C1,Supplier C,West,Completed,,2026-09-18,2026-09-19
O103753,2026-09-16,SKU-B1,Supplier B,West,Completed,,2026-09-18,2026-09-24
O103754,2026-09-16,SKU-C1,Supplier C,East,Completed,,2026-09-18,2026-09-20
O103755,2026-09-16,SKU-A1,Supplier A,North,Completed,,2026-09-18,2026-09-19
O103756,2026-09-16,SKU-A2,Supplier A,North,Completed,,2026-09-20,2026-09-20
O103757,2026-09-16,SKU-B1,Supplier B,East,Cancelled,2026-09-19,2026-09-19,
O103758,2026-09-16,SKU-A1,Supplier A,West,Completed,,2026-09-18,2026-09-19
O103759,2026-09-16,SKU-B1,Supplier B,East,Cancelled,2026-09-18,2026-09-19,
O103760,2026-09-16,SKU-A2,Supplier A,North,Completed,,2026-09-20,2026-09-21
O103761,2026-09-16,SKU-A1,Supplier A,West,Completed,,2026-09-19,2026-09-19
O103762,2026-09-16,SKU-C1,Supplier C,South,Completed,,2026-09-18,2026-09-19
O103763,2026-09-16,SKU-A1,Supplier A,East,Completed,,2026-09-19,2026-09-21
O103764,2026-09-16,SKU-C1,Supplier C,West,Completed,,2026-09-20,2026-09-20
O103765,2026-09-16,SKU-A2,Supplier A,West,Completed,,2026-09-20,2026-09-20
O103766,2026-09-16,SKU-A1,Supplier A,South,Completed,,2026-09-20,2026-09-21
O103767,2026-09-16,SKU-A1,Supplier A,North,Completed,,2026-09-18,2026-09-18
O103768,2026-09-16,SKU-A1,Supplier A,East,Completed,,2026-09-19,2026-09-21
O103769,2026-09-16,SKU-A2,Supplier A,South,Completed,,2026-09-18,2026-09-20
O103770,2026-09-16,SKU-C1,Supplier C,North,Completed,,2026-09-20,2026-09-21
O103771,2026-09-16,SKU-A1,Supplier A,West,Completed,,2026-09-18,2026-09-20
O103772,2026-09-16,SKU-A2,Supplier A,South,Completed,,2026-09-19,2026-09-20
O103773,2026-09-16,SKU-A1,Supplier A,South,Completed,,2026-09-20,2026-09-22
O103774,2026-09-16,SKU-B1,Supplier B,East,Completed,,2026-09-20,2026-09-24
O103775,2026-09-16,SKU-C1,Supplier C,East,Completed,,2026-09-20,2026-09-22
O103776,2026-09-16,SKU-B2,Supplier B,North,Cancelled,2026-09-17,2026-09-20,
O103777,2026-09-16,SKU-C2,Supplier C,South,Completed,,2026-09-20,2026-09-21
O103778,2026-09-16,SKU-B2,Supplier B,East,Cancelled,2026-09-19,2026-09-20,
O103779,2026-09-16,SKU-A1,Supplier A,East,Completed,,2026-09-18,2026-09-18
O103780,2026-09-16,SKU-C1,Supplier C,South,Completed,,2026-09-20,2026-09-22
O103781,2026-09-16,SKU-B2,Supplier B,West,Cancelled,2026-09-18,2026-09-19,
O103782,2026-09-16,SKU-C1,Supplier C,North,Completed,,2026-09-19,2026-09-20
O103783,2026-09-16,SKU-C2,Supplier C,South,Completed,,2026-09-20,2026-09-22
O103784,2026-09-16,SKU-C1,Supplier C,East,Completed,,2026-09-19,2026-09-20
O103785,2026-09-16,SKU-B2,Supplier B,West,Cancelled,2026-09-19,2026-09-19,
O103786,2026-09-16,SKU-B2,Supplier B,East,Cancelled,2026-09-18,2026-09-20,
O103787,2026-09-16,SKU-C1,Supplier C,West,Completed,,2026-09-18,2026-09-18
O103788,2026-09-16,SKU-C1,Supplier C,West,Completed,,2026-09-18,2026-09-18
O103789,2026-09-16,SKU-C2,Supplier C,South,Completed,,2026-09-20,2026-09-22
O103790,2026-09-16,SKU-B1,Supplier B,West,Cancelled,2026-09-17,2026-09-19,
O103791,2026-09-16,SKU-C2,Supplier C,West,Completed,,2026-09-18,2026-09-18
O103792,2026-09-16,SKU-C2,Supplier C,North,Completed,,2026-09-18,2026-09-19
O103793,2026-09-16,SKU-B2,Supplier B,North,Completed,,2026-09-18,2026-09-23
O103794,2026-09-16,SKU-A2,Supplier A,East,Completed,,2026-09-19,2026-09-21
O103795,2026-09-16,SKU-B2,Supplier B,West,Completed,,2026-09-19,2026-09-24
O103796,2026-09-16,SKU-B1,Supplier B,North,Cancelled,2026-09-18,2026-09-19,
O103797,2026-09-16,SKU-C2,Supplier C,West,Completed,,2026-09-19,2026-09-19
O103798,2026-09-16,SKU-A2,Supplier A,South,Completed,,2026-09-18,2026-09-20
O103799,2026-09-16,SKU-A1,Supplier A,East,Completed,,2026-09-20,2026-09-21
O103800,2026-09-16,SKU-B1,Supplier B,North,Completed,,2026-09-19,2026-09-26
O103801,2026-09-16,SKU-C1,Supplier C,West,Completed,,2026-09-19,2026-09-21
O103802,2026-09-16,SKU-B1,Supplier B,East,Completed,,2026-09-19,2026-09-23
O103803,2026-09-16,SKU-C1,Supplier C,East,Completed,,2026-09-18,2026-09-20
O103804,2026-09-16,SKU-B1,Supplier B,West,Completed,,2026-09-19,2026-09-25
O103805,2026-09-16,SKU-A1,Supplier A,South,Completed,,2026-09-19,2026-09-21
O103806,2026-09-16,SKU-A1,Supplier A,South,Completed,,2026-09-19,2026-09-20
O103807,2026-09-17,SKU-A1,Supplier A,East,Completed,,2026-09-19,2026-09-21
O103808,2026-09-17,SKU-A1,Supplier A,North,Completed,,2026-09-21,2026-09-21
O103809,2026-09-17,SKU-A1,Supplier A,East,Completed,,2026-09-21,2026-09-21
O103810,2026-09-17,SKU-A2,Supplier A,East,Completed,,2026-09-19,2026-09-19
O103811,2026-09-17,SKU-C1,Supplier C,East,Completed,,2026-09-19,2026-09-19
O103812,2026-09-17,SKU-C2,Supplier C,South,Completed,,2026-09-20,2026-09-21
O103813,2026-09-17,SKU-A1,Supplier A,East,Completed,,2026-09-21,2026-09-21
O103814,2026-09-17,SKU-B1,Supplier B,South,Cancelled,2026-09-20,2026-09-21,
O103815,2026-09-17,SKU-A1,Supplier A,South,Completed,,2026-09-19,2026-09-21
O103816,2026-09-17,SKU-A2,Supplier A,North,Completed,,2026-09-21,2026-09-21
O103817,2026-09-17,SKU-C1,Supplier C,West,Completed,,2026-09-19,2026-09-21
O103818,2026-09-17,SKU-A2,Supplier A,North,Completed,,2026-09-21,2026-09-23
O103819,2026-09-17,SKU-C2,Supplier C,West,Completed,,2026-09-20,2026-09-21
O103820,2026-09-17,SKU-A1,Supplier A,East,Completed,,2026-09-21,2026-09-21
O103821,2026-09-17,SKU-A2,Supplier A,West,Completed,,2026-09-21,2026-09-22
O103822,2026-09-17,SKU-C1,Supplier C,East,Completed,,2026-09-20,2026-09-20
O103823,2026-09-17,SKU-C1,Supplier C,West,Completed,,2026-09-20,2026-09-22
O103824,2026-09-17,SKU-A1,Supplier A,South,Completed,,2026-09-19,2026-09-20
O103825,2026-09-17,SKU-C1,Supplier C,South,Completed,,2026-09-21,2026-09-23
O103826,2026-09-17,SKU-C2,Supplier C,East,Completed,,2026-09-19,2026-09-20
O103827,2026-09-17,SKU-A1,Supplier A,West,Completed,,2026-09-19,2026-09-19
O103828,2026-09-17,SKU-B2,Supplier B,East,Completed,,2026-09-20,2026-09-25
O103829,2026-09-17,SKU-B2,Supplier B,East,Completed,,2026-09-19,2026-09-23
O103830,2026-09-17,SKU-B2,Supplier B,South,Completed,,2026-09-21,2026-09-27
O103831,2026-09-17,SKU-C2,Supplier C,South,Completed,,2026-09-20,2026-09-20
O103832,2026-09-17,SKU-A2,Supplier A,South,Completed,,2026-09-21,2026-09-22
O103833,2026-09-17,SKU-C2,Supplier C,West,Completed,,2026-09-19,2026-09-21
O103834,2026-09-17,SKU-B1,Supplier B,North,Completed,,2026-09-19,2026-09-26
O103835,2026-09-17,SKU-C1,Supplier C,South,Completed,,2026-09-21,2026-09-21
O103836,2026-09-17,SKU-C1,Supplier C,East,Cancelled,2026-09-19,2026-09-20,
O103837,2026-09-17,SKU-B1,Supplier B,North,Completed,,2026-09-20,2026-09-24
O103838,2026-09-17,SKU-B1,Supplier B,East,Completed,,2026-09-21,2026-09-29
O103839,2026-09-17,SKU-A2,Supplier A,North,Completed,,2026-09-20,2026-09-20
O103840,2026-09-17,SKU-B2,Supplier B,South,Cancelled,2026-09-19,2026-09-21,
O103841,2026-09-17,SKU-C1,Supplier C,South,Cancelled,2026-09-20,2026-09-19,
O103842,2026-09-17,SKU-C1,Supplier C,North,Completed,,2026-09-19,2026-09-19
O103843,2026-09-17,SKU-C2,Supplier C,South,Completed,,2026-09-19,2026-09-21
O103844,2026-09-17,SKU-B1,Supplier B,South,Cancelled,2026-09-18,2026-09-19,
O103845,2026-09-17,SKU-B2,Supplier B,North,Completed,,2026-09-21,2026-09-27
O103846,2026-09-17,SKU-B2,Supplier B,South,Completed,,2026-09-21,2026-09-25
O103847,2026-09-17,SKU-B1,Supplier B,West,Cancelled,2026-09-18,2026-09-21,
O103848,2026-09-17,SKU-C2,Supplier C,West,Cancelled,2026-09-19,2026-09-21,
O103849,2026-09-17,SKU-A1,Supplier A,West,Completed,,2026-09-21,2026-09-23
O103850,2026-09-17,SKU-C1,Supplier C,East,Completed,,2026-09-19,2026-09-20
O103851,2026-09-17,SKU-C2,Supplier C,West,Completed,,2026-09-21,2026-09-23
O103852,2026-09-17,SKU-A1,Supplier A,West,Completed,,2026-09-19,2026-09-19
O103853,2026-09-17,SKU-A2,Supplier A,North,Completed,,2026-09-19,2026-09-20
O103854,2026-09-17,SKU-C2,Supplier C,East,Completed,,2026-09-20,2026-09-22
O103855,2026-09-17,SKU-A1,Supplier A,West,Completed,,2026-09-20,2026-09-21
O103856,2026-09-17,SKU-A2,Supplier A,South,Cancelled,2026-09-18,2026-09-19,
O103857,2026-09-17,SKU-B1,Supplier B,West,Completed,,2026-09-19,2026-09-26
O103858,2026-09-17,SKU-C1,Supplier C,North,Completed,,2026-09-21,2026-09-22
O103859,2026-09-17,SKU-B1,Supplier B,South,Cancelled,2026-09-19,2026-09-21,
O103860,2026-09-17,SKU-A2,Supplier A,North,Completed,,2026-09-19,2026-09-21
O103861,2026-09-17,SKU-A1,Supplier A,West,Completed,,2026-09-21,2026-09-21
O103862,2026-09-17,SKU-B2,Supplier B,West,Completed,,2026-09-19,2026-09-24
O103863,2026-09-17,SKU-A1,Supplier A,West,Completed,,2026-09-21,2026-09-21
O103864,2026-09-17,SKU-C1,Supplier C,West,Cancelled,2026-09-19,2026-09-21,
O103865,2026-09-17,SKU-B2,Supplier B,East,Cancelled,2026-09-20,2026-09-21,
O103866,2026-09-17,SKU-B1,Supplier B,North,Completed,,2026-09-20,2026-09-25
O103867,2026-09-17,SKU-A2,Supplier A,West,Completed,,2026-09-19,2026-09-20
O103868,2026-09-17,SKU-B1,Supplier B,North,Cancelled,2026-09-20,2026-09-21,
O103869,2026-09-17,SKU-A2,Supplier A,West,Completed,,2026-09-19,2026-09-21
O103870,2026-09-17,SKU-A1,Supplier A,North,Completed,,2026-09-19,2026-09-21
O103871,2026-09-17,SKU-C2,Supplier C,North,Completed,,2026-09-20,2026-09-22
O103872,2026-09-17,SKU-A1,Supplier A,East,Completed,,2026-09-19,2026-09-20
O103873,2026-09-17,SKU-B1,Supplier B,North,Completed,,2026-09-20,2026-09-24
O103874,2026-09-17,SKU-C2,Supplier C,North,Completed,,2026-09-20,2026-09-20
O103875,2026-09-17,SKU-B2,Supplier B,North,Completed,,2026-09-19,2026-09-27
O103876,2026-09-17,SKU-C1,Supplier C,West,Completed,,2026-09-19,2026-09-20
O103877,2026-09-17,SKU-A1,Supplier A,South,Completed,,2026-09-21,2026-09-21
O103878,2026-09-17,SKU-A2,Supplier A,East,Completed,,2026-09-20,2026-09-21
O103879,2026-09-17,SKU-C1,Supplier C,West,Completed,,2026-09-19,2026-09-20
O103880,2026-09-17,SKU-A2,Supplier A,West,Completed,,2026-09-19,2026-09-19
O103881,2026-09-17,SKU-B2,Supplier B,East,Cancelled,2026-09-18,2026-09-21,
O103882,2026-09-17,SKU-C2,Supplier C,South,Completed,,2026-09-19,2026-09-21
O103883,2026-09-18,SKU-A2,Supplier A,West,Completed,,2026-09-21,2026-09-21
O103884,2026-09-18,SKU-C2,Supplier C,North,Completed,,2026-09-21,2026-09-21
O103885,2026-09-18,SKU-A2,Supplier A,South,Completed,,2026-09-22,2026-09-22
O103886,2026-09-18,SKU-C2,Supplier C,South,Completed,,2026-09-22,2026-09-23
O103887,2026-09-18,SKU-B2,Supplier B,East,Completed,,2026-09-20,2026-09-27
O103888,2026-09-18,SKU-A2,Supplier A,West,Completed,,2026-09-20,2026-09-22
O103889,2026-09-18,SKU-C1,Supplier C,South,Completed,,2026-09-20,2026-09-20
O103890,2026-09-18,SKU-C1,Supplier C,South,Completed,,2026-09-21,2026-09-22
O103891,2026-09-18,SKU-C2,Supplier C,South,Completed,,2026-09-20,2026-09-20
O103892,2026-09-18,SKU-C2,Supplier C,West,Cancelled,2026-09-21,2026-09-21,
O103893,2026-09-18,SKU-B2,Supplier B,North,Completed,,2026-09-21,2026-09-28
O103894,2026-09-18,SKU-A2,Supplier A,North,Completed,,2026-09-20,2026-09-20
O103895,2026-09-18,SKU-C1,Supplier C,North,Completed,,2026-09-22,2026-09-24
O103896,2026-09-18,SKU-A2,Supplier A,West,Completed,,2026-09-21,2026-09-22
O103897,2026-09-18,SKU-A2,Supplier A,North,Completed,,2026-09-22,2026-09-23
O103898,2026-09-18,SKU-A2,Supplier A,North,Completed,,2026-09-21,2026-09-23
O103899,2026-09-18,SKU-B2,Supplier B,North,Completed,,2026-09-20,2026-09-25
O103900,2026-09-18,SKU-C1,Supplier C,North,Completed,,2026-09-21,2026-09-23
O103901,2026-09-18,SKU-B2,Supplier B,South,Completed,,2026-09-21,2026-09-27
O103902,2026-09-18,SKU-B1,Supplier B,East,Cancelled,2026-09-21,2026-09-20,
O103903,2026-09-18,SKU-B2,Supplier B,North,Completed,,2026-09-21,2026-09-29
O103904,2026-09-18,SKU-B2,Supplier B,East,Cancelled,2026-09-19,2026-09-22,
O103905,2026-09-18,SKU-A2,Supplier A,South,Cancelled,2026-09-21,2026-09-20,
O103906,2026-09-18,SKU-B1,Supplier B,West,Cancelled,2026-09-21,2026-09-22,
O103907,2026-09-18,SKU-C1,Supplier C,North,Completed,,2026-09-22,2026-09-24
O103908,2026-09-18,SKU-B1,Supplier B,West,Completed,,2026-09-20,2026-09-25
O103909,2026-09-18,SKU-C1,Supplier C,West,Cancelled,2026-09-21,2026-09-20,
O103910,2026-09-18,SKU-C1,Supplier C,North,Completed,,2026-09-20,2026-09-21
O103911,2026-09-18,SKU-B2,Supplier B,North,Completed,,2026-09-21,2026-09-25
O103912,2026-09-18,SKU-A2,Supplier A,West,Completed,,2026-09-21,2026-09-22
O103913,2026-09-18,SKU-B1,Supplier B,East,Cancelled,2026-09-19,2026-09-22,
O103914,2026-09-18,SKU-C2,Supplier C,North,Completed,,2026-09-21,2026-09-22
O103915,2026-09-18,SKU-A2,Supplier A,North,Completed,,2026-09-21,2026-09-23
O103916,2026-09-18,SKU-C1,Supplier C,East,Completed,,2026-09-22,2026-09-24
O103917,2026-09-18,SKU-A2,Supplier A,North,Completed,,2026-09-22,2026-09-22
O103918,2026-09-18,SKU-A1,Supplier A,North,Completed,,2026-09-20,2026-09-20
O103919,2026-09-18,SKU-C1,Supplier C,South,Completed,,2026-09-20,2026-09-21
O103920,2026-09-18,SKU-C2,Supplier C,South,Completed,,2026-09-21,2026-09-23
O103921,2026-09-18,SKU-A1,Supplier A,West,Completed,,2026-09-20,2026-09-21
O103922,2026-09-18,SKU-A2,Supplier A,South,Completed,,2026-09-20,2026-09-22
O103923,2026-09-18,SKU-A1,Supplier A,North,Completed,,2026-09-21,2026-09-23
O103924,2026-09-18,SKU-C1,Supplier C,West,Completed,,2026-09-21,2026-09-22
O103925,2026-09-18,SKU-C1,Supplier C,North,Completed,,2026-09-21,2026-09-23
O103926,2026-09-18,SKU-B1,Supplier B,West,Completed,,2026-09-21,2026-09-25
O103927,2026-09-18,SKU-B1,Supplier B,West,Completed,,2026-09-22,2026-09-27
O103928,2026-09-18,SKU-A1,Supplier A,East,Completed,,2026-09-21,2026-09-21
O103929,2026-09-18,SKU-C2,Supplier C,East,Completed,,2026-09-20,2026-09-22
O103930,2026-09-18,SKU-B2,Supplier B,North,Completed,,2026-09-20,2026-09-26
O103931,2026-09-18,SKU-A2,Supplier A,West,Cancelled,2026-09-19,2026-09-22,
O103932,2026-09-18,SKU-A1,Supplier A,South,Cancelled,2026-09-21,2026-09-21,
O103933,2026-09-18,SKU-C2,Supplier C,West,Completed,,2026-09-21,2026-09-22
O103934,2026-09-18,SKU-A2,Supplier A,West,Cancelled,2026-09-20,2026-09-22,
O103935,2026-09-18,SKU-B2,Supplier B,South,Cancelled,2026-09-20,2026-09-21,
O103936,2026-09-18,SKU-A1,Supplier A,South,Completed,,2026-09-22,2026-09-23
O103937,2026-09-18,SKU-B2,Supplier B,East,Completed,,2026-09-20,2026-09-25
O103938,2026-09-18,SKU-A2,Supplier A,South,Completed,,2026-09-20,2026-09-22
O103939,2026-09-18,SKU-B2,Supplier B,East,Completed,,2026-09-21,2026-09-26
O103940,2026-09-18,SKU-A2,Supplier A,South,Completed,,2026-09-20,2026-09-21
O103941,2026-09-18,SKU-B2,Supplier B,East,Completed,,2026-09-21,2026-09-25
O103942,2026-09-18,SKU-B2,Supplier B,East,Cancelled,2026-09-19,2026-09-21,
O103943,2026-09-18,SKU-A2,Supplier A,North,Completed,,2026-09-21,2026-09-21
O103944,2026-09-18,SKU-C1,Supplier C,East,Completed,,2026-09-22,2026-09-24
O103945,2026-09-18,SKU-A2,Supplier A,North,Completed,,2026-09-21,2026-09-21
O103946,2026-09-18,SKU-A2,Supplier A,West,Completed,,2026-09-20,2026-09-20
O103947,2026-09-18,SKU-C1,Supplier C,West,Completed,,2026-09-22,2026-09-23
O103948,2026-09-18,SKU-C1,Supplier C,East,Completed,,2026-09-20,2026-09-20
O103949,2026-09-18,SKU-C1,Supplier C,North,Completed,,2026-09-21,2026-09-21
O103950,2026-09-18,SKU-B2,Supplier B,South,Completed,,2026-09-22,2026-09-27
O103951,2026-09-18,SKU-B2,Supplier B,North,Cancelled,2026-09-21,2026-09-22,
O103952,2026-09-18,SKU-B1,Supplier B,East,Cancelled,2026-09-21,2026-09-22,
O103953,2026-09-18,SKU-C1,Supplier C,East,Completed,,2026-09-20,2026-09-20
O103954,2026-09-18,SKU-C2,Supplier C,North,Completed,,2026-09-20,2026-09-22
O103955,2026-09-18,SKU-B2,Supplier B,East,Completed,,2026-09-22,2026-09-30
O103956,2026-09-18,SKU-C1,Supplier C,South,Completed,,2026-09-20,2026-09-21
O103957,2026-09-18,SKU-B2,Supplier B,North,Completed,,2026-09-21,2026-09-27
O103958,2026-09-18,SKU-B1,Supplier B,South,Cancelled,2026-09-21,2026-09-22,
O103959,2026-09-18,SKU-A2,Supplier A,East,Completed,,2026-09-22,2026-09-24
O103960,2026-09-18,SKU-B2,Supplier B,East,Completed,,2026-09-21,2026-09-26
O103961,2026-09-18,SKU-A1,Supplier A,South,Completed,,2026-09-22,2026-09-24
O103962,2026-09-18,SKU-A1,Supplier A,North,Completed,,2026-09-22,2026-09-24
O103963,2026-09-19,SKU-B2,Supplier B,West,Cancelled,2026-09-21,2026-09-23,
O103964,2026-09-19,SKU-B1,Supplier B,East,Completed,,2026-09-23,2026-10-01
O103965,2026-09-19,SKU-A1,Supplier A,North,Completed,,2026-09-21,2026-09-21
O103966,2026-09-19,SKU-B1,Supplier B,East,Completed,,2026-09-22,2026-09-26
O103967,2026-09-19,SKU-B1,Supplier B,West,Cancelled,2026-09-21,2026-09-23,
O103968,2026-09-19,SKU-A1,Supplier A,North,Completed,,2026-09-23,2026-09-23
O103969,2026-09-19,SKU-C1,Supplier C,South,Completed,,2026-09-21,2026-09-22
O103970,2026-09-19,SKU-A2,Supplier A,South,Completed,,2026-09-22,2026-09-22
O103971,2026-09-19,SKU-C2,Supplier C,West,Completed,,2026-09-23,2026-09-23
O103972,2026-09-19,SKU-A1,Supplier A,South,Completed,,2026-09-23,2026-09-23
O103973,2026-09-19,SKU-C2,Supplier C,East,Completed,,2026-09-22,2026-09-22
O103974,2026-09-19,SKU-C2,Supplier C,West,Completed,,2026-09-22,2026-09-23
O103975,2026-09-19,SKU-A2,Supplier A,North,Completed,,2026-09-23,2026-09-24
O103976,2026-09-19,SKU-A2,Supplier A,South,Completed,,2026-09-23,2026-09-25
O103977,2026-09-19,SKU-C1,Supplier C,South,Completed,,2026-09-22,2026-09-24
O103978,2026-09-19,SKU-A1,Supplier A,South,Completed,,2026-09-22,2026-09-22
O103979,2026-09-19,SKU-B1,Supplier B,North,Completed,,2026-09-21,2026-09-27
O103980,2026-09-19,SKU-A1,Supplier A,North,Completed,,2026-09-21,2026-09-23
O103981,2026-09-19,SKU-B2,Supplier B,North,Cancelled,2026-09-21,2026-09-21,
O103982,2026-09-19,SKU-A2,Supplier A,West,Completed,,2026-09-22,2026-09-23
O103983,2026-09-19,SKU-B2,Supplier B,South,Cancelled,2026-09-20,2026-09-22,
O103984,2026-09-19,SKU-B2,Supplier B,North,Cancelled,2026-09-21,2026-09-23,
O103985,2026-09-19,SKU-B1,Supplier B,South,Cancelled,2026-09-22,2026-09-22,
O103986,2026-09-19,SKU-B2,Supplier B,West,Cancelled,2026-09-22,2026-09-21,
O103987,2026-09-19,SKU-C1,Supplier C,South,Cancelled,2026-09-22,2026-09-21,
O103988,2026-09-19,SKU-A2,Supplier A,West,Completed,,2026-09-21,2026-09-23
O103989,2026-09-19,SKU-A2,Supplier A,West,Completed,,2026-09-21,2026-09-22
O103990,2026-09-19,SKU-C1,Supplier C,South,Completed,,2026-09-23,2026-09-23
O103991,2026-09-19,SKU-C1,Supplier C,East,Cancelled,2026-09-21,2026-09-23,
O103992,2026-09-19,SKU-A2,Supplier A,North,Completed,,2026-09-23,2026-09-23
O103993,2026-09-19,SKU-B1,Supplier B,South,Completed,,2026-09-21,2026-09-27
O103994,2026-09-19,SKU-A1,Supplier A,South,Completed,,2026-09-23,2026-09-24
O103995,2026-09-19,SKU-C1,Supplier C,North,Completed,,2026-09-22,2026-09-22
O103996,2026-09-19,SKU-C1,Supplier C,East,Completed,,2026-09-23,2026-09-23
O103997,2026-09-19,SKU-B2,Supplier B,East,Completed,,2026-09-23,2026-09-28
O103998,2026-09-19,SKU-B1,Supplier B,West,Completed,,2026-09-22,2026-09-26
O103999,2026-09-19,SKU-A2,Supplier A,South,Completed,,2026-09-23,2026-09-24
O104000,2026-09-19,SKU-C2,Supplier C,North,Completed,,2026-09-21,2026-09-21
O104001,2026-09-19,SKU-B2,Supplier B,East,Cancelled,2026-09-20,2026-09-22,
O104002,2026-09-19,SKU-C1,Supplier C,East,Completed,,2026-09-23,2026-09-24
O104003,2026-09-19,SKU-C1,Supplier C,North,Completed,,2026-09-21,2026-09-21
O104004,2026-09-19,SKU-A2,Supplier A,South,Cancelled,2026-09-21,2026-09-22,
O104005,2026-09-19,SKU-B1,Supplier B,South,Cancelled,2026-09-20,2026-09-22,
O104006,2026-09-19,SKU-B2,Supplier B,East,Completed,,2026-09-21,2026-09-26
O104007,2026-09-19,SKU-A1,Supplier A,West,Completed,,2026-09-22,2026-09-24
O104008,2026-09-19,SKU-B2,Supplier B,East,Cancelled,2026-09-20,2026-09-22,
O104009,2026-09-19,SKU-B2,Supplier B,South,Cancelled,2026-09-22,2026-09-22,
O104010,2026-09-19,SKU-C2,Supplier C,North,Completed,,2026-09-22,2026-09-24
O104011,2026-09-19,SKU-B1,Supplier B,West,Cancelled,2026-09-20,2026-09-21,
O104012,2026-09-19,SKU-B2,Supplier B,South,Cancelled,2026-09-21,2026-09-22,
O104013,2026-09-19,SKU-C1,Supplier C,North,Completed,,2026-09-22,2026-09-23
O104014,2026-09-19,SKU-B2,Supplier B,East,Completed,,2026-09-22,2026-09-28
O104015,2026-09-19,SKU-A1,Supplier A,West,Completed,,2026-09-22,2026-09-22
O104016,2026-09-19,SKU-B2,Supplier B,East,Completed,,2026-09-21,2026-09-25
O104017,2026-09-19,SKU-A2,Supplier A,North,Completed,,2026-09-22,2026-09-24
O104018,2026-09-19,SKU-C1,Supplier C,East,Cancelled,2026-09-21,2026-09-23,
O104019,2026-09-19,SKU-A1,Supplier A,North,Completed,,2026-09-22,2026-09-24
O104020,2026-09-19,SKU-C1,Supplier C,West,Completed,,2026-09-22,2026-09-23
O104021,2026-09-19,SKU-B2,Supplier B,North,Cancelled,2026-09-21,2026-09-22,
O104022,2026-09-19,SKU-A1,Supplier A,West,Cancelled,2026-09-21,2026-09-22,
O104023,2026-09-19,SKU-B2,Supplier B,West,Cancelled,2026-09-21,2026-09-23,
O104024,2026-09-19,SKU-A1,Supplier A,North,Completed,,2026-09-21,2026-09-22
O104025,2026-09-19,SKU-C2,Supplier C,South,Completed,,2026-09-22,2026-09-22
O104026,2026-09-19,SKU-C2,Supplier C,North,Completed,,2026-09-23,2026-09-24
O104027,2026-09-19,SKU-B2,Supplier B,West,Completed,,2026-09-21,2026-09-28
O104028,2026-09-19,SKU-A1,Supplier A,West,Completed,,2026-09-21,2026-09-22
O104029,2026-09-19,SKU-A2,Supplier A,South,Completed,,2026-09-21,2026-09-22
O104030,2026-09-19,SKU-A1,Supplier A,West,Completed,,2026-09-23,2026-09-24
O104031,2026-09-19,SKU-C2,Supplier C,South,Completed,,2026-09-22,2026-09-24
O104032,2026-09-19,SKU-C1,Supplier C,West,Completed,,2026-09-22,2026-09-23
O104033,2026-09-20,SKU-C2,Supplier C,South,Completed,,2026-09-22,2026-09-23
O104034,2026-09-20,SKU-A1,Supplier A,East,Completed,,2026-09-23,2026-09-25
O104035,2026-09-20,SKU-B2,Supplier B,North,Cancelled,2026-09-23,2026-09-22,
O104036,2026-09-20,SKU-C2,Supplier C,West,Completed,,2026-09-24,2026-09-24
O104037,2026-09-20,SKU-B1,Supplier B,North,Completed,,2026-09-22,2026-09-30
O104038,2026-09-20,SKU-C2,Supplier C,South,Completed,,2026-09-23,2026-09-23
O104039,2026-09-20,SKU-C2,Supplier C,South,Completed,,2026-09-24,2026-09-26
O104040,2026-09-20,SKU-C1,Supplier C,South,Completed,,2026-09-23,2026-09-24
O104041,2026-09-20,SKU-A1,Supplier A,North,Completed,,2026-09-23,2026-09-24
O104042,2026-09-20,SKU-C2,Supplier C,East,Completed,,2026-09-24,2026-09-26
O104043,2026-09-20,SKU-C2,Supplier C,East,Completed,,2026-09-22,2026-09-23
O104044,2026-09-20,SKU-B2,Supplier B,South,Completed,,2026-09-24,2026-10-01
O104045,2026-09-20,SKU-A2,Supplier A,West,Completed,,2026-09-22,2026-09-24
O104046,2026-09-20,SKU-C2,Supplier C,West,Completed,,2026-09-22,2026-09-22
O104047,2026-09-20,SKU-A2,Supplier A,North,Completed,,2026-09-22,2026-09-24
O104048,2026-09-20,SKU-B2,Supplier B,South,Cancelled,2026-09-23,2026-09-22,
O104049,2026-09-20,SKU-C2,Supplier C,South,Completed,,2026-09-22,2026-09-22
O104050,2026-09-20,SKU-C1,Supplier C,North,Cancelled,2026-09-21,2026-09-23,
O104051,2026-09-20,SKU-B1,Supplier B,East,Completed,,2026-09-22,2026-09-30
O104052,2026-09-20,SKU-B1,Supplier B,North,Completed,,2026-09-22,2026-09-30
O104053,2026-09-20,SKU-B2,Supplier B,East,Cancelled,2026-09-21,2026-09-24,
O104054,2026-09-20,SKU-B2,Supplier B,West,Cancelled,2026-09-21,2026-09-24,
O104055,2026-09-20,SKU-B2,Supplier B,East,Cancelled,2026-09-22,2026-09-24,
O104056,2026-09-20,SKU-B2,Supplier B,South,Completed,,2026-09-22,2026-09-27
O104057,2026-09-20,SKU-B2,Supplier B,East,Cancelled,2026-09-23,2026-09-24,
O104058,2026-09-20,SKU-B1,Supplier B,West,Completed,,2026-09-24,2026-10-02
O104059,2026-09-20,SKU-A1,Supplier A,West,Completed,,2026-09-23,2026-09-24
O104060,2026-09-20,SKU-C1,Supplier C,West,Completed,,2026-09-23,2026-09-24
O104061,2026-09-20,SKU-A2,Supplier A,East,Completed,,2026-09-24,2026-09-24
O104062,2026-09-20,SKU-B1,Supplier B,North,Cancelled,2026-09-22,2026-09-24,
O104063,2026-09-20,SKU-C1,Supplier C,East,Completed,,2026-09-23,2026-09-25
O104064,2026-09-20,SKU-C1,Supplier C,North,Completed,,2026-09-22,2026-09-24
O104065,2026-09-20,SKU-C1,Supplier C,South,Completed,,2026-09-22,2026-09-23
O104066,2026-09-20,SKU-C2,Supplier C,South,Completed,,2026-09-23,2026-09-23
O104067,2026-09-20,SKU-A1,Supplier A,East,Completed,,2026-09-22,2026-09-23
O104068,2026-09-20,SKU-C2,Supplier C,East,Completed,,2026-09-22,2026-09-23
O104069,2026-09-20,SKU-C2,Supplier C,East,Completed,,2026-09-23,2026-09-24
O104070,2026-09-20,SKU-B2,Supplier B,West,Completed,,2026-09-23,2026-10-01
O104071,2026-09-20,SKU-C2,Supplier C,South,Completed,,2026-09-22,2026-09-22
O104072,2026-09-20,SKU-A1,Supplier A,North,Completed,,2026-09-24,2026-09-26
O104073,2026-09-20,SKU-C1,Supplier C,South,Completed,,2026-09-22,2026-09-22
O104074,2026-09-20,SKU-C1,Supplier C,East,Completed,,2026-09-22,2026-09-22
O104075,2026-09-20,SKU-A1,Supplier A,East,Completed,,2026-09-22,2026-09-22
O104076,2026-09-20,SKU-A1,Supplier A,South,Completed,,2026-09-23,2026-09-23
O104077,2026-09-20,SKU-A2,Supplier A,West,Completed,,2026-09-23,2026-09-23
O104078,2026-09-20,SKU-C2,Supplier C,South,Completed,,2026-09-22,2026-09-22
O104079,2026-09-20,SKU-A2,Supplier A,South,Completed,,2026-09-24,2026-09-26
O104080,2026-09-20,SKU-A2,Supplier A,West,Completed,,2026-09-24,2026-09-24
O104081,2026-09-20,SKU-B2,Supplier B,South,Completed,,2026-09-24,2026-09-29
O104082,2026-09-20,SKU-A2,Supplier A,East,Completed,,2026-09-23,2026-09-24
O104083,2026-09-20,SKU-A1,Supplier A,East,Completed,,2026-09-23,2026-09-25
O104084,2026-09-20,SKU-C1,Supplier C,North,Completed,,2026-09-24,2026-09-26
O104085,2026-09-20,SKU-A1,Supplier A,West,Completed,,2026-09-23,2026-09-25
O104086,2026-09-20,SKU-C1,Supplier C,West,Completed,,2026-09-23,2026-09-23
O104087,2026-09-20,SKU-C1,Supplier C,South,Completed,,2026-09-22,2026-09-24
O104088,2026-09-20,SKU-C2,Supplier C,South,Completed,,2026-09-22,2026-09-24
O104089,2026-09-20,SKU-B1,Supplier B,North,Cancelled,2026-09-21,2026-09-22,
O104090,2026-09-20,SKU-B2,Supplier B,East,Cancelled,2026-09-21,2026-09-22,
O104091,2026-09-20,SKU-A1,Supplier A,East,Completed,,2026-09-22,2026-09-24
O104092,2026-09-20,SKU-A1,Supplier A,West,Completed,,2026-09-23,2026-09-25
O104093,2026-09-20,SKU-C2,Supplier C,North,Completed,,2026-09-22,2026-09-23
O104094,2026-09-20,SKU-C1,Supplier C,East,Completed,,2026-09-22,2026-09-22
O104095,2026-09-20,SKU-C2,Supplier C,South,Completed,,2026-09-22,2026-09-23
O104096,2026-09-20,SKU-A2,Supplier A,West,Completed,,2026-09-24,2026-09-25
O104097,2026-09-20,SKU-C2,Supplier C,North,Cancelled,2026-09-22,2026-09-24,
O104098,2026-09-20,SKU-A1,Supplier A,South,Completed,,2026-09-24,2026-09-26
O104099,2026-09-20,SKU-B2,Supplier B,East,Completed,,2026-09-23,2026-09-30
O104100,2026-09-20,SKU-C2,Supplier C,North,Completed,,2026-09-24,2026-09-24
O104101,2026-09-20,SKU-C1,Supplier C,South,Completed,,2026-09-24,2026-09-26
O104102,2026-09-20,SKU-A1,Supplier A,East,Completed,,2026-09-22,2026-09-22
O104103,2026-09-21,SKU-A2,Supplier A,North,Completed,,2026-09-24,2026-09-26
O104104,2026-09-21,SKU-C2,Supplier C,East,Completed,,2026-09-24,2026-09-26
O104105,2026-09-21,SKU-A2,Supplier A,East,Completed,,2026-09-25,2026-09-27
O104106,2026-09-21,SKU-B2,Supplier B,South,Completed,,2026-09-24,2026-10-01
O104107,2026-09-21,SKU-B1,Supplier B,South,Completed,,2026-09-23,2026-09-28
O104108,2026-09-21,SKU-A1,Supplier A,North,Completed,,2026-09-23,2026-09-25
O104109,2026-09-21,SKU-A2,Supplier A,North,Completed,,2026-09-23,2026-09-25
O104110,2026-09-21,SKU-A2,Supplier A,West,Completed,,2026-09-23,2026-09-24
O104111,2026-09-21,SKU-C2,Supplier C,West,Completed,,2026-09-25,2026-09-26
O104112,2026-09-21,SKU-B1,Supplier B,West,Completed,,2026-09-23,2026-09-28
O104113,2026-09-21,SKU-B1,Supplier B,North,Cancelled,2026-09-24,2026-09-25,
O104114,2026-09-21,SKU-A2,Supplier A,East,Completed,,2026-09-23,2026-09-24
O104115,2026-09-21,SKU-B2,Supplier B,West,Completed,,2026-09-25,2026-09-30
O104116,2026-09-21,SKU-A2,Supplier A,West,Completed,,2026-09-23,2026-09-23
O104117,2026-09-21,SKU-A2,Supplier A,North,Cancelled,2026-09-24,2026-09-23,
O104118,2026-09-21,SKU-C2,Supplier C,North,Completed,,2026-09-25,2026-09-26
O104119,2026-09-21,SKU-B2,Supplier B,South,Cancelled,2026-09-24,2026-09-24,
O104120,2026-09-21,SKU-A1,Supplier A,South,Completed,,2026-09-24,2026-09-24
O104121,2026-09-21,SKU-A2,Supplier A,South,Completed,,2026-09-25,2026-09-27
O104122,2026-09-21,SKU-A1,Supplier A,South,Completed,,2026-09-25,2026-09-25
O104123,2026-09-21,SKU-B1,Supplier B,East,Cancelled,2026-09-22,2026-09-25,
O104124,2026-09-21,SKU-B2,Supplier B,South,Cancelled,2026-09-23,2026-09-24,
O104125,2026-09-21,SKU-C1,Supplier C,North,Completed,,2026-09-24,2026-09-24
O104126,2026-09-21,SKU-B2,Supplier B,West,Completed,,2026-09-23,2026-09-27
O104127,2026-09-21,SKU-A1,Supplier A,East,Completed,,2026-09-24,2026-09-26
O104128,2026-09-21,SKU-C1,Supplier C,North,Completed,,2026-09-24,2026-09-26
O104129,2026-09-21,SKU-C2,Supplier C,West,Completed,,2026-09-24,2026-09-24
O104130,2026-09-21,SKU-A2,Supplier A,South,Completed,,2026-09-24,2026-09-25
O104131,2026-09-21,SKU-B2,Supplier B,West,Cancelled,2026-09-23,2026-09-24,
O104132,2026-09-21,SKU-C2,Supplier C,West,Completed,,2026-09-25,2026-09-26
O104133,2026-09-21,SKU-B2,Supplier B,South,Completed,,2026-09-24,2026-09-30
O104134,2026-09-21,SKU-C2,Supplier C,North,Completed,,2026-09-24,2026-09-26
O104135,2026-09-21,SKU-C2,Supplier C,South,Completed,,2026-09-23,2026-09-24
O104136,2026-09-21,SKU-B1,Supplier B,East,Completed,,2026-09-23,2026-09-27
O104137,2026-09-21,SKU-A2,Supplier A,East,Completed,,2026-09-24,2026-09-26
O104138,2026-09-21,SKU-A1,Supplier A,North,Completed,,2026-09-23,2026-09-23
O104139,2026-09-21,SKU-B1,Supplier B,South,Completed,,2026-09-23,2026-09-27
O104140,2026-09-21,SKU-B2,Supplier B,West,Completed,,2026-09-24,2026-09-30
O104141,2026-09-21,SKU-A1,Supplier A,East,Completed,,2026-09-24,2026-09-25
O104142,2026-09-21,SKU-C2,Supplier C,East,Completed,,2026-09-25,2026-09-27
O104143,2026-09-21,SKU-C1,Supplier C,North,Completed,,2026-09-23,2026-09-23
O104144,2026-09-21,SKU-C1,Supplier C,East,Completed,,2026-09-23,2026-09-23
O104145,2026-09-21,SKU-C2,Supplier C,North,Completed,,2026-09-23,2026-09-24
O104146,2026-09-21,SKU-B2,Supplier B,West,Completed,,2026-09-25,2026-10-03
O104147,2026-09-21,SKU-C1,Supplier C,West,Completed,,2026-09-24,2026-09-24
O104148,2026-09-21,SKU-C1,Supplier C,East,Completed,,2026-09-24,2026-09-25
O104149,2026-09-21,SKU-A1,Supplier A,South,Completed,,2026-09-23,2026-09-24
O104150,2026-09-21,SKU-A2,Supplier A,North,Completed,,2026-09-24,2026-09-25
O104151,2026-09-21,SKU-B1,Supplier B,West,Completed,,2026-09-23,2026-09-29
O104152,2026-09-21,SKU-B1,Supplier B,North,Completed,,2026-09-23,2026-09-29
O104153,2026-09-21,SKU-A2,Supplier A,North,Completed,,2026-09-23,2026-09-24
O104154,2026-09-21,SKU-B1,Supplier B,East,Completed,,2026-09-23,2026-09-28
O104155,2026-09-21,SKU-B2,Supplier B,North,Completed,,2026-09-23,2026-09-27
O104156,2026-09-21,SKU-B2,Supplier B,West,Cancelled,2026-09-23,2026-09-23,
O104157,2026-09-21,SKU-A2,Supplier A,South,Completed,,2026-09-25,2026-09-27
O104158,2026-09-21,SKU-C1,Supplier C,East,Completed,,2026-09-25,2026-09-27
O104159,2026-09-21,SKU-C1,Supplier C,South,Completed,,2026-09-24,2026-09-25
O104160,2026-09-21,SKU-A1,Supplier A,West,Completed,,2026-09-24,2026-09-25
O104161,2026-09-21,SKU-B1,Supplier B,East,Completed,,2026-09-24,2026-10-01
O104162,2026-09-21,SKU-C1,Supplier C,South,Completed,,2026-09-23,2026-09-25
O104163,2026-09-21,SKU-A2,Supplier A,East,Completed,,2026-09-23,2026-09-23
O104164,2026-09-21,SKU-A1,Supplier A,East,Cancelled,2026-09-22,2026-09-23,
O104165,2026-09-21,SKU-C2,Supplier C,West,Completed,,2026-09-23,2026-09-25
O104166,2026-09-21,SKU-C1,Supplier C,North,Completed,,2026-09-23,2026-09-23
O104167,2026-09-21,SKU-C1,Supplier C,West,Completed,,2026-09-24,2026-09-24
O104168,2026-09-21,SKU-B2,Supplier B,West,Cancelled,2026-09-24,2026-09-25,
O104169,2026-09-21,SKU-C2,Supplier C,East,Completed,,2026-09-24,2026-09-24
O104170,2026-09-21,SKU-A2,Supplier A,East,Completed,,2026-09-24,2026-09-26
O104171,2026-09-21,SKU-A2,Supplier A,North,Completed,,2026-09-24,2026-09-26
O104172,2026-09-21,SKU-B2,Supplier B,South,Completed,,2026-09-25,2026-10-03
O104173,2026-09-21,SKU-C1,Supplier C,South,Completed,,2026-09-24,2026-09-24
O104174,2026-09-21,SKU-B2,Supplier B,South,Cancelled,2026-09-24,2026-09-24,
O104175,2026-09-21,SKU-C2,Supplier C,South,Cancelled,2026-09-22,2026-09-23,
O104176,2026-09-21,SKU-B1,Supplier B,South,Cancelled,2026-09-22,2026-09-23,
O104177,2026-09-21,SKU-A2,Supplier A,West,Completed,,2026-09-24,2026-09-25
O104178,2026-09-21,SKU-A1,Supplier A,East,Completed,,2026-09-25,2026-09-26
O104179,2026-09-21,SKU-C2,Supplier C,South,Completed,,2026-09-25,2026-09-27
O104180,2026-09-21,SKU-C2,Supplier C,West,Cancelled,2026-09-23,2026-09-23,
O104181,2026-09-21,SKU-B2,Supplier B,West,Cancelled,2026-09-24,2026-09-25,
O104182,2026-09-21,SKU-B1,Supplier B,South,Completed,,2026-09-23,2026-10-01
O104183,2026-09-21,SKU-A2,Supplier A,North,Cancelled,2026-09-24,2026-09-25,
O104184,2026-09-21,SKU-A1,Supplier A,East,Completed,,2026-09-24,2026-09-24
O104185,2026-09-21,SKU-C1,Supplier C,East,Completed,,2026-09-23,2026-09-24
O104186,2026-09-21,SKU-A2,Supplier A,South,Completed,,2026-09-24,2026-09-24
O104187,2026-09-22,SKU-C1,Supplier C,East,Completed,,2026-09-26,2026-09-26
O104188,2026-09-22,SKU-A2,Supplier A,East,Completed,,2026-09-25,2026-09-25
O104189,2026-09-22,SKU-A1,Supplier A,North,Completed,,2026-09-25,2026-09-27
O104190,2026-09-22,SKU-A1,Supplier A,North,Completed,,2026-09-25,2026-09-25
O104191,2026-09-22,SKU-B2,Supplier B,West,Completed,,2026-09-26,2026-09-30
O104192,2026-09-22,SKU-B2,Supplier B,North,Cancelled,2026-09-24,2026-09-25,
O104193,2026-09-22,SKU-C1,Supplier C,West,Completed,,2026-09-26,2026-09-28
O104194,2026-09-22,SKU-A1,Supplier A,East,Completed,,2026-09-26,2026-09-28
O104195,2026-09-22,SKU-A1,Supplier A,West,Cancelled,2026-09-23,2026-09-25,
O104196,2026-09-22,SKU-B2,Supplier B,South,Completed,,2026-09-26,2026-10-01
O104197,2026-09-22,SKU-B2,Supplier B,South,Cancelled,2026-09-23,2026-09-25,
O104198,2026-09-22,SKU-C1,Supplier C,North,Completed,,2026-09-26,2026-09-28
O104199,2026-09-22,SKU-B1,Supplier B,South,Cancelled,2026-09-24,2026-09-26,
O104200,2026-09-22,SKU-B2,Supplier B,North,Cancelled,2026-09-25,2026-09-24,
O104201,2026-09-22,SKU-A2,Supplier A,North,Completed,,2026-09-25,2026-09-27
O104202,2026-09-22,SKU-B1,Supplier B,South,Completed,,2026-09-24,2026-10-02
O104203,2026-09-22,SKU-A2,Supplier A,West,Completed,,2026-09-26,2026-09-28
O104204,2026-09-22,SKU-B1,Supplier B,North,Completed,,2026-09-24,2026-09-29
O104205,2026-09-22,SKU-C1,Supplier C,West,Cancelled,2026-09-23,2026-09-26,
O104206,2026-09-22,SKU-C2,Supplier C,East,Completed,,2026-09-25,2026-09-25
O104207,2026-09-22,SKU-B1,Supplier B,North,Completed,,2026-09-26,2026-09-30
O104208,2026-09-22,SKU-A1,Supplier A,North,Completed,,2026-09-25,2026-09-26
O104209,2026-09-22,SKU-A2,Supplier A,North,Completed,,2026-09-24,2026-09-25
O104210,2026-09-22,SKU-A1,Supplier A,North,Completed,,2026-09-24,2026-09-24
O104211,2026-09-22,SKU-B2,Supplier B,North,Completed,,2026-09-26,2026-09-30
O104212,2026-09-22,SKU-C2,Supplier C,West,Completed,,2026-09-25,2026-09-27
O104213,2026-09-22,SKU-B2,Supplier B,North,Cancelled,2026-09-23,2026-09-25,
O104214,2026-09-22,SKU-A2,Supplier A,West,Completed,,2026-09-24,2026-09-25
O104215,2026-09-22,SKU-C1,Supplier C,North,Completed,,2026-09-26,2026-09-26
O104216,2026-09-22,SKU-B1,Supplier B,East,Completed,,2026-09-25,2026-09-30
O104217,2026-09-22,SKU-A2,Supplier A,West,Completed,,2026-09-24,2026-09-24
O104218,2026-09-22,SKU-C2,Supplier C,North,Cancelled,2026-09-23,2026-09-24,
O104219,2026-09-22,SKU-C2,Supplier C,West,Cancelled,2026-09-25,2026-09-26,
O104220,2026-09-22,SKU-B2,Supplier B,North,Completed,,2026-09-24,2026-09-30
O104221,2026-09-22,SKU-C2,Supplier C,North,Completed,,2026-09-24,2026-09-26
O104222,2026-09-22,SKU-C1,Supplier C,South,Completed,,2026-09-25,2026-09-25
O104223,2026-09-22,SKU-B2,Supplier B,East,Completed,,2026-09-25,2026-10-03
O104224,2026-09-22,SKU-B1,Supplier B,West,Completed,,2026-09-25,2026-10-02
O104225,2026-09-22,SKU-C1,Supplier C,South,Completed,,2026-09-25,2026-09-26
O104226,2026-09-22,SKU-C1,Supplier C,North,Cancelled,2026-09-24,2026-09-25,
O104227,2026-09-22,SKU-A2,Supplier A,South,Completed,,2026-09-26,2026-09-26
O104228,2026-09-22,SKU-C2,Supplier C,North,Completed,,2026-09-24,2026-09-24
O104229,2026-09-22,SKU-B2,Supplier B,East,Completed,,2026-09-26,2026-10-03
O104230,2026-09-22,SKU-B2,Supplier B,West,Completed,,2026-09-24,2026-09-29
O104231,2026-09-22,SKU-C1,Supplier C,North,Completed,,2026-09-26,2026-09-26
O104232,2026-09-22,SKU-C1,Supplier C,South,Completed,,2026-09-24,2026-09-24
O104233,2026-09-22,SKU-A1,Supplier A,West,Cancelled,2026-09-25,2026-09-25,
O104234,2026-09-22,SKU-A1,Supplier A,East,Completed,,2026-09-25,2026-09-25
O104235,2026-09-22,SKU-B2,Supplier B,West,Cancelled,2026-09-25,2026-09-25,
O104236,2026-09-22,SKU-A1,Supplier A,South,Completed,,2026-09-26,2026-09-26
O104237,2026-09-22,SKU-C2,Supplier C,South,Completed,,2026-09-26,2026-09-28
O104238,2026-09-22,SKU-C2,Supplier C,South,Completed,,2026-09-26,2026-09-28
O104239,2026-09-22,SKU-A2,Supplier A,North,Completed,,2026-09-25,2026-09-27
O104240,2026-09-22,SKU-A1,Supplier A,South,Completed,,2026-09-24,2026-09-24
O104241,2026-09-22,SKU-A1,Supplier A,East,Completed,,2026-09-26,2026-09-26
O104242,2026-09-22,SKU-C1,Supplier C,North,Completed,,2026-09-25,2026-09-27
O104243,2026-09-22,SKU-A1,Supplier A,North,Completed,,2026-09-26,2026-09-27
O104244,2026-09-22,SKU-C2,Supplier C,East,Completed,,2026-09-24,2026-09-26
O104245,2026-09-22,SKU-C2,Supplier C,North,Completed,,2026-09-26,2026-09-26
O104246,2026-09-22,SKU-C2,Supplier C,North,Completed,,2026-09-25,2026-09-25
O104247,2026-09-22,SKU-C1,Supplier C,West,Completed,,2026-09-24,2026-09-24
O104248,2026-09-22,SKU-A2,Supplier A,South,Completed,,2026-09-25,2026-09-25
O104249,2026-09-22,SKU-A2,Supplier A,North,Completed,,2026-09-25,2026-09-27
O104250,2026-09-22,SKU-C1,Supplier C,North,Completed,,2026-09-25,2026-09-25
O104251,2026-09-22,SKU-C2,Supplier C,South,Cancelled,2026-09-25,2026-09-26,
O104252,2026-09-22,SKU-B2,Supplier B,East,Cancelled,2026-09-23,2026-09-25,
O104253,2026-09-22,SKU-C1,Supplier C,East,Completed,,2026-09-24,2026-09-24
O104254,2026-09-22,SKU-C1,Supplier C,North,Completed,,2026-09-24,2026-09-24
O104255,2026-09-22,SKU-A1,Supplier A,North,Completed,,2026-09-25,2026-09-27
O104256,2026-09-22,SKU-A1,Supplier A,East,Completed,,2026-09-25,2026-09-26
O104257,2026-09-23,SKU-A1,Supplier A,South,Completed,,2026-09-27,2026-09-27
O104258,2026-09-23,SKU-A1,Supplier A,West,Completed,,2026-09-26,2026-09-28
O104259,2026-09-23,SKU-B2,Supplier B,South,Completed,,2026-09-26,2026-10-04
O104260,2026-09-23,SKU-B1,Supplier B,North,Cancelled,2026-09-25,2026-09-26,
O104261,2026-09-23,SKU-A2,Supplier A,East,Completed,,2026-09-27,2026-09-29
O104262,2026-09-23,SKU-B2,Supplier B,West,Cancelled,2026-09-26,2026-09-27,
O104263,2026-09-23,SKU-C1,Supplier C,South,Completed,,2026-09-27,2026-09-27
O104264,2026-09-23,SKU-C2,Supplier C,North,Completed,,2026-09-25,2026-09-26
O104265,2026-09-23,SKU-B2,Supplier B,East,Completed,,2026-09-26,2026-10-02
O104266,2026-09-23,SKU-C2,Supplier C,North,Cancelled,2026-09-25,2026-09-26,
O104267,2026-09-23,SKU-B2,Supplier B,North,Completed,,2026-09-27,2026-10-04
O104268,2026-09-23,SKU-A2,Supplier A,South,Completed,,2026-09-26,2026-09-28
O104269,2026-09-23,SKU-B2,Supplier B,East,Cancelled,2026-09-24,2026-09-27,
O104270,2026-09-23,SKU-A2,Supplier A,South,Completed,,2026-09-27,2026-09-28
O104271,2026-09-23,SKU-C1,Supplier C,East,Completed,,2026-09-26,2026-09-26
O104272,2026-09-23,SKU-B2,Supplier B,East,Cancelled,2026-09-26,2026-09-27,
O104273,2026-09-23,SKU-A2,Supplier A,West,Completed,,2026-09-27,2026-09-28
O104274,2026-09-23,SKU-C1,Supplier C,West,Completed,,2026-09-27,2026-09-29
O104275,2026-09-23,SKU-B2,Supplier B,East,Completed,,2026-09-27,2026-10-05
O104276,2026-09-23,SKU-C2,Supplier C,South,Completed,,2026-09-25,2026-09-26
O104277,2026-09-23,SKU-C1,Supplier C,West,Completed,,2026-09-26,2026-09-27
O104278,2026-09-23,SKU-A2,Supplier A,South,Completed,,2026-09-25,2026-09-26
O104279,2026-09-23,SKU-B1,Supplier B,South,Cancelled,2026-09-25,2026-09-26,
O104280,2026-09-23,SKU-B1,Supplier B,East,Cancelled,2026-09-25,2026-09-25,
O104281,2026-09-23,SKU-B1,Supplier B,East,Completed,,2026-09-27,2026-10-01
O104282,2026-09-23,SKU-B1,Supplier B,East,Completed,,2026-09-26,2026-10-04
O104283,2026-09-23,SKU-B1,Supplier B,North,Cancelled,2026-09-25,2026-09-25,
O104284,2026-09-23,SKU-C2,Supplier C,South,Completed,,2026-09-26,2026-09-26
O104285,2026-09-23,SKU-B1,Supplier B,North,Cancelled,2026-09-25,2026-09-25,
O104286,2026-09-23,SKU-C2,Supplier C,East,Completed,,2026-09-27,2026-09-27
O104287,2026-09-23,SKU-B1,Supplier B,West,Completed,,2026-09-26,2026-09-30
O104288,2026-09-23,SKU-A2,Supplier A,East,Completed,,2026-09-25,2026-09-25
O104289,2026-09-23,SKU-C2,Supplier C,East,Completed,,2026-09-25,2026-09-27
O104290,2026-09-23,SKU-C2,Supplier C,South,Completed,,2026-09-27,2026-09-28
O104291,2026-09-23,SKU-B2,Supplier B,North,Completed,,2026-09-27,2026-10-05
O104292,2026-09-23,SKU-C1,Supplier C,East,Completed,,2026-09-27,2026-09-27
O104293,2026-09-23,SKU-A2,Supplier A,East,Completed,,2026-09-27,2026-09-27
O104294,2026-09-23,SKU-C1,Supplier C,East,Completed,,2026-09-25,2026-09-27
O104295,2026-09-23,SKU-A2,Supplier A,West,Completed,,2026-09-25,2026-09-27
O104296,2026-09-23,SKU-C2,Supplier C,South,Completed,,2026-09-27,2026-09-29
O104297,2026-09-23,SKU-A1,Supplier A,East,Completed,,2026-09-27,2026-09-29
O104298,2026-09-23,SKU-B2,Supplier B,East,Completed,,2026-09-25,2026-09-30
O104299,2026-09-23,SKU-B1,Supplier B,West,Completed,,2026-09-26,2026-10-04
O104300,2026-09-23,SKU-C1,Supplier C,East,Completed,,2026-09-25,2026-09-27
O104301,2026-09-23,SKU-C2,Supplier C,South,Completed,,2026-09-26,2026-09-28
O104302,2026-09-23,SKU-C1,Supplier C,North,Completed,,2026-09-25,2026-09-27
O104303,2026-09-23,SKU-B2,Supplier B,East,Completed,,2026-09-26,2026-10-01
O104304,2026-09-23,SKU-C1,Supplier C,South,Completed,,2026-09-25,2026-09-25
O104305,2026-09-23,SKU-C1,Supplier C,South,Completed,,2026-09-27,2026-09-29
O104306,2026-09-23,SKU-A1,Supplier A,West,Completed,,2026-09-26,2026-09-27
O104307,2026-09-23,SKU-B1,Supplier B,West,Completed,,2026-09-27,2026-10-05
O104308,2026-09-23,SKU-C1,Supplier C,North,Cancelled,2026-09-24,2026-09-27,
O104309,2026-09-23,SKU-B2,Supplier B,South,Completed,,2026-09-26,2026-10-03
O104310,2026-09-23,SKU-A1,Supplier A,North,Completed,,2026-09-27,2026-09-29
O104311,2026-09-23,SKU-C2,Supplier C,North,Completed,,2026-09-25,2026-09-26
O104312,2026-09-23,SKU-A2,Supplier A,East,Completed,,2026-09-26,2026-09-27
O104313,2026-09-23,SKU-C2,Supplier C,East,Completed,,2026-09-27,2026-09-27
O104314,2026-09-23,SKU-A1,Supplier A,North,Completed,,2026-09-26,2026-09-26
O104315,2026-09-23,SKU-A1,Supplier A,North,Completed,,2026-09-25,2026-09-26
O104316,2026-09-23,SKU-B1,Supplier B,West,Cancelled,2026-09-25,2026-09-25,
O104317,2026-09-23,SKU-B2,Supplier B,South,Completed,,2026-09-25,2026-09-29
O104318,2026-09-23,SKU-C2,Supplier C,South,Cancelled,2026-09-24,2026-09-26,
O104319,2026-09-23,SKU-B2,Supplier B,North,Cancelled,2026-09-25,2026-09-27,
O104320,2026-09-23,SKU-B1,Supplier B,South,Completed,,2026-09-26,2026-09-30
O104321,2026-09-23,SKU-A2,Supplier A,West,Completed,,2026-09-27,2026-09-28
O104322,2026-09-23,SKU-B1,Supplier B,South,Cancelled,2026-09-26,2026-09-25,
O104323,2026-09-23,SKU-A2,Supplier A,North,Completed,,2026-09-26,2026-09-27
O104324,2026-09-23,SKU-C1,Supplier C,South,Completed,,2026-09-27,2026-09-29
O104325,2026-09-23,SKU-C2,Supplier C,North,Completed,,2026-09-25,2026-09-25
O104326,2026-09-23,SKU-B2,Supplier B,West,Completed,,2026-09-25,2026-09-29
O104327,2026-09-23,SKU-C1,Supplier C,North,Completed,,2026-09-26,2026-09-28
O104328,2026-09-24,SKU-C1,Supplier C,East,Completed,,2026-09-28,2026-09-28
O104329,2026-09-24,SKU-B1,Supplier B,East,Cancelled,2026-09-26,2026-09-26,
O104330,2026-09-24,SKU-C2,Supplier C,East,Completed,,2026-09-26,2026-09-27
O104331,2026-09-24,SKU-B2,Supplier B,North,Completed,,2026-09-28,2026-10-06
O104332,2026-09-24,SKU-B2,Supplier B,East,Completed,,2026-09-26,2026-10-02
O104333,2026-09-24,SKU-B1,Supplier B,West,Completed,,2026-09-26,2026-10-02
O104334,2026-09-24,SKU-A2,Supplier A,North,Completed,,2026-09-28,2026-09-30
O104335,2026-09-24,SKU-B2,Supplier B,North,Completed,,2026-09-27,2026-10-01
O104336,2026-09-24,SKU-A1,Supplier A,North,Completed,,2026-09-28,2026-09-28
O104337,2026-09-24,SKU-A2,Supplier A,East,Completed,,2026-09-28,2026-09-30
O104338,2026-09-24,SKU-C1,Supplier C,North,Completed,,2026-09-28,2026-09-30
O104339,2026-09-24,SKU-B1,Supplier B,West,Completed,,2026-09-28,2026-10-05
O104340,2026-09-24,SKU-B1,Supplier B,West,Completed,,2026-09-26,2026-10-03
O104341,2026-09-24,SKU-C1,Supplier C,South,Completed,,2026-09-28,2026-09-30
O104342,2026-09-24,SKU-A2,Supplier A,West,Cancelled,2026-09-25,2026-09-28,
O104343,2026-09-24,SKU-C1,Supplier C,South,Completed,,2026-09-26,2026-09-26
O104344,2026-09-24,SKU-B1,Supplier B,South,Cancelled,2026-09-25,2026-09-28,
O104345,2026-09-24,SKU-A1,Supplier A,West,Completed,,2026-09-28,2026-09-29
O104346,2026-09-24,SKU-A2,Supplier A,West,Completed,,2026-09-28,2026-09-28
O104347,2026-09-24,SKU-B2,Supplier B,West,Completed,,2026-09-27,2026-10-01
O104348,2026-09-24,SKU-A1,Supplier A,East,Completed,,2026-09-27,2026-09-29
O104349,2026-09-24,SKU-C2,Supplier C,South,Completed,,2026-09-26,2026-09-28
O104350,2026-09-24,SKU-B2,Supplier B,West,Completed,,2026-09-27,2026-10-05
O104351,2026-09-24,SKU-B1,Supplier B,North,Completed,,2026-09-28,2026-10-05
O104352,2026-09-24,SKU-C1,Supplier C,West,Completed,,2026-09-26,2026-09-28
O104353,2026-09-24,SKU-A2,Supplier A,North,Completed,,2026-09-27,2026-09-29
O104354,2026-09-24,SKU-A2,Supplier A,East,Completed,,2026-09-27,2026-09-27
O104355,2026-09-24,SKU-C2,Supplier C,North,Completed,,2026-09-28,2026-09-29
O104356,2026-09-24,SKU-B1,Supplier B,East,Cancelled,2026-09-25,2026-09-26,
O104357,2026-09-24,SKU-C2,Supplier C,East,Completed,,2026-09-28,2026-09-29
O104358,2026-09-24,SKU-B2,Supplier B,South,Completed,,2026-09-27,2026-10-05
O104359,2026-09-24,SKU-C1,Supplier C,North,Completed,,2026-09-26,2026-09-26
O104360,2026-09-24,SKU-B1,Supplier B,South,Completed,,2026-09-26,2026-10-02
O104361,2026-09-24,SKU-A2,Supplier A,North,Completed,,2026-09-28,2026-09-29
O104362,2026-09-24,SKU-B1,Supplier B,East,Cancelled,2026-09-25,2026-09-27,
O104363,2026-09-24,SKU-A1,Supplier A,North,Completed,,2026-09-27,2026-09-29
O104364,2026-09-24,SKU-B2,Supplier B,West,Completed,,2026-09-27,2026-10-02
O104365,2026-09-24,SKU-A1,Supplier A,East,Completed,,2026-09-27,2026-09-27
O104366,2026-09-24,SKU-C1,Supplier C,South,Completed,,2026-09-28,2026-09-28
O104367,2026-09-24,SKU-C1,Supplier C,West,Completed,,2026-09-26,2026-09-26
O104368,2026-09-24,SKU-B2,Supplier B,North,Completed,,2026-09-27,2026-10-05
O104369,2026-09-24,SKU-B2,Supplier B,East,Completed,,2026-09-26,2026-10-04
O104370,2026-09-24,SKU-C1,Supplier C,East,Completed,,2026-09-28,2026-09-28
O104371,2026-09-24,SKU-A1,Supplier A,South,Completed,,2026-09-28,2026-09-29
O104372,2026-09-24,SKU-C1,Supplier C,North,Completed,,2026-09-28,2026-09-28
O104373,2026-09-24,SKU-C1,Supplier C,West,Completed,,2026-09-28,2026-09-28
O104374,2026-09-24,SKU-B1,Supplier B,North,Completed,,2026-09-28,2026-10-06
O104375,2026-09-24,SKU-A1,Supplier A,North,Completed,,2026-09-28,2026-09-29
O104376,2026-09-24,SKU-B1,Supplier B,South,Completed,,2026-09-26,2026-10-02
O104377,2026-09-24,SKU-A1,Supplier A,West,Completed,,2026-09-27,2026-09-29
O104378,2026-09-24,SKU-A1,Supplier A,North,Completed,,2026-09-28,2026-09-28
O104379,2026-09-24,SKU-A2,Supplier A,East,Completed,,2026-09-26,2026-09-26
O104380,2026-09-24,SKU-B1,Supplier B,East,Completed,,2026-09-28,2026-10-04
O104381,2026-09-24,SKU-C2,Supplier C,East,Cancelled,2026-09-26,2026-09-26,
O104382,2026-09-24,SKU-B2,Supplier B,North,Cancelled,2026-09-26,2026-09-28,
O104383,2026-09-24,SKU-A1,Supplier A,West,Completed,,2026-09-28,2026-09-30
O104384,2026-09-24,SKU-C2,Supplier C,West,Completed,,2026-09-28,2026-09-30
O104385,2026-09-24,SKU-A2,Supplier A,East,Completed,,2026-09-26,2026-09-26
O104386,2026-09-24,SKU-A1,Supplier A,North,Completed,,2026-09-28,2026-09-28
O104387,2026-09-24,SKU-B1,Supplier B,South,Completed,,2026-09-27,2026-10-01
O104388,2026-09-24,SKU-C2,Supplier C,South,Completed,,2026-09-27,2026-09-27
O104389,2026-09-24,SKU-C2,Supplier C,South,Completed,,2026-09-28,2026-09-29
O104390,2026-09-24,SKU-A2,Supplier A,South,Completed,,2026-09-28,2026-09-29
O104391,2026-09-24,SKU-C1,Supplier C,South,Completed,,2026-09-27,2026-09-29
O104392,2026-09-24,SKU-C1,Supplier C,North,Completed,,2026-09-27,2026-09-29
O104393,2026-09-24,SKU-B2,Supplier B,North,Cancelled,2026-09-26,2026-09-28,
O104394,2026-09-24,SKU-A2,Supplier A,South,Completed,,2026-09-28,2026-09-30
O104395,2026-09-24,SKU-B2,Supplier B,East,Completed,,2026-09-26,2026-09-30
O104396,2026-09-24,SKU-A1,Supplier A,North,Completed,,2026-09-27,2026-09-29
O104397,2026-09-24,SKU-B1,Supplier B,West,Completed,,2026-09-27,2026-10-05
O104398,2026-09-24,SKU-A2,Supplier A,North,Completed,,2026-09-26,2026-09-28
O104399,2026-09-24,SKU-A2,Supplier A,West,Completed,,2026-09-28,2026-09-30
O104400,2026-09-24,SKU-B1,Supplier B,South,Cancelled,2026-09-26,2026-09-26,
O104401,2026-09-24,SKU-A1,Supplier A,North,Cancelled,2026-09-26,2026-09-27,
O104402,2026-09-24,SKU-A1,Supplier A,East,Completed,,2026-09-28,2026-09-30
O104403,2026-09-24,SKU-A2,Supplier A,South,Completed,,2026-09-26,2026-09-27
O104404,2026-09-24,SKU-C2,Supplier C,South,Completed,,2026-09-27,2026-09-27
O104405,2026-09-24,SKU-B1,Supplier B,West,Cancelled,2026-09-26,2026-09-28,
O104406,2026-09-24,SKU-B2,Supplier B,North,Completed,,2026-09-27,2026-10-03
O104407,2026-09-24,SKU-A1,Supplier A,South,Completed,,2026-09-28,2026-09-30
O104408,2026-09-25,SKU-A2,Supplier A,West,Cancelled,2026-09-27,2026-09-28,
O104409,2026-09-25,SKU-C2,Supplier C,South,Completed,,2026-09-28,2026-09-29
O104410,2026-09-25,SKU-A2,Supplier A,West,Cancelled,2026-09-27,2026-09-27,
O104411,2026-09-25,SKU-B2,Supplier B,North,Cancelled,2026-09-28,2026-09-27,
O104412,2026-09-25,SKU-A2,Supplier A,East,Completed,,2026-09-27,2026-09-27
O104413,2026-09-25,SKU-B2,Supplier B,West,Completed,,2026-09-27,2026-10-05
O104414,2026-09-25,SKU-C2,Supplier C,South,Completed,,2026-09-28,2026-09-28
O104415,2026-09-25,SKU-B1,Supplier B,North,Completed,,2026-09-29,2026-10-06
O104416,2026-09-25,SKU-C2,Supplier C,North,Completed,,2026-09-28,2026-09-29
O104417,2026-09-25,SKU-B2,Supplier B,South,Completed,,2026-09-28,2026-10-05
O104418,2026-09-25,SKU-C2,Supplier C,East,Completed,,2026-09-29,2026-09-30
O104419,2026-09-25,SKU-C1,Supplier C,South,Completed,,2026-09-28,2026-09-28
O104420,2026-09-25,SKU-B2,Supplier B,North,Completed,,2026-09-28,2026-10-05
O104421,2026-09-25,SKU-A1,Supplier A,South,Completed,,2026-09-28,2026-09-28
O104422,2026-09-25,SKU-A1,Supplier A,North,Completed,,2026-09-29,2026-09-30
O104423,2026-09-25,SKU-A2,Supplier A,North,Completed,,2026-09-27,2026-09-29
O104424,2026-09-25,SKU-B2,Supplier B,West,Completed,,2026-09-29,2026-10-05
O104425,2026-09-25,SKU-C1,Supplier C,South,Completed,,2026-09-28,2026-09-29
O104426,2026-09-25,SKU-B1,Supplier B,West,Cancelled,2026-09-27,2026-09-28,
O104427,2026-09-25,SKU-A1,Supplier A,South,Completed,,2026-09-27,2026-09-28
O104428,2026-09-25,SKU-A2,Supplier A,West,Completed,,2026-09-27,2026-09-28
O104429,2026-09-25,SKU-C1,Supplier C,West,Completed,,2026-09-27,2026-09-28
O104430,2026-09-25,SKU-B1,Supplier B,West,Completed,,2026-09-29,2026-10-05
O104431,2026-09-25,SKU-B1,Supplier B,South,Completed,,2026-09-28,2026-10-06
O104432,2026-09-25,SKU-A1,Supplier A,North,Completed,,2026-09-27,2026-09-27
O104433,2026-09-25,SKU-A2,Supplier A,West,Completed,,2026-09-27,2026-09-28
O104434,2026-09-25,SKU-B2,Supplier B,West,Cancelled,2026-09-28,2026-09-29,
O104435,2026-09-25,SKU-A1,Supplier A,South,Completed,,2026-09-29,2026-10-01
O104436,2026-09-25,SKU-C1,Supplier C,North,Completed,,2026-09-29,2026-09-29
O104437,2026-09-25,SKU-A1,Supplier A,South,Completed,,2026-09-29,2026-10-01
O104438,2026-09-25,SKU-B2,Supplier B,North,Cancelled,2026-09-28,2026-09-28,
O104439,2026-09-25,SKU-A2,Supplier A,North,Completed,,2026-09-28,2026-09-30
O104440,2026-09-25,SKU-B2,Supplier B,West,Cancelled,2026-09-28,2026-09-28,
O104441,2026-09-25,SKU-B1,Supplier B,East,Cancelled,2026-09-28,2026-09-27,
O104442,2026-09-25,SKU-C2,Supplier C,West,Completed,,2026-09-28,2026-09-28
O104443,2026-09-25,SKU-B2,Supplier B,East,Completed,,2026-09-29,2026-10-03
O104444,2026-09-25,SKU-C2,Supplier C,East,Completed,,2026-09-29,2026-09-29
O104445,2026-09-25,SKU-A2,Supplier A,East,Completed,,2026-09-29,2026-10-01
O104446,2026-09-25,SKU-A2,Supplier A,South,Completed,,2026-09-28,2026-09-29
O104447,2026-09-25,SKU-C2,Supplier C,West,Completed,,2026-09-28,2026-09-28
O104448,2026-09-25,SKU-A2,Supplier A,South,Completed,,2026-09-28,2026-09-29
O104449,2026-09-25,SKU-B2,Supplier B,South,Cancelled,2026-09-28,2026-09-27,
O104450,2026-09-25,SKU-B2,Supplier B,East,Cancelled,2026-09-26,2026-09-29,
O104451,2026-09-25,SKU-C1,Supplier C,South,Completed,,2026-09-27,2026-09-28
O104452,2026-09-25,SKU-C2,Supplier C,West,Completed,,2026-09-29,2026-10-01
O104453,2026-09-25,SKU-A1,Supplier A,East,Completed,,2026-09-28,2026-09-28
O104454,2026-09-25,SKU-C2,Supplier C,South,Completed,,2026-09-29,2026-10-01
O104455,2026-09-25,SKU-C1,Supplier C,East,Completed,,2026-09-28,2026-09-29
O104456,2026-09-25,SKU-C2,Supplier C,West,Completed,,2026-09-27,2026-09-27
O104457,2026-09-25,SKU-C1,Supplier C,North,Completed,,2026-09-28,2026-09-28
O104458,2026-09-25,SKU-A1,Supplier A,North,Completed,,2026-09-28,2026-09-28
O104459,2026-09-25,SKU-C1,Supplier C,North,Completed,,2026-09-29,2026-10-01
O104460,2026-09-25,SKU-A2,Supplier A,North,Completed,,2026-09-28,2026-09-29
O104461,2026-09-25,SKU-C2,Supplier C,East,Completed,,2026-09-28,2026-09-30
O104462,2026-09-25,SKU-A1,Supplier A,North,Completed,,2026-09-28,2026-09-30
O104463,2026-09-25,SKU-A2,Supplier A,South,Completed,,2026-09-27,2026-09-28
O104464,2026-09-25,SKU-B1,Supplier B,West,Completed,,2026-09-29,2026-10-03
O104465,2026-09-25,SKU-A1,Supplier A,North,Completed,,2026-09-28,2026-09-30
O104466,2026-09-25,SKU-A1,Supplier A,South,Completed,,2026-09-29,2026-10-01
O104467,2026-09-25,SKU-A1,Supplier A,South,Completed,,2026-09-28,2026-09-30
O104468,2026-09-25,SKU-B2,Supplier B,North,Cancelled,2026-09-28,2026-09-27,
O104469,2026-09-25,SKU-B2,Supplier B,East,Completed,,2026-09-28,2026-10-02
O104470,2026-09-25,SKU-C2,Supplier C,North,Completed,,2026-09-29,2026-10-01
O104471,2026-09-25,SKU-A2,Supplier A,West,Completed,,2026-09-29,2026-09-30
O104472,2026-09-25,SKU-C1,Supplier C,South,Completed,,2026-09-27,2026-09-28
O104473,2026-09-25,SKU-C2,Supplier C,East,Completed,,2026-09-28,2026-09-29
O104474,2026-09-25,SKU-C1,Supplier C,South,Completed,,2026-09-29,2026-09-30
O104475,2026-09-25,SKU-B2,Supplier B,South,Completed,,2026-09-28,2026-10-02
O104476,2026-09-25,SKU-A1,Supplier A,North,Completed,,2026-09-28,2026-09-30
O104477,2026-09-25,SKU-C1,Supplier C,West,Completed,,2026-09-27,2026-09-27
O104478,2026-09-25,SKU-A2,Supplier A,West,Cancelled,2026-09-28,2026-09-27,
O104479,2026-09-25,SKU-B2,Supplier B,North,Cancelled,2026-09-27,2026-09-29,
O104480,2026-09-25,SKU-A2,Supplier A,South,Completed,,2026-09-28,2026-09-28
O104481,2026-09-25,SKU-B2,Supplier B,South,Cancelled,2026-09-26,2026-09-29,
O104482,2026-09-25,SKU-C1,Supplier C,West,Completed,,2026-09-27,2026-09-27
O104483,2026-09-25,SKU-C1,Supplier C,East,Completed,,2026-09-29,2026-09-29
O100158,2026-08-02,SKU-A2,Supplier A,South,Completed,,2026-08-05,2026-08-05
O103972,2026-09-19,SKU-A1,Supplier A,South,Completed,,2026-09-23,2026-09-23
O101019,2026-08-13,SKU-C1,Supplier C,East,Completed,,2026-08-16,2026-08-18
O101118,2026-08-14,SKU-B1,Supplier B,South,Completed,,2026-08-18,2026-08-20
O100732,2026-08-10,SKU-C1,Supplier C,South,Completed,,2026-08-13,2026-08-13
O102678,2026-09-03,SKU-B2,Supplier B,South,Completed,,2026-09-05,2026-09-05
O102360,2026-08-30,SKU-A2,Supplier A,East,Completed,,2026-09-01,2026-09-02
O103890,2026-09-18,SKU-C1,Supplier C,South,Completed,,2026-09-21,2026-09-22
O101039,2026-08-13,SKU-A2,Supplier A,East,Completed,,2026-08-15,2026-08-16
O101435,2026-08-18,SKU-B2,Supplier B,North,Completed,,2026-08-21,2026-08-21
O100799,2026-08-10,SKU-A2,Supplier A,East,Completed,,2026-08-14,2026-08-14
O103232,2026-09-09,SKU-A2,Supplier A,East,Completed,,2026-09-12,2026-09-14
