order_id,date,payment_status
O100001,2026-08-01,Success
O100002,2026-08-01,Success
O100003,2026-08-01,Success
O100004,2026-08-01,Success
O100005,2026-08-01,Success
O100006,2026-08-01,Success
O100007,2026-08-01,Success
O100008,2026-08-01,Success
O100009,2026-08-01,Success
O100010,2026-08-01,Success
O100011,2026-08-01,Success
O100012,2026-08-01,Success
O100013,2026-08-01,Success
O100014,2026-08-01,Success
O100015,2026-08-01,Success
O100016,2026-08-01,Success
O100017,2026-08-01,Success
O100018,2026-08-01,Success
O100019,2026-08-01,Success
O100020,2026-08-01,Success
O100021,2026-08-01,Success
O100022,2026-08-01,Success
O100023,2026-08-01,Success
O100024,2026-08-01,Success
O100025,2026-08-01,Success
O100026,2026-08-01,Success
O100027,2026-08-01,Success
O100028,2026-08-01,Success
O100029,2026-08-01,Success
O100030,2026-08-01,Success
O100031,2026-08-01,Success
O100032,2026-08-01,Success
O100033,2026-08-01,Success
O100034,2026-08-01,Success
O100035,2026-08-01,Success
O100036,2026-08-01,Success
O100037,2026-08-01,Success
O100038,2026-08-01,Success
O100039,2026-08-01,Success
O100040,2026-08-01,Success
O100041,2026-08-01,Success
O100042,2026-08-01,Success
O100043,2026-08-01,Success
O100044,2026-08-01,Success
O100045,2026-08-01,Success
O100046,2026-08-01,Success
O100047,2026-08-01,Success
O100048,2026-08-01,Success
O100049,2026-08-01,Success
O100050,2026-08-01,Success
O100051,2026-08-01,Success
O100052,2026-08-01,Success
O100053,2026-08-01,Success
O100054,2026-08-01,Success
O100055,2026-08-01,Success
O100056,2026-08-01,Success
O100057,2026-08-01,Success
O100058,2026-08-01,Success
O100059,2026-08-01,Success
O100060,2026-08-01,Success
O100061,2026-08-01,Success
O100062,2026-08-01,Success
O100063,2026-08-01,Success
O100064,2026-08-01,Success
O100065,2026-08-01,Success
O100066,2026-08-01,Success
O100067,2026-08-01,Success
O100068,2026-08-01,Success
O100069,2026-08-01,Success
O100070,2026-08-01,Success
O100071,2026-08-01,Success
O100072,2026-08-01,Success
O100073,2026-08-01,Success
O100074,2026-08-01,Success
O100075,2026-08-01,Success
O100076,2026-08-01,Success
O100077,2026-08-01,Success
O100078,2026-08-01,Success
O100079,2026-08-01,Success
O100080,2026-08-01,Success
O100081,2026-08-02,Success
O100082,2026-08-02,Success
O100083,2026-08-02,Success
O100084,2026-08-02,Success
O100085,2026-08-02,Success
O100086,2026-08-02,Success
O100087,2026-08-02,Success
O100088,2026-08-02,Success
O100089,2026-08-02,Success
O100090,2026-08-02,Success
O100091,2026-08-02,Success
O100092,2026-08-02,Success
O100093,2026-08-02,Success
O100094,2026-08-02,Success
O100095,2026-08-02,Success
O100096,2026-08-02,Success
O100097,2026-08-02,Success
O100098,2026-08-02,Success
O100099,2026-08-02,Success
O100100,2026-08-02,Success
O100101,2026-08-02,Success
O100102,2026-08-02,Success
O100103,2026-08-02,Success
O100104,2026-08-02,Success
O100105,2026-08-02,Success
O100106,2026-08-02,Success
O100107,2026-08-02,Success
O100108,2026-08-02,Success
O100109,2026-08-02,Success
O100110,2026-08-02,Success
O100111,2026-08-02,Success
O100112,2026-08-02,Success
O100113,2026-08-02,Success
O100114,2026-08-02,Success
O100115,2026-08-02,Success
O100116,2026-08-02,Failed
O100117,2026-08-02,Success
O100118,2026-08-02,Success
O100119,2026-08-02,Success
O100120,2026-08-02,Success
O100121,2026-08-02,Success
O100122,2026-08-02,Success
O100123,2026-08-02,Success
O100124,2026-08-02,Success
O100125,2026-08-02,Success
O100126,2026-08-02,Success
O100127,2026-08-02,Success
O100128,2026-08-02,Success
O100129,2026-08-02,Success
O100130,2026-08-02,Success
O100131,2026-08-02,Success
O100132,2026-08-02,Success
O100133,2026-08-02,Success
O100134,2026-08-02,Success
O100135,2026-08-02,Success
O100136,2026-08-02,Success
O100137,2026-08-02,Failed
O100138,2026-08-02,Success
O100139,2026-08-02,Success
O100140,2026-08-02,Success
O100141,2026-08-02,Success
O100142,2026-08-02,Success
O100143,2026-08-02,Success
O100144,2026-08-02,Success
O100145,2026-08-02,Success
O100146,2026-08-02,Success
O100147,2026-08-02,Success
O100148,2026-08-02,Success
O100149,2026-08-02,Success
O100150,2026-08-02,Success
O100151,2026-08-02,Success
O100152,2026-08-02,Success
O100153,2026-08-02,Success
O100154,2026-08-02,Success
O100155,2026-08-02,Success
O100156,2026-08-02,Success
O100157,2026-08-02,Success
O100158,2026-08-02,Success
O100159,2026-08-02,Success
O100160,2026-08-02,Success
O100161,2026-08-02,Success
O100162,2026-08-02,Success
O100163,2026-08-02,Success
O100164,2026-08-02,Success
O100165,2026-08-02,Success
O100166,2026-08-02,Success
O100167,2026-08-02,Success
O100168,2026-08-02,Success
O100169,2026-08-02,Success
O100170,2026-08-02,Success
O100171,2026-08-03,Success
O100172,2026-08-03,Success
O100173,2026-08-03,Success
O100174,2026-08-03,Success
O100175,2026-08-03,Success
O100176,2026-08-03,Success
O100177,2026-08-03,Success
O100178,2026-08-03,Success
O100179,2026-08-03,Success
O100180,2026-08-03,Success
O100181,2026-08-03,Success
O100182,2026-08-03,Success
O100183,2026-08-03,Success
O100184,2026-08-03,Success
O100185,2026-08-03,Success
O100186,2026-08-03,Success
O100187,2026-08-03,Success
O100188,2026-08-03,Success
O100189,2026-08-03,Success
O100190,2026-08-03,Success
O100191,2026-08-03,Success
O100192,2026-08-03,Success
O100193,2026-08-03,Success
O100194,2026-08-03,Success
O100195,2026-08-03,Success
O100196,2026-08-03,Success
O100197,2026-08-03,Success
O100198,2026-08-03,Success
O100199,2026-08-03,Success
O100200,2026-08-03,Success
O100201,2026-08-03,Success
O100202,2026-08-03,Success
O100203,2026-08-03,Failed
O100204,2026-08-03,Success
O100205,2026-08-03,Success
O100206,2026-08-03,Success
O100207,2026-08-03,Success
O100208,2026-08-03,Success
O100209,2026-08-03,Success
O100210,2026-08-03,Success
O100211,2026-08-03,Success
O100212,2026-08-03,Success
O100213,2026-08-03,Success
O100214,2026-08-03,Success
O100215,2026-08-03,Success
O100216,2026-08-03,Success
O100217,2026-08-03,Success
O100218,2026-08-03,Success
O100219,2026-08-03,Success
O100220,2026-08-03,Success
O100221,2026-08-03,Success
O100222,2026-08-03,Success
O100223,2026-08-03,Success
O100224,2026-08-03,Success
O100225,2026-08-03,Success
O100226,2026-08-03,Success
O100227,2026-08-03,Success
O100228,2026-08-03,Success
O100229,2026-08-03,Success
O100230,2026-08-03,Success
O100231,2026-08-03,Success
O100232,2026-08-03,Success
O100233,2026-08-03,Success
O100234,2026-08-03,Success
O100235,2026-08-03,Success
O100236,2026-08-03,Success
O100237,2026-08-03,Success
O100238,2026-08-03,Success
O100239,2026-08-03,Success
O100240,2026-08-03,Success
O100241,2026-08-03,Success
O100242,2026-08-03,Success
O100243,2026-08-03,Success
O100244,2026-08-03,Success
O100245,2026-08-04,Success
O100246,2026-08-04,Success
O100247,2026-08-04,Success
O100248,2026-08-04,Success
O100249,2026-08-04,Success
O100250,2026-08-04,Success
O100251,2026-08-04,Success
O100252,2026-08-04,Success
O100253,2026-08-04,Success
O100254,2026-08-04,Success
O100255,2026-08-04,Success
O100256,2026-08-04,Success
O100257,2026-08-04,Success
O100258,2026-08-04,Success
O100259,2026-08-04,Success
O100260,2026-08-04,Success
O100261,2026-08-04,Success
O100262,2026-08-04,Success
O100263,2026-08-04,Success
O100264,2026-08-04,Success
O100265,2026-08-04,Success
O100266,2026-08-04,Success
O100267,2026-08-04,Success
O100268,2026-08-04,Success
O100269,2026-08-04,Success
O100270,2026-08-04,Success
O100271,2026-08-04,Success
O100272,2026-08-04,Success
O100273,2026-08-04,Success
O100274,2026-08-04,Success
O100275,2026-08-04,Success
O100276,2026-08-04,Success
O100277,2026-08-04,Success
O100278,2026-08-04,Success
O100279,2026-08-04,Success
O100280,2026-08-04,Success
O100281,2026-08-04,Success
O100282,2026-08-04,Success
O100283,2026-08-04,Success
O100284,2026-08-04,Success
O100285,2026-08-04,Success
O100286,2026-08-04,Success
O100287,2026-08-04,Success
O100288,2026-08-04,Success
O100289,2026-08-04,Success
O100290,2026-08-04,Success
O100291,2026-08-04,Success
O100292,2026-08-04,Success
O100293,2026-08-04,Success
O100294,2026-08-04,Success
O100295,2026-08-04,Success
O100296,2026-08-04,Success
O100297,2026-08-04,Success
O100298,2026-08-04,Success
O100299,2026-08-04,Success
O100300,2026-08-04,Success
O100301,2026-08-04,Success
O100302,2026-08-04,Success
O100303,2026-08-04,Success
O100304,2026-08-04,Success
O100305,2026-08-04,Success
O100306,2026-08-04,Success
O100307,2026-08-04,Success
O100308,2026-08-04,Success
O100309,2026-08-04,Success
O100310,2026-08-04,Success
O100311,2026-08-04,Success
O100312,2026-08-04,Success
O100313,2026-08-04,Success
O100314,2026-08-04,Success
O100315,2026-08-04,Success
O100316,2026-08-04,Failed
O100317,2026-08-04,Success
O100318,2026-08-04,Success
O100319,2026-08-04,Success
O100320,2026-08-04,Success
O100321,2026-08-04,Success
O100322,2026-08-04,Success
O100323,2026-08-04,Success
O100324,2026-08-04,Success
O100325,2026-08-04,Success
O100326,2026-08-05,Success
O100327,2026-08-05,Success
O100328,2026-08-05,Success
O100329,2026-08-05,Success
O100330,2026-08-05,Success
O100331,2026-08-05,Success
O100332,2026-08-05,Success
O100333,2026-08-05,Success
O100334,2026-08-05,Success
O100335,2026-08-05,Success
O100336,2026-08-05,Success
O100337,2026-08-05,Success
O100338,2026-08-05,Success
O100339,2026-08-05,Success
O100340,2026-08-05,Success
O100341,2026-08-05,Success
O100342,2026-08-05,Success
O100343,2026-08-05,Success
O100344,2026-08-05,Success
O100345,2026-08-05,Success
O100346,2026-08-05,Success
O100347,2026-08-05,Success
O100348,2026-08-05,Success
O100349,2026-08-05,Success
O100350,2026-08-05,Success
O100351,2026-08-05,Success
O100352,2026-08-05,Success
O100353,2026-08-05,Success
O100354,2026-08-05,Success
O100355,2026-08-05,Success
O100356,2026-08-05,Success
O100357,2026-08-05,Success
O100358,2026-08-05,Success
O100359,2026-08-05,Success
O100360,2026-08-05,Success
O100361,2026-08-05,Success
O100362,2026-08-05,Success
O100363,2026-08-05,Success
O100364,2026-08-05,Success
O100365,2026-08-05,Success
O100366,2026-08-05,Success
O100367,2026-08-05,Success
O100368,2026-08-05,Success
O100369,2026-08-05,Success
O100370,2026-08-05,Success
O100371,2026-08-05,Success
O100372,2026-08-05,Success
O100373,2026-08-05,Success
O100374,2026-08-05,Success
O100375,2026-08-05,Success
O100376,2026-08-05,Success
O100377,2026-08-05,Success
O100378,2026-08-05,Success
O100379,2026-08-05,Success
O100380,2026-08-05,Success
O100381,2026-08-05,Success
O100382,2026-08-05,Success
O100383,2026-08-05,Success
O100384,2026-08-05,Success
O100385,2026-08-05,Success
O100386,2026-08-05,Success
O100387,2026-08-05,Success
O100388,2026-08-05,Success
O100389,2026-08-05,Success
O100390,2026-08-05,Success
O100391,2026-08-05,Success
O100392,2026-08-05,Success
O100393,2026-08-05,Success
O100394,2026-08-05,Success
O100395,2026-08-05,Success
O100396,2026-08-05,Success
O100397,2026-08-05,Failed
O100398,2026-08-05,Success
O100399,2026-08-05,Success
O100400,2026-08-05,Success
O100401,2026-08-05,Success
O100402,2026-08-05,Success
O100403,2026-08-05,Success
O100404,2026-08-05,Success
O100405,2026-08-05,Success
O100406,2026-08-05,Success
O100407,2026-08-05,Success
O100408,2026-08-05,Success
O100409,2026-08-05,Success
O100410,2026-08-05,Success
O100411,2026-08-05,Success
O100412,2026-08-05,Success
O100413,2026-08-05,Success
O100414,2026-08-05,Success
O100415,2026-08-05,Success
O100416,2026-08-06,Success
O100417,2026-08-06,Success
O100418,2026-08-06,Success
O100419,2026-08-06,Success
O100420,2026-08-06,Failed
O100421,2026-08-06,Success
O100422,2026-08-06,Success
O100423,2026-08-06,Success
O100424,2026-08-06,Success
O100425,2026-08-06,Success
O100426,2026-08-06,Success
O100427,2026-08-06,Success
O100428,2026-08-06,Success
O100429,2026-08-06,Success
O100430,2026-08-06,Success
O100431,2026-08-06,Success
O100432,2026-08-06,Success
O100433,2026-08-06,Success
O100434,2026-08-06,Success
O100435,2026-08-06,Success
O100436,2026-08-06,Success
O100437,2026-08-06,Success
O100438,2026-08-06,Success
O100439,2026-08-06,Success
O100440,2026-08-06,Success
O100441,2026-08-06,Success
O100442,2026-08-06,Success
O100443,2026-08-06,Success
O100444,2026-08-06,Success
O100445,2026-08-06,Success
O100446,2026-08-06,Success
O100447,2026-08-06,Success
O100448,2026-08-06,Success
O100449,2026-08-06,Success
O100450,2026-08-06,Success
O100451,2026-08-06,Success
O100452,2026-08-06,Success
O100453,2026-08-06,Success
O100454,2026-08-06,Success
O100455,2026-08-06,Success
O100456,2026-08-06,Success
O100457,2026-08-06,Success
O100458,2026-08-06,Success
O100459,2026-08-06,Success
O100460,2026-08-06,Success
O100461,2026-08-06,Success
O100462,2026-08-06,Success
O100463,2026-08-06,Success
O100464,2026-08-06,Success
O100465,2026-08-06,Success
O100466,2026-08-06,Success
O100467,2026-08-06,Success
O100468,2026-08-06,Success
O100469,2026-08-06,Success
O100470,2026-08-06,Success
O100471,2026-08-06,Success
O100472,2026-08-06,Success
O100473,2026-08-06,Success
O100474,2026-08-06,Success
O100475,2026-08-06,Success
O100476,2026-08-06,Success
O100477,2026-08-06,Success
O100478,2026-08-06,Success
O100479,2026-08-06,Success
O100480,2026-08-06,Success
O100481,2026-08-06,Success
O100482,2026-08-06,Success
O100483,2026-08-06,Success
O100484,2026-08-06,Success
O100485,2026-08-06,Success
O100486,2026-08-06,Success
O100487,2026-08-06,Success
O100488,2026-08-06,Success
O100489,2026-08-06,Success
O100490,2026-08-06,Success
O100491,2026-08-06,Success
O100492,2026-08-06,Success
O100493,2026-08-06,Success
O100494,2026-08-06,Success
O100495,2026-08-06,Success
O100496,2026-08-06,Success
O100497,2026-08-06,Success
O100498,2026-08-06,Success
O100499,2026-08-06,Success
O100500,2026-08-06,Success
O100501,2026-08-06,Success
O100502,2026-08-06,Success
O100503,2026-08-06,Success
O100504,2026-08-07,Success
O100505,2026-08-07,Success
O100506,2026-08-07,Success
O100507,2026-08-07,Success
O100508,2026-08-07,Success
O100509,2026-08-07,Success
O100510,2026-08-07,Success
O100511,2026-08-07,Success
O100512,2026-08-07,Success
O100513,2026-08-07,Success
O100514,2026-08-07,Success
O100515,2026-08-07,Success
O100516,2026-08-07,Success
O100517,2026-08-07,Success
O100518,2026-08-07,Success
O100519,2026-08-07,Success
O100520,2026-08-07,Success
O100521,2026-08-07,Success
O100522,2026-08-07,Success
O100523,2026-08-07,Success
O100524,2026-08-07,Success
O100525,2026-08-07,Success
O100526,2026-08-07,Success
O100527,2026-08-07,Success
O100528,2026-08-07,Success
O100529,2026-08-07,Success
O100530,2026-08-07,Success
O100531,2026-08-07,Success
O100532,2026-08-07,Success
O100533,2026-08-07,Success
O100534,2026-08-07,Success
O100535,2026-08-07,Success
O100536,2026-08-07,Success
O100537,2026-08-07,Success
O100538,2026-08-07,Success
O100539,2026-08-07,Success
O100540,2026-08-07,Success
O100541,2026-08-07,Success
O100542,2026-08-07,Success
O100543,2026-08-07,Success
O100544,2026-08-07,Success
O100545,2026-08-07,Success
O100546,2026-08-07,Success
O100547,2026-08-07,Success
O100548,2026-08-07,Success
O100549,2026-08-07,Success
O100550,2026-08-07,Success
O100551,2026-08-07,Success
O100552,2026-08-07,Success
O100553,2026-08-07,Success
O100554,2026-08-07,Success
O100555,2026-08-07,Success
O100556,2026-08-07,Success
O100557,2026-08-07,Success
O100558,2026-08-07,Success
O100559,2026-08-07,Success
O100560,2026-08-07,Failed
O100561,2026-08-07,Success
O100562,2026-08-07,Success
O100563,2026-08-07,Success
O100564,2026-08-07,Success
O100565,2026-08-07,Success
O100566,2026-08-07,Success
O100567,2026-08-07,Success
O100568,2026-08-07,Success
O100569,2026-08-07,Success
O100570,2026-08-07,Success
O100571,2026-08-07,Success
O100572,2026-08-07,Success
O100573,2026-08-07,Success
O100574,2026-08-07,Success
O100575,2026-08-07,Success
O100576,2026-08-07,Success
O100577,2026-08-07,Success
O100578,2026-08-07,Success
O100579,2026-08-07,Success
O100580,2026-08-08,Success
O100581,2026-08-08,Success
O100582,2026-08-08,Success
O100583,2026-08-08,Success
O100584,2026-08-08,Success
O100585,2026-08-08,Success
O100586,2026-08-08,Success
O100587,2026-08-08,Success
O100588,2026-08-08,Success
O100589,2026-08-08,Success
O100590,2026-08-08,Success
O100591,2026-08-08,Success
O100592,2026-08-08,Success
O100593,2026-08-08,Success
O100594,2026-08-08,Success
O100595,2026-08-08,Success
O100596,2026-08-08,Success
O100597,2026-08-08,Success
O100598,2026-08-08,Success
O100599,2026-08-08,Success
O100600,2026-08-08,Success
O100601,2026-08-08,Success
O100602,2026-08-08,Success
O100603,2026-08-08,Success
O100604,2026-08-08,Success
O100605,2026-08-08,Success
O100606,2026-08-08,Success
O100607,2026-08-08,Success
O100608,2026-08-08,Success
O100609,2026-08-08,Success
O100610,2026-08-08,Success
O100611,2026-08-08,Success
O100612,2026-08-08,Success
O100613,2026-08-08,Success
O100614,2026-08-08,Success
O100615,2026-08-08,Success
O100616,2026-08-08,Success
O100617,2026-08-08,Success
O100618,2026-08-08,Success
O100619,2026-08-08,Success
O100620,2026-08-08,Success
O100621,2026-08-08,Success
O100622,2026-08-08,Success
O100623,2026-08-08,Success
O100624,2026-08-08,Success
O100625,2026-08-08,Success
O100626,2026-08-08,Success
O100627,2026-08-08,Success
O100628,2026-08-08,Success
O100629,2026-08-08,Success
O100630,2026-08-08,Success
O100631,2026-08-08,Success
O100632,2026-08-08,Success
O100633,2026-08-08,Success
O100634,2026-08-08,Success
O100635,2026-08-08,Success
O100636,2026-08-08,Success
O100637,2026-08-08,Success
O100638,2026-08-08,Success
O100639,2026-08-08,Success
O100640,2026-08-08,Success
O100641,2026-08-08,Success
O100642,2026-08-08,Success
O100643,2026-08-08,Success
O100644,2026-08-08,Success
O100645,2026-08-08,Success
O100646,2026-08-08,Success
O100647,2026-08-08,Success
O100648,2026-08-08,Success
O100649,2026-08-08,Success
O100650,2026-08-08,Success
O100651,2026-08-08,Success
O100652,2026-08-08,Success
O100653,2026-08-08,Success
O100654,2026-08-08,Success
O100655,2026-08-08,Success
O100656,2026-08-08,Success
O100657,2026-08-08,Success
O100658,2026-08-08,Success
O100659,2026-08-08,Success
O100660,2026-08-08,Success
O100661,2026-08-08,Success
O100662,2026-08-09,Success
O100663,2026-08-09,Success
O100664,2026-08-09,Success
O100665,2026-08-09,Success
O100666,2026-08-09,Success
O100667,2026-08-09,Success
O100668,2026-08-09,Success
O100669,2026-08-09,Success
O100670,2026-08-09,Success
O100671,2026-08-09,Success
O100672,2026-08-09,Success
O100673,2026-08-09,Success
O100674,2026-08-09,Success
O100675,2026-08-09,Success
O100676,2026-08-09,Success
O100677,2026-08-09,Success
O100678,2026-08-09,Success
O100679,2026-08-09,Success
O100680,2026-08-09,Success
O100681,2026-08-09,Success
O100682,2026-08-09,Success
O100683,2026-08-09,Success
O100684,2026-08-09,Success
O100685,2026-08-09,Success
O100686,2026-08-09,Success
O100687,2026-08-09,Success
O100688,2026-08-09,Success
O100689,2026-08-09,Success
O100690,2026-08-09,Success
O100691,2026-08-09,Success
O100692,2026-08-09,Success
O100693,2026-08-09,Success
O100694,2026-08-09,Success
O100695,2026-08-09,Success
O100696,2026-08-09,Success
O100697,2026-08-09,Success
O100698,2026-08-09,Success
O100699,2026-08-09,Success
O100700,2026-08-09,Success
O100701,2026-08-09,Success
O100702,2026-08-09,Success
O100703,2026-08-09,Success
O100704,2026-08-09,Success
O100705,2026-08-09,Success
O100706,2026-08-09,Success
O100707,2026-08-09,Success
O100708,2026-08-09,Success
O100709,2026-08-09,Success
O100710,2026-08-09,Success
O100711,2026-08-09,Success
O100712,2026-08-09,Success
O100713,2026-08-09,Success
O100714,2026-08-09,Success
O100715,2026-08-09,Success
O100716,2026-08-09,Success
O100717,2026-08-09,Success
O100718,2026-08-09,Success
O100719,2026-08-09,Success
O100720,2026-08-09,Success
O100721,2026-08-09,Success
O100722,2026-08-09,Success
O100723,2026-08-09,Success
O100724,2026-08-09,Success
O100725,2026-08-09,Success
O100726,2026-08-09,Success
O100727,2026-08-09,Success
O100728,2026-08-09,Success
O100729,2026-08-09,Success
O100730,2026-08-09,Success
O100731,2026-08-09,Success
O100732,2026-08-10,Success
O100733,2026-08-10,Success
O100734,2026-08-10,Success
O100735,2026-08-10,Success
O100736,2026-08-10,Success
O100737,2026-08-10,Success
O100738,2026-08-10,Success
O100739,2026-08-10,Success
O100740,2026-08-10,Success
O100741,2026-08-10,Success
O100742,2026-08-10,Success
O100743,2026-08-10,Success
O100744,2026-08-10,Success
O100745,2026-08-10,Success
O100746,2026-08-10,Success
O100747,2026-08-10,Success
O100748,2026-08-10,Success
O100749,2026-08-10,Success
O100750,2026-08-10,Success
O100751,2026-08-10,Success
O100752,2026-08-10,Success
O100753,2026-08-10,Success
O100754,2026-08-10,Success
O100755,2026-08-10,Success
O100756,2026-08-10,Success
O100757,2026-08-10,Success
O100758,2026-08-10,Success
O100759,2026-08-10,Success
O100760,2026-08-10,Success
O100761,2026-08-10,Success
O100762,2026-08-10,Success
O100763,2026-08-10,Success
O100764,2026-08-10,Success
O100765,2026-08-10,Success
O100766,2026-08-10,Success
O100767,2026-08-10,Success
O100768,2026-08-10,Success
O100769,2026-08-10,Success
O100770,2026-08-10,Success
O100771,2026-08-10,Success
O100772,2026-08-10,Success
O100773,2026-08-10,Success
O100774,2026-08-10,Success
O100775,2026-08-10,Success
O100776,2026-08-10,Success
O100777,2026-08-10,Success
O100778,2026-08-10,Success
O100779,2026-08-10,Success
O100780,2026-08-10,Success
O100781,2026-08-10,Success
O100782,2026-08-10,Success
O100783,2026-08-10,Failed
O100784,2026-08-10,Success
O100785,2026-08-10,Success
O100786,2026-08-10,Success
O100787,2026-08-10,Success
O100788,2026-08-10,Success
O100789,2026-08-10,Success
O100790,2026-08-10,Success
O100791,2026-08-10,Success
O100792,2026-08-10,Success
O100793,2026-08-10,Success
O100794,2026-08-10,Success
O100795,2026-08-10,Success
O100796,2026-08-10,Success
O100797,2026-08-10,Success
O100798,2026-08-10,Success
O100799,2026-08-10,Success
O100800,2026-08-10,Success
O100801,2026-08-10,Success
O100802,2026-08-10,Success
O100803,2026-08-10,Success
O100804,2026-08-10,Success
O100805,2026-08-10,Success
O100806,2026-08-10,Success
O100807,2026-08-10,Success
O100808,2026-08-11,Success
O100809,2026-08-11,Success
O100810,2026-08-11,Success
O100811,2026-08-11,Success
O100812,2026-08-11,Success
O100813,2026-08-11,Success
O100814,2026-08-11,Success
O100815,2026-08-11,Success
O100816,2026-08-11,Success
O100817,2026-08-11,Success
O100818,2026-08-11,Success
O100819,2026-08-11,Success
O100820,2026-08-11,Success
O100821,2026-08-11,Success
O100822,2026-08-11,Success
O100823,2026-08-11,Success
O100824,2026-08-11,Success
O100825,2026-08-11,Success
O100826,2026-08-11,Success
O100827,2026-08-11,Success
O100828,2026-08-11,Success
O100829,2026-08-11,Success
O100830,2026-08-11,Success
O100831,2026-08-11,Success
O100832,2026-08-11,Success
O100833,2026-08-11,Success
O100834,2026-08-11,Success
O100835,2026-08-11,Success
O100836,2026-08-11,Success
O100837,2026-08-11,Success
O100838,2026-08-11,Success
O100839,2026-08-11,Success
O100840,2026-08-11,Success
O100841,2026-08-11,Success
O100842,2026-08-11,Success
O100843,2026-08-11,Failed
O100844,2026-08-11,Success
O100845,2026-08-11,Success
O100846,2026-08-11,Success
O100847,2026-08-11,Success
O100848,2026-08-11,Success
O100849,2026-08-11,Success
O100850,2026-08-11,Success
O100851,2026-08-11,Success
O100852,2026-08-11,Success
O100853,2026-08-11,Success
O100854,2026-08-11,Success
O100855,2026-08-11,Success
O100856,2026-08-11,Success
O100857,2026-08-11,Success
O100858,2026-08-11,Success
O100859,2026-08-11,Success
O100860,2026-08-11,Success
O100861,2026-08-11,Success
O100862,2026-08-11,Success
O100863,2026-08-11,Success
O100864,2026-08-11,Success
O100865,2026-08-11,Success
O100866,2026-08-11,Success
O100867,2026-08-11,Success
O100868,2026-08-11,Success
O100869,2026-08-11,Success
O100870,2026-08-11,Success
O100871,2026-08-11,Success
O100872,2026-08-11,Success
O100873,2026-08-11,Success
O100874,2026-08-11,Success
O100875,2026-08-11,Success
O100876,2026-08-11,Success
O100877,2026-08-11,Success
O100878,2026-08-11,Success
O100879,2026-08-11,Success
O100880,2026-08-11,Success
O100881,2026-08-11,Success
O100882,2026-08-11,Success
O100883,2026-08-11,Success
O100884,2026-08-11,Success
O100885,2026-08-11,Success
O100886,2026-08-11,Success
O100887,2026-08-11,Success
O100888,2026-08-11,Success
O100889,2026-08-11,Success
O100890,2026-08-11,Success
O100891,2026-08-11,Success
O100892,2026-08-12,Success
O100893,2026-08-12,Success
O100894,2026-08-12,Success
O100895,2026-08-12,Success
O100896,2026-08-12,Success
O100897,2026-08-12,Success
O100898,2026-08-12,Success
O100899,2026-08-12,Success
O100900,2026-08-12,Success
O100901,2026-08-12,Success
O100902,2026-08-12,Success
O100903,2026-08-12,Success
O100904,2026-08-12,Success
O100905,2026-08-12,Success
O100906,2026-08-12,Success
O100907,2026-08-12,Success
O100908,2026-08-12,Success
O100909,2026-08-12,Success
O100910,2026-08-12,Success
O100911,2026-08-12,Success
O100912,2026-08-12,Success
O100913,2026-08-12,Success
O100914,2026-08-12,Success
O100915,2026-08-12,Success
O100916,2026-08-12,Success
O100917,2026-08-12,Success
O100918,2026-08-12,Success
O100919,2026-08-12,Success
O100920,2026-08-12,Success
O100921,2026-08-12,Success
O100922,2026-08-12,Success
O100923,2026-08-12,Success
O100924,2026-08-12,Success
O100925,2026-08-12,Success
O100926,2026-08-12,Success
O100927,2026-08-12,Success
O100928,2026-08-12,Success
O100929,2026-08-12,Success
O100930,2026-08-12,Success
O100931,2026-08-12,Success
O100932,2026-08-12,Success
O100933,2026-08-12,Success
O100934,2026-08-12,Success
O100935,2026-08-12,Success
O100936,2026-08-12,Success
O100937,2026-08-12,Success
O100938,2026-08-12,Success
O100939,2026-08-12,Success
O100940,2026-08-12,Success
O100941,2026-08-12,Success
O100942,2026-08-12,Success
O100943,2026-08-12,Success
O100944,2026-08-12,Success
O100945,2026-08-12,Success
O100946,2026-08-12,Success
O100947,2026-08-12,Success
O100948,2026-08-12,Success
O100949,2026-08-12,Success
O100950,2026-08-12,Success
O100951,2026-08-12,Success
O100952,2026-08-12,Success
O100953,2026-08-12,Success
O100954,2026-08-12,Success
O100955,2026-08-12,Success
O100956,2026-08-12,Success
O100957,2026-08-12,Success
O100958,2026-08-12,Success
O100959,2026-08-12,Success
O100960,2026-08-12,Success
O100961,2026-08-12,Success
O100962,2026-08-12,Success
O100963,2026-08-12,Success
O100964,2026-08-12,Success
O100965,2026-08-12,Success
O100966,2026-08-12,Success
O100967,2026-08-12,Success
O100968,2026-08-12,Success
O100969,2026-08-12,Success
O100970,2026-08-12,Success
O100971,2026-08-12,Success
O100972,2026-08-12,Success
O100973,2026-08-12,Success
O100974,2026-08-12,Success
O100975,2026-08-12,Success
O100976,2026-08-13,Success
O100977,2026-08-13,Success
O100978,2026-08-13,Success
O100979,2026-08-13,Success
O100980,2026-08-13,Success
O100981,2026-08-13,Success
O100982,2026-08-13,Success
O100983,2026-08-13,Success
O100984,2026-08-13,Success
O100985,2026-08-13,Success
O100986,2026-08-13,Success
O100987,2026-08-13,Success
O100988,2026-08-13,Success
O100989,2026-08-13,Success
O100990,2026-08-13,Success
O100991,2026-08-13,Success
O100992,2026-08-13,Success
O100993,2026-08-13,Success
O100994,2026-08-13,Success
O100995,2026-08-13,Success
O100996,2026-08-13,Success
O100997,2026-08-13,Success
O100998,2026-08-13,Success
O100999,2026-08-13,Success
O101000,2026-08-13,Success
O101001,2026-08-13,Success
O101002,2026-08-13,Success
O101003,2026-08-13,Success
O101004,2026-08-13,Success
O101005,2026-08-13,Success
O101006,2026-08-13,Success
O101007,2026-08-13,Success
O101008,2026-08-13,Success
O101009,2026-08-13,Success
O101010,2026-08-13,Success
O101011,2026-08-13,Success
O101012,2026-08-13,Success
O101013,2026-08-13,Success
O101014,2026-08-13,Success
O101015,2026-08-13,Success
O101016,2026-08-13,Success
O101017,2026-08-13,Success
O101018,2026-08-13,Success
O101019,2026-08-13,Success
O101020,2026-08-13,Success
O101021,2026-08-13,Success
O101022,2026-08-13,Failed
O101023,2026-08-13,Success
O101024,2026-08-13,Success
O101025,2026-08-13,Success
O101026,2026-08-13,Success
O101027,2026-08-13,Success
O101028,2026-08-13,Success
O101029,2026-08-13,Success
O101030,2026-08-13,Success
O101031,2026-08-13,Success
O101032,2026-08-13,Success
O101033,2026-08-13,Success
O101034,2026-08-13,Success
O101035,2026-08-13,Success
O101036,2026-08-13,Success
O101037,2026-08-13,Success
O101038,2026-08-13,Success
O101039,2026-08-13,Success
O101040,2026-08-13,Success
O101041,2026-08-13,Success
O101042,2026-08-13,Success
O101043,2026-08-13,Success
O101044,2026-08-13,Success
O101045,2026-08-13,Success
O101046,2026-08-13,Success
O101047,2026-08-13,Success
O101048,2026-08-13,Success
O101049,2026-08-13,Success
O101050,2026-08-13,Success
O101051,2026-08-13,Success
O101052,2026-08-13,Success
O101053,2026-08-13,Success
O101054,2026-08-13,Success
O101055,2026-08-13,Success
O101056,2026-08-13,Success
O101057,2026-08-13,Success
O101058,2026-08-13,Success
O101059,2026-08-13,Success
O101060,2026-08-13,Success
O101061,2026-08-14,Success
O101062,2026-08-14,Success
O101063,2026-08-14,Success
O101064,2026-08-14,Success
O101065,2026-08-14,Success
O101066,2026-08-14,Success
O101067,2026-08-14,Success
O101068,2026-08-14,Success
O101069,2026-08-14,Success
O101070,2026-08-14,Success
O101071,2026-08-14,Success
O101072,2026-08-14,Failed
O101073,2026-08-14,Success
O101074,2026-08-14,Success
O101075,2026-08-14,Success
O101076,2026-08-14,Success
O101077,2026-08-14,Success
O101078,2026-08-14,Success
O101079,2026-08-14,Success
O101080,2026-08-14,Success
O101081,2026-08-14,Success
O101082,2026-08-14,Success
O101083,2026-08-14,Success
O101084,2026-08-14,Success
O101085,2026-08-14,Success
O101086,2026-08-14,Success
O101087,2026-08-14,Success
O101088,2026-08-14,Success
O101089,2026-08-14,Success
O101090,2026-08-14,Success
O101091,2026-08-14,Success
O101092,2026-08-14,Success
O101093,2026-08-14,Success
O101094,2026-08-14,Success
O101095,2026-08-14,Success
O101096,2026-08-14,Success
O101097,2026-08-14,Success
O101098,2026-08-14,Success
O101099,2026-08-14,Success
O101100,2026-08-14,Success
O101101,2026-08-14,Success
O101102,2026-08-14,Success
O101103,2026-08-14,Success
O101104,2026-08-14,Success
O101105,2026-08-14,Success
O101106,2026-08-14,Success
O101107,2026-08-14,Success
O101108,2026-08-14,Success
O101109,2026-08-14,Success
O101110,2026-08-14,Success
O101111,2026-08-14,Success
O101112,2026-08-14,Success
O101113,2026-08-14,Success
O101114,2026-08-14,Success
O101115,2026-08-14,Success
O101116,2026-08-14,Success
O101117,2026-08-14,Success
O101118,2026-08-14,Failed
O101119,2026-08-14,Success
O101120,2026-08-14,Success
O101121,2026-08-14,Success
O101122,2026-08-14,Success
O101123,2026-08-14,Success
O101124,2026-08-14,Success
O101125,2026-08-14,Success
O101126,2026-08-14,Success
O101127,2026-08-14,Success
O101128,2026-08-14,Success
O101129,2026-08-14,Success
O101130,2026-08-14,Success
O101131,2026-08-14,Success
O101132,2026-08-14,Success
O101133,2026-08-14,Success
O101134,2026-08-14,Success
O101135,2026-08-14,Success
O101136,2026-08-14,Success
O101137,2026-08-14,Success
O101138,2026-08-14,Success
O101139,2026-08-14,Success
O101140,2026-08-14,Success
O101141,2026-08-14,Success
O101142,2026-08-14,Success
O101143,2026-08-14,Success
O101144,2026-08-14,Success
O101145,2026-08-14,Success
O101146,2026-08-14,Success
O101147,2026-08-14,Success
O101148,2026-08-14,Success
O101149,2026-08-14,Success
O101150,2026-08-14,Success
O101151,2026-08-15,Success
O101152,2026-08-15,Success
O101153,2026-08-15,Success
O101154,2026-08-15,Success
O101155,2026-08-15,Success
O101156,2026-08-15,Success
O101157,2026-08-15,Success
O101158,2026-08-15,Success
O101159,2026-08-15,Success
O101160,2026-08-15,Success
O101161,2026-08-15,Success
O101162,2026-08-15,Success
O101163,2026-08-15,Failed
O101164,2026-08-15,Success
O101165,2026-08-15,Success
O101166,2026-08-15,Success
O101167,2026-08-15,Success
O101168,2026-08-15,Success
O101169,2026-08-15,Success
O101170,2026-08-15,Success
O101171,2026-08-15,Success
O101172,2026-08-15,Success
O101173,2026-08-15,Success
O101174,2026-08-15,Success
O101175,2026-08-15,Success
O101176,2026-08-15,Success
O101177,2026-08-15,Success
O101178,2026-08-15,Success
O101179,2026-08-15,Success
O101180,2026-08-15,Success
O101181,2026-08-15,Success
O101182,2026-08-15,Success
O101183,2026-08-15,Success
O101184,2026-08-15,Success
O101185,2026-08-15,Success
O101186,2026-08-15,Success
O101187,2026-08-15,Success
O101188,2026-08-15,Success
O101189,2026-08-15,Success
O101190,2026-08-15,Success
O101191,2026-08-15,Success
O101192,2026-08-15,Success
O101193,2026-08-15,Success
O101194,2026-08-15,Success
O101195,2026-08-15,Success
O101196,2026-08-15,Success
O101197,2026-08-15,Success
O101198,2026-08-15,Success
O101199,2026-08-15,Success
O101200,2026-08-15,Success
O101201,2026-08-15,Success
O101202,2026-08-15,Success
O101203,2026-08-15,Success
O101204,2026-08-15,Success
O101205,2026-08-15,Success
O101206,2026-08-15,Success
O101207,2026-08-15,Success
O101208,2026-08-15,Success
O101209,2026-08-15,Success
O101210,2026-08-15,Success
O101211,2026-08-15,Success
O101212,2026-08-15,Success
O101213,2026-08-15,Success
O101214,2026-08-15,Success
O101215,2026-08-15,Success
O101216,2026-08-15,Success
O101217,2026-08-15,Success
O101218,2026-08-15,Success
O101219,2026-08-15,Success
O101220,2026-08-15,Success
O101221,2026-08-16,Success
O101222,2026-08-16,Success
O101223,2026-08-16,Success
O101224,2026-08-16,Success
O101225,2026-08-16,Success
O101226,2026-08-16,Success
O101227,2026-08-16,Success
O101228,2026-08-16,Success
O101229,2026-08-16,Success
O101230,2026-08-16,Success
O101231,2026-08-16,Success
O101232,2026-08-16,Success
O101233,2026-08-16,Success
O101234,2026-08-16,Success
O101235,2026-08-16,Success
O101236,2026-08-16,Success
O101237,2026-08-16,Success
O101238,2026-08-16,Success
O101239,2026-08-16,Success
O101240,2026-08-16,Success
O101241,2026-08-16,Success
O101242,2026-08-16,Success
O101243,2026-08-16,Success
O101244,2026-08-16,Success
O101245,2026-08-16,Success
O101246,2026-08-16,Success
O101247,2026-08-16,Success
O101248,2026-08-16,Success
O101249,2026-08-16,Success
O101250,2026-08-16,Success
O101251,2026-08-16,Success
O101252,2026-08-16,Success
O101253,2026-08-16,Success
O101254,2026-08-16,Success
O101255,2026-08-16,Success
O101256,2026-08-16,Success
O101257,2026-08-16,Success
O101258,2026-08-16,Success
O101259,2026-08-16,Success
O101260,2026-08-16,Success
O101261,2026-08-16,Success
O101262,2026-08-16,Success
O101263,2026-08-16,Success
O101264,2026-08-16,Success
O101265,2026-08-16,Success
O101266,2026-08-16,Success
O101267,2026-08-16,Success
O101268,2026-08-16,Success
O101269,2026-08-16,Success
O101270,2026-08-16,Success
O101271,2026-08-16,Success
O101272,2026-08-16,Success
O101273,2026-08-16,Success
O101274,2026-08-16,Success
O101275,2026-08-16,Success
O101276,2026-08-16,Success
O101277,2026-08-16,Failed
O101278,2026-08-16,Success
O101279,2026-08-16,Success
O101280,2026-08-16,Success
O101281,2026-08-16,Success
O101282,2026-08-16,Success
O101283,2026-08-16,Success
O101284,2026-08-16,Success
O101285,2026-08-16,Success
O101286,2026-08-16,Success
O101287,2026-08-16,Success
O101288,2026-08-16,Success
O101289,2026-08-16,Success
O101290,2026-08-16,Success
O101291,2026-08-16,Success
O101292,2026-08-16,Success
O101293,2026-08-16,Success
O101294,2026-08-16,Success
O101295,2026-08-16,Success
O101296,2026-08-16,Success
O101297,2026-08-16,Success
O101298,2026-08-16,Success
O101299,2026-08-16,Success
O101300,2026-08-16,Success
O101301,2026-08-16,Success
O101302,2026-08-16,Success
O101303,2026-08-16,Success
O101304,2026-08-16,Success
O101305,2026-08-16,Success
O101306,2026-08-16,Success
O101307,2026-08-17,Success
O101308,2026-08-17,Success
O101309,2026-08-17,Success
O101310,2026-08-17,Success
O101311,2026-08-17,Success
O101312,2026-08-17,Success
O101313,2026-08-17,Success
O101314,2026-08-17,Success
O101315,2026-08-17,Success
O101316,2026-08-17,Success
O101317,2026-08-17,Success
O101318,2026-08-17,Success
O101319,2026-08-17,Success
O101320,2026-08-17,Success
O101321,2026-08-17,Success
O101322,2026-08-17,Success
O101323,2026-08-17,Success
O101324,2026-08-17,Success
O101325,2026-08-17,Success
O101326,2026-08-17,Success
O101327,2026-08-17,Success
O101328,2026-08-17,Success
O101329,2026-08-17,Success
O101330,2026-08-17,Success
O101331,2026-08-17,Success
O101332,2026-08-17,Success
O101333,2026-08-17,Success
O101334,2026-08-17,Success
O101335,2026-08-17,Success
O101336,2026-08-17,Success
O101337,2026-08-17,Success
O101338,2026-08-17,Success
O101339,2026-08-17,Success
O101340,2026-08-17,Success
O101341,2026-08-17,Success
O101342,2026-08-17,Success
O101343,2026-08-17,Success
O101344,2026-08-17,Success
O101345,2026-08-17,Success
O101346,2026-08-17,Success
O101347,2026-08-17,Success
O101348,2026-08-17,Success
O101349,2026-08-17,Success
O101350,2026-08-17,Success
O101351,2026-08-17,Success
O101352,2026-08-17,Success
O101353,2026-08-17,Success
O101354,2026-08-17,Success
O101355,2026-08-17,Success
O101356,2026-08-17,Success
O101357,2026-08-17,Success
O101358,2026-08-17,Success
O101359,2026-08-17,Success
O101360,2026-08-17,Success
O101361,2026-08-17,Success
O101362,2026-08-17,Success
O101363,2026-08-17,Success
O101364,2026-08-17,Success
O101365,2026-08-17,Success
O101366,2026-08-17,Success
O101367,2026-08-17,Success
O101368,2026-08-17,Success
O101369,2026-08-17,Success
O101370,2026-08-17,Success
O101371,2026-08-17,Success
O101372,2026-08-17,Success
O101373,2026-08-17,Success
O101374,2026-08-17,Success
O101375,2026-08-17,Success
O101376,2026-08-17,Success
O101377,2026-08-17,Success
O101378,2026-08-17,Success
O101379,2026-08-17,Success
O101380,2026-08-17,Success
O101381,2026-08-17,Success
O101382,2026-08-17,Success
O101383,2026-08-17,Success
O101384,2026-08-17,Success
O101385,2026-08-17,Success
O101386,2026-08-17,Success
O101387,2026-08-17,Success
O101388,2026-08-17,Success
O101389,2026-08-17,Success
O101390,2026-08-18,Success
O101391,2026-08-18,Success
O101392,2026-08-18,Success
O101393,2026-08-18,Success
O101394,2026-08-18,Success
O101395,2026-08-18,Success
O101396,2026-08-18,Success
O101397,2026-08-18,Success
O101398,2026-08-18,Success
O101399,2026-08-18,Success
O101400,2026-08-18,Success
O101401,2026-08-18,Success
O101402,2026-08-18,Success
O101403,2026-08-18,Success
O101404,2026-08-18,Success
O101405,2026-08-18,Success
O101406,2026-08-18,Success
O101407,2026-08-18,Success
O101408,2026-08-18,Failed
O101409,2026-08-18,Success
O101410,2026-08-18,Success
O101411,2026-08-18,Success
O101412,2026-08-18,Success
O101413,2026-08-18,Success
O101414,2026-08-18,Success
O101415,2026-08-18,Success
O101416,2026-08-18,Success
O101417,2026-08-18,Success
O101418,2026-08-18,Success
O101419,2026-08-18,Success
O101420,2026-08-18,Success
O101421,2026-08-18,Success
O101422,2026-08-18,Success
O101423,2026-08-18,Success
O101424,2026-08-18,Failed
O101425,2026-08-18,Success
O101426,2026-08-18,Success
O101427,2026-08-18,Success
O101428,2026-08-18,Success
O101429,2026-08-18,Success
O101430,2026-08-18,Success
O101431,2026-08-18,Success
O101432,2026-08-18,Success
O101433,2026-08-18,Success
O101434,2026-08-18,Success
O101435,2026-08-18,Success
O101436,2026-08-18,Success
O101437,2026-08-18,Success
O101438,2026-08-18,Success
O101439,2026-08-18,Success
O101440,2026-08-18,Success
O101441,2026-08-18,Success
O101442,2026-08-18,Success
O101443,2026-08-18,Success
O101444,2026-08-18,Success
O101445,2026-08-18,Success
O101446,2026-08-18,Success
O101447,2026-08-18,Success
O101448,2026-08-18,Success
O101449,2026-08-18,Success
O101450,2026-08-18,Success
O101451,2026-08-18,Success
O101452,2026-08-18,Success
O101453,2026-08-18,Success
O101454,2026-08-18,Success
O101455,2026-08-18,Success
O101456,2026-08-18,Success
O101457,2026-08-18,Success
O101458,2026-08-18,Success
O101459,2026-08-18,Success
O101460,2026-08-18,Success
O101461,2026-08-18,Success
O101462,2026-08-18,Success
O101463,2026-08-18,Success
O101464,2026-08-18,Success
O101465,2026-08-18,Success
O101466,2026-08-18,Success
O101467,2026-08-18,Success
O101468,2026-08-18,Success
O101469,2026-08-18,Success
O101470,2026-08-19,Success
O101471,2026-08-19,Success
O101472,2026-08-19,Success
O101473,2026-08-19,Success
O101474,2026-08-19,Success
O101475,2026-08-19,Success
O101476,2026-08-19,Success
O101477,2026-08-19,Success
O101478,2026-08-19,Success
O101479,2026-08-19,Success
O101480,2026-08-19,Success
O101481,2026-08-19,Success
O101482,2026-08-19,Success
O101483,2026-08-19,Success
O101484,2026-08-19,Success
O101485,2026-08-19,Success
O101486,2026-08-19,Success
O101487,2026-08-19,Success
O101488,2026-08-19,Success
O101489,2026-08-19,Success
O101490,2026-08-19,Success
O101491,2026-08-19,Success
O101492,2026-08-19,Success
O101493,2026-08-19,Success
O101494,2026-08-19,Success
O101495,2026-08-19,Success
O101496,2026-08-19,Success
O101497,2026-08-19,Success
O101498,2026-08-19,Success
O101499,2026-08-19,Success
O101500,2026-08-19,Success
O101501,2026-08-19,Success
O101502,2026-08-19,Success
O101503,2026-08-19,Success
O101504,2026-08-19,Success
O101505,2026-08-19,Success
O101506,2026-08-19,Success
O101507,2026-08-19,Success
O101508,2026-08-19,Success
O101509,2026-08-19,Success
O101510,2026-08-19,Success
O101511,2026-08-19,Success
O101512,2026-08-19,Success
O101513,2026-08-19,Success
O101514,2026-08-19,Success
O101515,2026-08-19,Success
O101516,2026-08-19,Success
O101517,2026-08-19,Success
O101518,2026-08-19,Success
O101519,2026-08-19,Success
O101520,2026-08-19,Success
O101521,2026-08-19,Success
O101522,2026-08-19,Success
O101523,2026-08-19,Success
O101524,2026-08-19,Success
O101525,2026-08-19,Success
O101526,2026-08-19,Success
O101527,2026-08-19,Success
O101528,2026-08-19,Success
O101529,2026-08-19,Success
O101530,2026-08-19,Success
O101531,2026-08-19,Success
O101532,2026-08-19,Success
O101533,2026-08-19,Success
O101534,2026-08-19,Success
O101535,2026-08-19,Success
O101536,2026-08-19,Success
O101537,2026-08-19,Success
O101538,2026-08-19,Success
O101539,2026-08-19,Success
O101540,2026-08-19,Success
O101541,2026-08-19,Success
O101542,2026-08-19,Success
O101543,2026-08-19,Success
O101544,2026-08-19,Success
O101545,2026-08-20,Success
O101546,2026-08-20,Success
O101547,2026-08-20,Success
O101548,2026-08-20,Success
O101549,2026-08-20,Success
O101550,2026-08-20,Success
O101551,2026-08-20,Success
O101552,2026-08-20,Success
O101553,2026-08-20,Success
O101554,2026-08-20,Success
O101555,2026-08-20,Success
O101556,2026-08-20,Success
O101557,2026-08-20,Failed
O101558,2026-08-20,Success
O101559,2026-08-20,Success
O101560,2026-08-20,Success
O101561,2026-08-20,Success
O101562,2026-08-20,Success
O101563,2026-08-20,Success
O101564,2026-08-20,Success
O101565,2026-08-20,Success
O101566,2026-08-20,Success
O101567,2026-08-20,Success
O101568,2026-08-20,Success
O101569,2026-08-20,Success
O101570,2026-08-20,Success
O101571,2026-08-20,Success
O101572,2026-08-20,Success
O101573,2026-08-20,Success
O101574,2026-08-20,Success
O101575,2026-08-20,Success
O101576,2026-08-20,Success
O101577,2026-08-20,Success
O101578,2026-08-20,Success
O101579,2026-08-20,Success
O101580,2026-08-20,Success
O101581,2026-08-20,Success
O101582,2026-08-20,Success
O101583,2026-08-20,Success
O101584,2026-08-20,Success
O101585,2026-08-20,Success
O101586,2026-08-20,Success
O101587,2026-08-20,Success
O101588,2026-08-20,Success
O101589,2026-08-20,Success
O101590,2026-08-20,Success
O101591,2026-08-20,Success
O101592,2026-08-20,Success
O101593,2026-08-20,Success
O101594,2026-08-20,Success
O101595,2026-08-20,Success
O101596,2026-08-20,Success
O101597,2026-08-20,Success
O101598,2026-08-20,Success
O101599,2026-08-20,Success
O101600,2026-08-20,Success
O101601,2026-08-20,Success
O101602,2026-08-20,Success
O101603,2026-08-20,Success
O101604,2026-08-20,Success
O101605,2026-08-20,Success
O101606,2026-08-20,Success
O101607,2026-08-20,Success
O101608,2026-08-20,Success
O101609,2026-08-20,Success
O101610,2026-08-20,Success
O101611,2026-08-20,Success
O101612,2026-08-20,Success
O101613,2026-08-20,Success
O101614,2026-08-20,Success
O101615,2026-08-21,Success
O101616,2026-08-21,Success
O101617,2026-08-21,Success
O101618,2026-08-21,Success
O101619,2026-08-21,Success
O101620,2026-08-21,Success
O101621,2026-08-21,Success
O101622,2026-08-21,Success
O101623,2026-08-21,Success
O101624,2026-08-21,Success
O101625,2026-08-21,Success
O101626,2026-08-21,Success
O101627,2026-08-21,Success
O101628,2026-08-21,Success
O101629,2026-08-21,Success
O101630,2026-08-21,Success
O101631,2026-08-21,Success
O101632,2026-08-21,Success
O101633,2026-08-21,Success
O101634,2026-08-21,Success
O101635,2026-08-21,Success
O101636,2026-08-21,Success
O101637,2026-08-21,Success
O101638,2026-08-21,Success
O101639,2026-08-21,Success
O101640,2026-08-21,Success
O101641,2026-08-21,Success
O101642,2026-08-21,Success
O101643,2026-08-21,Success
O101644,2026-08-21,Success
O101645,2026-08-21,Success
O101646,2026-08-21,Success
O101647,2026-08-21,Success
O101648,2026-08-21,Success
O101649,2026-08-21,Success
O101650,2026-08-21,Success
O101651,2026-08-21,Success
O101652,2026-08-21,Success
O101653,2026-08-21,Success
O101654,2026-08-21,Success
O101655,2026-08-21,Success
O101656,2026-08-21,Success
O101657,2026-08-21,Success
O101658,2026-08-21,Failed
O101659,2026-08-21,Success
O101660,2026-08-21,Success
O101661,2026-08-21,Success
O101662,2026-08-21,Success
O101663,2026-08-21,Success
O101664,2026-08-21,Success
O101665,2026-08-21,Success
O101666,2026-08-21,Success
O101667,2026-08-21,Success
O101668,2026-08-21,Success
O101669,2026-08-21,Success
O101670,2026-08-21,Success
O101671,2026-08-21,Success
O101672,2026-08-21,Success
O101673,2026-08-21,Success
O101674,2026-08-21,Success
O101675,2026-08-21,Success
O101676,2026-08-21,Success
O101677,2026-08-21,Failed
O101678,2026-08-21,Success
O101679,2026-08-21,Success
O101680,2026-08-21,Success
O101681,2026-08-21,Success
O101682,2026-08-21,Success
O101683,2026-08-21,Success
O101684,2026-08-21,Success
O101685,2026-08-21,Success
O101686,2026-08-21,Success
O101687,2026-08-21,Success
O101688,2026-08-21,Success
O101689,2026-08-21,Success
O101690,2026-08-21,Success
O101691,2026-08-21,Success
O101692,2026-08-21,Success
O101693,2026-08-21,Success
O101694,2026-08-22,Success
O101695,2026-08-22,Success
O101696,2026-08-22,Success
O101697,2026-08-22,Success
O101698,2026-08-22,Success
O101699,2026-08-22,Success
O101700,2026-08-22,Success
O101701,2026-08-22,Success
O101702,2026-08-22,Success
O101703,2026-08-22,Success
O101704,2026-08-22,Success
O101705,2026-08-22,Success
O101706,2026-08-22,Success
O101707,2026-08-22,Success
O101708,2026-08-22,Success
O101709,2026-08-22,Success
O101710,2026-08-22,Success
O101711,2026-08-22,Success
O101712,2026-08-22,Success
O101713,2026-08-22,Success
O101714,2026-08-22,Success
O101715,2026-08-22,Success
O101716,2026-08-22,Success
O101717,2026-08-22,Success
O101718,2026-08-22,Success
O101719,2026-08-22,Success
O101720,2026-08-22,Success
O101721,2026-08-22,Success
O101722,2026-08-22,Success
O101723,2026-08-22,Success
O101724,2026-08-22,Success
O101725,2026-08-22,Success
O101726,2026-08-22,Success
O101727,2026-08-22,Success
O101728,2026-08-22,Success
O101729,2026-08-22,Success
O101730,2026-08-22,Success
O101731,2026-08-22,Success
O101732,2026-08-22,Success
O101733,2026-08-22,Success
O101734,2026-08-22,Success
O101735,2026-08-22,Success
O101736,2026-08-22,Success
O101737,2026-08-22,Success
O101738,2026-08-22,Success
O101739,2026-08-22,Success
O101740,2026-08-22,Success
O101741,2026-08-22,Success
O101742,2026-08-22,Success
O101743,2026-08-22,Success
O101744,2026-08-22,Success
O101745,2026-08-22,Success
O101746,2026-08-22,Success
O101747,2026-08-22,Success
O101748,2026-08-22,Success
O101749,2026-08-22,Success
O101750,2026-08-22,Success
O101751,2026-08-22,Success
O101752,2026-08-22,Success
O101753,2026-08-22,Success
O101754,2026-08-22,Success
O101755,2026-08-22,Success
O101756,2026-08-22,Success
O101757,2026-08-22,Success
O101758,2026-08-22,Success
O101759,2026-08-22,Success
O101760,2026-08-22,Success
O101761,2026-08-22,Success
O101762,2026-08-22,Success
O101763,2026-08-22,Success
O101764,2026-08-22,Success
O101765,2026-08-22,Success
O101766,2026-08-22,Success
O101767,2026-08-22,Success
O101768,2026-08-22,Success
O101769,2026-08-22,Success
O101770,2026-08-22,Success
O101771,2026-08-22,Success
O101772,2026-08-22,Success
O101773,2026-08-22,Success
O101774,2026-08-22,Success
O101775,2026-08-23,Success
O101776,2026-08-23,Success
O101777,2026-08-23,Success
O101778,2026-08-23,Success
O101779,2026-08-23,Success
O101780,2026-08-23,Success
O101781,2026-08-23,Success
O101782,2026-08-23,Success
O101783,2026-08-23,Success
O101784,2026-08-23,Success
O101785,2026-08-23,Success
O101786,2026-08-23,Success
O101787,2026-08-23,Success
O101788,2026-08-23,Success
O101789,2026-08-23,Success
O101790,2026-08-23,Success
O101791,2026-08-23,Success
O101792,2026-08-23,Success
O101793,2026-08-23,Success
O101794,2026-08-23,Success
O101795,2026-08-23,Success
O101796,2026-08-23,Success
O101797,2026-08-23,Success
O101798,2026-08-23,Success
O101799,2026-08-23,Success
O101800,2026-08-23,Success
O101801,2026-08-23,Success
O101802,2026-08-23,Success
O101803,2026-08-23,Success
O101804,2026-08-23,Success
O101805,2026-08-23,Success
O101806,2026-08-23,Success
O101807,2026-08-23,Success
O101808,2026-08-23,Success
O101809,2026-08-23,Success
O101810,2026-08-23,Success
O101811,2026-08-23,Success
O101812,2026-08-23,Success
O101813,2026-08-23,Success
O101814,2026-08-23,Success
O101815,2026-08-23,Success
O101816,2026-08-23,Success
O101817,2026-08-23,Success
O101818,2026-08-23,Success
O101819,2026-08-23,Success
O101820,2026-08-23,Success
O101821,2026-08-23,Success
O101822,2026-08-23,Success
O101823,2026-08-23,Success
O101824,2026-08-23,Success
O101825,2026-08-23,Success
O101826,2026-08-23,Success
O101827,2026-08-23,Success
O101828,2026-08-23,Success
O101829,2026-08-23,Success
O101830,2026-08-23,Success
O101831,2026-08-23,Success
O101832,2026-08-23,Success
O101833,2026-08-23,Success
O101834,2026-08-23,Success
O101835,2026-08-23,Success
O101836,2026-08-23,Success
O101837,2026-08-23,Success
O101838,2026-08-23,Success
O101839,2026-08-23,Success
O101840,2026-08-23,Success
O101841,2026-08-23,Success
O101842,2026-08-23,Success
O101843,2026-08-23,Success
O101844,2026-08-23,Success
O101845,2026-08-23,Success
O101846,2026-08-23,Success
O101847,2026-08-23,Success
O101848,2026-08-23,Success
O101849,2026-08-23,Success
O101850,2026-08-23,Success
O101851,2026-08-23,Success
O101852,2026-08-23,Success
O101853,2026-08-23,Success
O101854,2026-08-23,Success
O101855,2026-08-23,Success
O101856,2026-08-23,Success
O101857,2026-08-23,Success
O101858,2026-08-23,Success
O101859,2026-08-23,Success
O101860,2026-08-23,Success
O101861,2026-08-23,Success
O101862,2026-08-23,Success
O101863,2026-08-23,Success
O101864,2026-08-23,Success
O101865,2026-08-24,Success
O101866,2026-08-24,Success
O101867,2026-08-24,Success
O101868,2026-08-24,Success
O101869,2026-08-24,Success
O101870,2026-08-24,Success
O101871,2026-08-24,Success
O101872,2026-08-24,Success
O101873,2026-08-24,Success
O101874,2026-08-24,Success
O101875,2026-08-24,Success
O101876,2026-08-24,Success
O101877,2026-08-24,Success
O101878,2026-08-24,Success
O101879,2026-08-24,Success
O101880,2026-08-24,Success
O101881,2026-08-24,Success
O101882,2026-08-24,Success
O101883,2026-08-24,Success
O101884,2026-08-24,Success
O101885,2026-08-24,Success
O101886,2026-08-24,Success
O101887,2026-08-24,Success
O101888,2026-08-24,Success
O101889,2026-08-24,Success
O101890,2026-08-24,Success
O101891,2026-08-24,Success
O101892,2026-08-24,Success
O101893,2026-08-24,Success
O101894,2026-08-24,Success
O101895,2026-08-24,Success
O101896,2026-08-24,Success
O101897,2026-08-24,Success
O101898,2026-08-24,Success
O101899,2026-08-24,Success
O101900,2026-08-24,Success
O101901,2026-08-24,Success
O101902,2026-08-24,Success
O101903,2026-08-24,Success
O101904,2026-08-24,Success
O101905,2026-08-24,Success
O101906,2026-08-24,Success
O101907,2026-08-24,Success
O101908,2026-08-24,Success
O101909,2026-08-24,Success
O101910,2026-08-24,Success
O101911,2026-08-24,Success
O101912,2026-08-24,Success
O101913,2026-08-24,Success
O101914,2026-08-24,Success
O101915,2026-08-24,Success
O101916,2026-08-24,Success
O101917,2026-08-24,Success
O101918,2026-08-24,Success
O101919,2026-08-24,Success
O101920,2026-08-24,Success
O101921,2026-08-24,Success
O101922,2026-08-24,Success
O101923,2026-08-24,Success
O101924,2026-08-24,Success
O101925,2026-08-24,Success
O101926,2026-08-24,Success
O101927,2026-08-24,Success
O101928,2026-08-24,Failed
O101929,2026-08-24,Success
O101930,2026-08-24,Success
O101931,2026-08-24,Success
O101932,2026-08-24,Success
O101933,2026-08-24,Success
O101934,2026-08-24,Success
O101935,2026-08-24,Success
O101936,2026-08-25,Success
O101937,2026-08-25,Success
O101938,2026-08-25,Success
O101939,2026-08-25,Success
O101940,2026-08-25,Success
O101941,2026-08-25,Success
O101942,2026-08-25,Success
O101943,2026-08-25,Success
O101944,2026-08-25,Success
O101945,2026-08-25,Success
O101946,2026-08-25,Success
O101947,2026-08-25,Success
O101948,2026-08-25,Success
O101949,2026-08-25,Success
O101950,2026-08-25,Success
O101951,2026-08-25,Success
O101952,2026-08-25,Success
O101953,2026-08-25,Success
O101954,2026-08-25,Success
O101955,2026-08-25,Success
O101956,2026-08-25,Success
O101957,2026-08-25,Success
O101958,2026-08-25,Success
O101959,2026-08-25,Success
O101960,2026-08-25,Success
O101961,2026-08-25,Success
O101962,2026-08-25,Success
O101963,2026-08-25,Success
O101964,2026-08-25,Success
O101965,2026-08-25,Success
O101966,2026-08-25,Success
O101967,2026-08-25,Success
O101968,2026-08-25,Success
O101969,2026-08-25,Success
O101970,2026-08-25,Success
O101971,2026-08-25,Success
O101972,2026-08-25,Success
O101973,2026-08-25,Success
O101974,2026-08-25,Success
O101975,2026-08-25,Success
O101976,2026-08-25,Success
O101977,2026-08-25,Success
O101978,2026-08-25,Success
O101979,2026-08-25,Success
O101980,2026-08-25,Success
O101981,2026-08-25,Success
O101982,2026-08-25,Success
O101983,2026-08-25,Success
O101984,2026-08-25,Success
O101985,2026-08-25,Success
O101986,2026-08-25,Success
O101987,2026-08-25,Success
O101988,2026-08-25,Success
O101989,2026-08-25,Success
O101990,2026-08-25,Success
O101991,2026-08-25,Success
O101992,2026-08-25,Success
O101993,2026-08-25,Success
O101994,2026-08-25,Success
O101995,2026-08-25,Success
O101996,2026-08-25,Success
O101997,2026-08-25,Success
O101998,2026-08-25,Success
O101999,2026-08-25,Success
O102000,2026-08-25,Success
O102001,2026-08-25,Success
O102002,2026-08-25,Success
O102003,2026-08-25,Success
O102004,2026-08-25,Success
O102005,2026-08-25,Success
O102006,2026-08-25,Failed
O102007,2026-08-25,Success
O102008,2026-08-25,Success
O102009,2026-08-25,Success
O102010,2026-08-25,Success
O102011,2026-08-25,Success
O102012,2026-08-25,Success
O102013,2026-08-25,Success
O102014,2026-08-25,Success
O102015,2026-08-25,Success
O102016,2026-08-26,Success
O102017,2026-08-26,Success
O102018,2026-08-26,Success
O102019,2026-08-26,Success
O102020,2026-08-26,Success
O102021,2026-08-26,Success
O102022,2026-08-26,Success
O102023,2026-08-26,Success
O102024,2026-08-26,Success
O102025,2026-08-26,Success
O102026,2026-08-26,Success
O102027,2026-08-26,Success
O102028,2026-08-26,Success
O102029,2026-08-26,Success
O102030,2026-08-26,Success
O102031,2026-08-26,Success
O102032,2026-08-26,Success
O102033,2026-08-26,Success
O102034,2026-08-26,Success
O102035,2026-08-26,Success
O102036,2026-08-26,Success
O102037,2026-08-26,Failed
O102038,2026-08-26,Success
O102039,2026-08-26,Success
O102040,2026-08-26,Success
O102041,2026-08-26,Success
O102042,2026-08-26,Success
O102043,2026-08-26,Success
O102044,2026-08-26,Success
O102045,2026-08-26,Success
O102046,2026-08-26,Success
O102047,2026-08-26,Success
O102048,2026-08-26,Success
O102049,2026-08-26,Success
O102050,2026-08-26,Success
O102051,2026-08-26,Success
O102052,2026-08-26,Success
O102053,2026-08-26,Success
O102054,2026-08-26,Success
O102055,2026-08-26,Success
O102056,2026-08-26,Success
O102057,2026-08-26,Success
O102058,2026-08-26,Success
O102059,2026-08-26,Success
O102060,2026-08-26,Success
O102061,2026-08-26,Success
O102062,2026-08-26,Success
O102063,2026-08-26,Success
O102064,2026-08-26,Success
O102065,2026-08-26,Success
O102066,2026-08-26,Success
O102067,2026-08-26,Success
O102068,2026-08-26,Success
O102069,2026-08-26,Success
O102070,2026-08-26,Success
O102071,2026-08-26,Success
O102072,2026-08-26,Success
O102073,2026-08-26,Success
O102074,2026-08-26,Success
O102075,2026-08-26,Success
O102076,2026-08-26,Success
O102077,2026-08-26,Success
O102078,2026-08-26,Success
O102079,2026-08-26,Success
O102080,2026-08-26,Success
O102081,2026-08-26,Success
O102082,2026-08-26,Success
O102083,2026-08-26,Success
O102084,2026-08-26,Success
O102085,2026-08-26,Success
O102086,2026-08-26,Failed
O102087,2026-08-26,Success
O102088,2026-08-26,Success
O102089,2026-08-26,Success
O102090,2026-08-26,Success
O102091,2026-08-27,Success
O102092,2026-08-27,Success
O102093,2026-08-27,Success
O102094,2026-08-27,Success
O102095,2026-08-27,Success
O102096,2026-08-27,Success
O102097,2026-08-27,Success
O102098,2026-08-27,Success
O102099,2026-08-27,Success
O102100,2026-08-27,Success
O102101,2026-08-27,Success
O102102,2026-08-27,Success
O102103,2026-08-27,Success
O102104,2026-08-27,Success
O102105,2026-08-27,Success
O102106,2026-08-27,Success
O102107,2026-08-27,Success
O102108,2026-08-27,Success
O102109,2026-08-27,Success
O102110,2026-08-27,Success
O102111,2026-08-27,Success
O102112,2026-08-27,Success
O102113,2026-08-27,Success
O102114,2026-08-27,Success
O102115,2026-08-27,Success
O102116,2026-08-27,Success
O102117,2026-08-27,Success
O102118,2026-08-27,Success
O102119,2026-08-27,Success
O102120,2026-08-27,Success
O102121,2026-08-27,Success
O102122,2026-08-27,Success
O102123,2026-08-27,Success
O102124,2026-08-27,Success
O102125,2026-08-27,Success
O102126,2026-08-27,Success
O102127,2026-08-27,Success
O102128,2026-08-27,Success
O102129,2026-08-27,Success
O102130,2026-08-27,Success
O102131,2026-08-27,Success
O102132,2026-08-27,Success
O102133,2026-08-27,Success
O102134,2026-08-27,Success
O102135,2026-08-27,Success
O102136,2026-08-27,Success
O102137,2026-08-27,Success
O102138,2026-08-27,Success
O102139,2026-08-27,Success
O102140,2026-08-27,Success
O102141,2026-08-27,Success
O102142,2026-08-27,Success
O102143,2026-08-27,Success
O102144,2026-08-27,Success
O102145,2026-08-27,Success
O102146,2026-08-27,Success
O102147,2026-08-27,Success
O102148,2026-08-27,Success
O102149,2026-08-27,Success
O102150,2026-08-27,Success
O102151,2026-08-27,Success
O102152,2026-08-27,Success
O102153,2026-08-27,Success
O102154,2026-08-27,Success
O102155,2026-08-27,Success
O102156,2026-08-27,Success
O102157,2026-08-27,Success
O102158,2026-08-27,Success
O102159,2026-08-27,Success
O102160,2026-08-27,Success
O102161,2026-08-27,Success
O102162,2026-08-27,Success
O102163,2026-08-28,Success
O102164,2026-08-28,Success
O102165,2026-08-28,Success
O102166,2026-08-28,Success
O102167,2026-08-28,Success
O102168,2026-08-28,Success
O102169,2026-08-28,Success
O102170,2026-08-28,Success
O102171,2026-08-28,Success
O102172,2026-08-28,Success
O102173,2026-08-28,Success
O102174,2026-08-28,Success
O102175,2026-08-28,Success
O102176,2026-08-28,Success
O102177,2026-08-28,Success
O102178,2026-08-28,Success
O102179,2026-08-28,Success
O102180,2026-08-28,Success
O102181,2026-08-28,Success
O102182,2026-08-28,Success
O102183,2026-08-28,Success
O102184,2026-08-28,Success
O102185,2026-08-28,Success
O102186,2026-08-28,Success
O102187,2026-08-28,Success
O102188,2026-08-28,Success
O102189,2026-08-28,Success
O102190,2026-08-28,Success
O102191,2026-08-28,Success
O102192,2026-08-28,Success
O102193,2026-08-28,Success
O102194,2026-08-28,Success
O102195,2026-08-28,Success
O102196,2026-08-28,Success
O102197,2026-08-28,Success
O102198,2026-08-28,Success
O102199,2026-08-28,Success
O102200,2026-08-28,Success
O102201,2026-08-28,Success
O102202,2026-08-28,Success
O102203,2026-08-28,Success
O102204,2026-08-28,Success
O102205,2026-08-28,Success
O102206,2026-08-28,Success
O102207,2026-08-28,Success
O102208,2026-08-28,Success
O102209,2026-08-28,Success
O102210,2026-08-28,Success
O102211,2026-08-28,Success
O102212,2026-08-28,Success
O102213,2026-08-28,Success
O102214,2026-08-28,Success
O102215,2026-08-28,Success
O102216,2026-08-28,Success
O102217,2026-08-28,Success
O102218,2026-08-28,Success
O102219,2026-08-28,Success
O102220,2026-08-28,Success
O102221,2026-08-28,Success
O102222,2026-08-28,Success
O102223,2026-08-28,Success
O102224,2026-08-28,Success
O102225,2026-08-28,Success
O102226,2026-08-28,Success
O102227,2026-08-28,Success
O102228,2026-08-28,Success
O102229,2026-08-28,Success
O102230,2026-08-28,Success
O102231,2026-08-28,Success
O102232,2026-08-28,Success
O102233,2026-08-29,Success
O102234,2026-08-29,Success
O102235,2026-08-29,Success
O102236,2026-08-29,Success
O102237,2026-08-29,Success
O102238,2026-08-29,Failed
O102239,2026-08-29,Success
O102240,2026-08-29,Success
O102241,2026-08-29,Success
O102242,2026-08-29,Success
O102243,2026-08-29,Success
O102244,2026-08-29,Success
O102245,2026-08-29,Success
O102246,2026-08-29,Success
O102247,2026-08-29,Success
O102248,2026-08-29,Success
O102249,2026-08-29,Success
O102250,2026-08-29,Success
O102251,2026-08-29,Success
O102252,2026-08-29,Success
O102253,2026-08-29,Success
O102254,2026-08-29,Success
O102255,2026-08-29,Success
O102256,2026-08-29,Success
O102257,2026-08-29,Success
O102258,2026-08-29,Success
O102259,2026-08-29,Success
O102260,2026-08-29,Success
O102261,2026-08-29,Success
O102262,2026-08-29,Success
O102263,2026-08-29,Success
O102264,2026-08-29,Success
O102265,2026-08-29,Success
O102266,2026-08-29,Success
O102267,2026-08-29,Success
O102268,2026-08-29,Success
O102269,2026-08-29,Success
O102270,2026-08-29,Success
O102271,2026-08-29,Success
O102272,2026-08-29,Success
O102273,2026-08-29,Success
O102274,2026-08-29,Success
O102275,2026-08-29,Success
O102276,2026-08-29,Success
O102277,2026-08-29,Success
O102278,2026-08-29,Success
O102279,2026-08-29,Success
O102280,2026-08-29,Success
O102281,2026-08-29,Success
O102282,2026-08-29,Success
O102283,2026-08-29,Success
O102284,2026-08-29,Success
O102285,2026-08-29,Success
O102286,2026-08-29,Success
O102287,2026-08-29,Success
O102288,2026-08-29,Success
O102289,2026-08-29,Success
O102290,2026-08-29,Success
O102291,2026-08-29,Success
O102292,2026-08-29,Success
O102293,2026-08-29,Success
O102294,2026-08-29,Success
O102295,2026-08-29,Success
O102296,2026-08-29,Success
O102297,2026-08-29,Success
O102298,2026-08-29,Success
O102299,2026-08-29,Success
O102300,2026-08-29,Success
O102301,2026-08-29,Success
O102302,2026-08-29,Success
O102303,2026-08-29,Success
O102304,2026-08-29,Success
O102305,2026-08-29,Success
O102306,2026-08-29,Success
O102307,2026-08-29,Success
O102308,2026-08-29,Success
O102309,2026-08-29,Success
O102310,2026-08-29,Success
O102311,2026-08-29,Success
O102312,2026-08-29,Success
O102313,2026-08-29,Success
O102314,2026-08-29,Success
O102315,2026-08-29,Success
O102316,2026-08-29,Success
O102317,2026-08-29,Success
O102318,2026-08-30,Success
O102319,2026-08-30,Success
O102320,2026-08-30,Success
O102321,2026-08-30,Success
O102322,2026-08-30,Success
O102323,2026-08-30,Success
O102324,2026-08-30,Success
O102325,2026-08-30,Success
O102326,2026-08-30,Success
O102327,2026-08-30,Success
O102328,2026-08-30,Success
O102329,2026-08-30,Success
O102330,2026-08-30,Success
O102331,2026-08-30,Success
O102332,2026-08-30,Success
O102333,2026-08-30,Success
O102334,2026-08-30,Success
O102335,2026-08-30,Success
O102336,2026-08-30,Success
O102337,2026-08-30,Failed
O102338,2026-08-30,Success
O102339,2026-08-30,Success
O102340,2026-08-30,Success
O102341,2026-08-30,Success
O102342,2026-08-30,Success
O102343,2026-08-30,Success
O102344,2026-08-30,Success
O102345,2026-08-30,Success
O102346,2026-08-30,Success
O102347,2026-08-30,Success
O102348,2026-08-30,Success
O102349,2026-08-30,Success
O102350,2026-08-30,Success
O102351,2026-08-30,Success
O102352,2026-08-30,Success
O102353,2026-08-30,Success
O102354,2026-08-30,Success
O102355,2026-08-30,Success
O102356,2026-08-30,Success
O102357,2026-08-30,Success
O102358,2026-08-30,Success
O102359,2026-08-30,Success
O102360,2026-08-30,Success
O102361,2026-08-30,Success
O102362,2026-08-30,Success
O102363,2026-08-30,Success
O102364,2026-08-30,Success
O102365,2026-08-30,Success
O102366,2026-08-30,Success
O102367,2026-08-30,Success
O102368,2026-08-30,Success
O102369,2026-08-30,Success
O102370,2026-08-30,Success
O102371,2026-08-30,Success
O102372,2026-08-30,Success
O102373,2026-08-30,Success
O102374,2026-08-30,Success
O102375,2026-08-30,Success
O102376,2026-08-30,Success
O102377,2026-08-30,Success
O102378,2026-08-30,Success
O102379,2026-08-30,Success
O102380,2026-08-30,Success
O102381,2026-08-30,Success
O102382,2026-08-30,Success
O102383,2026-08-30,Success
O102384,2026-08-30,Success
O102385,2026-08-30,Success
O102386,2026-08-30,Success
O102387,2026-08-30,Success
O102388,2026-08-30,Success
O102389,2026-08-30,Success
O102390,2026-08-30,Success
O102391,2026-08-30,Success
O102392,2026-08-30,Success
O102393,2026-08-30,Success
O102394,2026-08-30,Success
O102395,2026-08-30,Success
O102396,2026-08-30,Success
O102397,2026-08-31,Success
O102398,2026-08-31,Success
O102399,2026-08-31,Success
O102400,2026-08-31,Success
O102401,2026-08-31,Success
O102402,2026-08-31,Success
O102403,2026-08-31,Success
O102404,2026-08-31,Success
O102405,2026-08-31,Success
O102406,2026-08-31,Success
O102407,2026-08-31,Success
O102408,2026-08-31,Success
O102409,2026-08-31,Success
O102410,2026-08-31,Success
O102411,2026-08-31,Success
O102412,2026-08-31,Success
O102413,2026-08-31,Success
O102414,2026-08-31,Success
O102415,2026-08-31,Success
O102416,2026-08-31,Success
O102417,2026-08-31,Success
O102418,2026-08-31,Success
O102419,2026-08-31,Success
O102420,2026-08-31,Success
O102421,2026-08-31,Success
O102422,2026-08-31,Success
O102423,2026-08-31,Success
O102424,2026-08-31,Success
O102425,2026-08-31,Success
O102426,2026-08-31,Success
O102427,2026-08-31,Success
O102428,2026-08-31,Success
O102429,2026-08-31,Success
O102430,2026-08-31,Success
O102431,2026-08-31,Success
O102432,2026-08-31,Success
O102433,2026-08-31,Success
O102434,2026-08-31,Success
O102435,2026-08-31,Success
O102436,2026-08-31,Success
O102437,2026-08-31,Success
O102438,2026-08-31,Success
O102439,2026-08-31,Success
O102440,2026-08-31,Success
O102441,2026-08-31,Success
O102442,2026-08-31,Success
O102443,2026-08-31,Success
O102444,2026-08-31,Success
O102445,2026-08-31,Success
O102446,2026-08-31,Success
O102447,2026-08-31,Success
O102448,2026-08-31,Success
O102449,2026-08-31,Success
O102450,2026-08-31,Success
O102451,2026-08-31,Success
O102452,2026-08-31,Success
O102453,2026-08-31,Success
O102454,2026-08-31,Success
O102455,2026-08-31,Success
O102456,2026-08-31,Success
O102457,2026-08-31,Success
O102458,2026-08-31,Success
O102459,2026-08-31,Success
O102460,2026-08-31,Success
O102461,2026-08-31,Success
O102462,2026-08-31,Success
O102463,2026-08-31,Success
O102464,2026-08-31,Success
O102465,2026-08-31,Success
O102466,2026-08-31,Success
O102467,2026-08-31,Success
O102468,2026-08-31,Success
O102469,2026-08-31,Success
O102470,2026-08-31,Success
O102471,2026-08-31,Success
O102472,2026-08-31,Success
O102473,2026-08-31,Success
O102474,2026-08-31,Success
O102475,2026-08-31,Success
O102476,2026-08-31,Success
O102477,2026-08-31,Success
O102478,2026-08-31,Success
O102479,2026-08-31,Success
O102480,2026-08-31,Success
O102481,2026-08-31,Success
O102482,2026-08-31,Success
O102483,2026-08-31,Success
O102484,2026-08-31,Success
O102485,2026-09-01,Success
O102486,2026-09-01,Success
O102487,2026-09-01,Success
O102488,2026-09-01,Success
O102489,2026-09-01,Success
O102490,2026-09-01,Success
O102491,2026-09-01,Success
O102492,2026-09-01,Success
O102493,2026-09-01,Success
O102494,2026-09-01,Success
O102495,2026-09-01,Success
O102496,2026-09-01,Success
O102497,2026-09-01,Success
O102498,2026-09-01,Success
O102499,2026-09-01,Success
O102500,2026-09-01,Success
O102501,2026-09-01,Success
O102502,2026-09-01,Success
O102503,2026-09-01,Success
O102504,2026-09-01,Success
O102505,2026-09-01,Success
O102506,2026-09-01,Success
O102507,2026-09-01,Success
O102508,2026-09-01,Success
O102509,2026-09-01,Success
O102510,2026-09-01,Success
O102511,2026-09-01,Success
O102512,2026-09-01,Success
O102513,2026-09-01,Success
O102514,2026-09-01,Success
O102515,2026-09-01,Success
O102516,2026-09-01,Success
O102517,2026-09-01,Success
O102518,2026-09-01,Success
O102519,2026-09-01,Success
O102520,2026-09-01,Success
O102521,2026-09-01,Success
O102522,2026-09-01,Success
O102523,2026-09-01,Success
O102524,2026-09-01,Success
O102525,2026-09-01,Success
O102526,2026-09-01,Success
O102527,2026-09-01,Success
O102528,2026-09-01,Success
O102529,2026-09-01,Success
O102530,2026-09-01,Success
O102531,2026-09-01,Success
O102532,2026-09-01,Success
O102533,2026-09-01,Success
O102534,2026-09-01,Success
O102535,2026-09-01,Success
O102536,2026-09-01,Success
O102537,2026-09-01,Success
O102538,2026-09-01,Success
O102539,2026-09-01,Success
O102540,2026-09-01,Success
O102541,2026-09-01,Success
O102542,2026-09-01,Success
O102543,2026-09-01,Success
O102544,2026-09-01,Success
O102545,2026-09-01,Success
O102546,2026-09-01,Success
O102547,2026-09-01,Success
O102548,2026-09-01,Success
O102549,2026-09-01,Success
O102550,2026-09-01,Success
O102551,2026-09-01,Success
O102552,2026-09-01,Success
O102553,2026-09-01,Success
O102554,2026-09-01,Success
O102555,2026-09-01,Success
O102556,2026-09-01,Success
O102557,2026-09-01,Success
O102558,2026-09-01,Success
O102559,2026-09-01,Success
O102560,2026-09-01,Success
O102561,2026-09-01,Success
O102562,2026-09-01,Success
O102563,2026-09-01,Success
O102564,2026-09-01,Success
O102565,2026-09-01,Success
O102566,2026-09-01,Success
O102567,2026-09-01,Success
O102568,2026-09-01,Success
O102569,2026-09-01,Success
O102570,2026-09-01,Success
O102571,2026-09-02,Success
O102572,2026-09-02,Success
O102573,2026-09-02,Success
O102574,2026-09-02,Success
O102575,2026-09-02,Success
O102576,2026-09-02,Success
O102577,2026-09-02,Success
O102578,2026-09-02,Success
O102579,2026-09-02,Success
O102580,2026-09-02,Success
O102581,2026-09-02,Success
O102582,2026-09-02,Success
O102583,2026-09-02,Success
O102584,2026-09-02,Success
O102585,2026-09-02,Success
O102586,2026-09-02,Success
O102587,2026-09-02,Success
O102588,2026-09-02,Success
O102589,2026-09-02,Success
O102590,2026-09-02,Success
O102591,2026-09-02,Success
O102592,2026-09-02,Failed
O102593,2026-09-02,Success
O102594,2026-09-02,Success
O102595,2026-09-02,Success
O102596,2026-09-02,Success
O102597,2026-09-02,Success
O102598,2026-09-02,Success
O102599,2026-09-02,Success
O102600,2026-09-02,Success
O102601,2026-09-02,Success
O102602,2026-09-02,Success
O102603,2026-09-02,Success
O102604,2026-09-02,Success
O102605,2026-09-02,Success
O102606,2026-09-02,Success
O102607,2026-09-02,Success
O102608,2026-09-02,Success
O102609,2026-09-02,Success
O102610,2026-09-02,Success
O102611,2026-09-02,Success
O102612,2026-09-02,Success
O102613,2026-09-02,Success
O102614,2026-09-02,Success
O102615,2026-09-02,Success
O102616,2026-09-02,Success
O102617,2026-09-02,Success
O102618,2026-09-02,Success
O102619,2026-09-02,Success
O102620,2026-09-02,Success
O102621,2026-09-02,Success
O102622,2026-09-02,Success
O102623,2026-09-02,Success
O102624,2026-09-02,Success
O102625,2026-09-02,Success
O102626,2026-09-02,Success
O102627,2026-09-02,Success
O102628,2026-09-02,Success
O102629,2026-09-02,Success
O102630,2026-09-02,Success
O102631,2026-09-02,Success
O102632,2026-09-02,Success
O102633,2026-09-02,Success
O102634,2026-09-02,Success
O102635,2026-09-02,Success
O102636,2026-09-02,Success
O102637,2026-09-02,Success
O102638,2026-09-02,Success
O102639,2026-09-02,Success
O102640,2026-09-02,Success
O102641,2026-09-02,Success
O102642,2026-09-02,Success
O102643,2026-09-02,Success
O102644,2026-09-02,Success
O102645,2026-09-02,Success
O102646,2026-09-02,Success
O102647,2026-09-02,Success
O102648,2026-09-02,Success
O102649,2026-09-02,Success
O102650,2026-09-02,Success
O102651,2026-09-02,Success
O102652,2026-09-02,Success
O102653,2026-09-02,Success
O102654,2026-09-03,Success
O102655,2026-09-03,Success
O102656,2026-09-03,Success
O102657,2026-09-03,Success
O102658,2026-09-03,Success
O102659,2026-09-03,Success
O102660,2026-09-03,Success
O102661,2026-09-03,Success
O102662,2026-09-03,Success
O102663,2026-09-03,Success
O102664,2026-09-03,Success
O102665,2026-09-03,Success
O102666,2026-09-03,Success
O102667,2026-09-03,Success
O102668,2026-09-03,Success
O102669,2026-09-03,Success
O102670,2026-09-03,Success
O102671,2026-09-03,Success
O102672,2026-09-03,Success
O102673,2026-09-03,Success
O102674,2026-09-03,Success
O102675,2026-09-03,Success
O102676,2026-09-03,Success
O102677,2026-09-03,Success
O102678,2026-09-03,Success
O102679,2026-09-03,Success
O102680,2026-09-03,Success
O102681,2026-09-03,Success
O102682,2026-09-03,Success
O102683,2026-09-03,Success
O102684,2026-09-03,Success
O102685,2026-09-03,Success
O102686,2026-09-03,Success
O102687,2026-09-03,Success
O102688,2026-09-03,Success
O102689,2026-09-03,Success
O102690,2026-09-03,Success
O102691,2026-09-03,Success
O102692,2026-09-03,Success
O102693,2026-09-03,Success
O102694,2026-09-03,Success
O102695,2026-09-03,Success
O102696,2026-09-03,Success
O102697,2026-09-03,Success
O102698,2026-09-03,Success
O102699,2026-09-03,Success
O102700,2026-09-03,Success
O102701,2026-09-03,Success
O102702,2026-09-03,Success
O102703,2026-09-03,Success
O102704,2026-09-03,Success
O102705,2026-09-03,Success
O102706,2026-09-03,Success
O102707,2026-09-03,Success
O102708,2026-09-03,Success
O102709,2026-09-03,Success
O102710,2026-09-03,Success
O102711,2026-09-03,Success
O102712,2026-09-03,Success
O102713,2026-09-03,Success
O102714,2026-09-03,Success
O102715,2026-09-03,Success
O102716,2026-09-03,Success
O102717,2026-09-03,Success
O102718,2026-09-03,Success
O102719,2026-09-03,Success
O102720,2026-09-03,Success
O102721,2026-09-03,Success
O102722,2026-09-03,Success
O102723,2026-09-03,Success
O102724,2026-09-03,Success
O102725,2026-09-03,Success
O102726,2026-09-03,Success
O102727,2026-09-03,Success
O102728,2026-09-03,Success
O102729,2026-09-03,Success
O102730,2026-09-03,Success
O102731,2026-09-04,Success
O102732,2026-09-04,Success
O102733,2026-09-04,Success
O102734,2026-09-04,Success
O102735,2026-09-04,Success
O102736,2026-09-04,Success
O102737,2026-09-04,Success
O102738,2026-09-04,Success
O102739,2026-09-04,Success
O102740,2026-09-04,Success
O102741,2026-09-04,Success
O102742,2026-09-04,Success
O102743,2026-09-04,Success
O102744,2026-09-04,Success
O102745,2026-09-04,Success
O102746,2026-09-04,Success
O102747,2026-09-04,Success
O102748,2026-09-04,Success
O102749,2026-09-04,Success
O102750,2026-09-04,Success
O102751,2026-09-04,Success
O102752,2026-09-04,Success
O102753,2026-09-04,Success
O102754,2026-09-04,Success
O102755,2026-09-04,Success
O102756,2026-09-04,Success
O102757,2026-09-04,Success
O102758,2026-09-04,Success
O102759,2026-09-04,Success
O102760,2026-09-04,Success
O102761,2026-09-04,Success
O102762,2026-09-04,Success
O102763,2026-09-04,Success
O102764,2026-09-04,Success
O102765,2026-09-04,Success
O102766,2026-09-04,Success
O102767,2026-09-04,Success
O102768,2026-09-04,Success
O102769,2026-09-04,Success
O102770,2026-09-04,Success
O102771,2026-09-04,Success
O102772,2026-09-04,Success
O102773,2026-09-04,Success
O102774,2026-09-04,Success
O102775,2026-09-04,Success
O102776,2026-09-04,Success
O102777,2026-09-04,Success
O102778,2026-09-04,Failed
O102779,2026-09-04,Success
O102780,2026-09-04,Success
O102781,2026-09-04,Success
O102782,2026-09-04,Success
O102783,2026-09-04,Success
O102784,2026-09-04,Success
O102785,2026-09-04,Success
O102786,2026-09-04,Success
O102787,2026-09-04,Success
O102788,2026-09-04,Success
O102789,2026-09-04,Success
O102790,2026-09-04,Success
O102791,2026-09-04,Success
O102792,2026-09-04,Success
O102793,2026-09-04,Success
O102794,2026-09-04,Success
O102795,2026-09-04,Success
O102796,2026-09-04,Success
O102797,2026-09-04,Success
O102798,2026-09-04,Success
O102799,2026-09-04,Success
O102800,2026-09-04,Success
O102801,2026-09-04,Success
O102802,2026-09-04,Success
O102803,2026-09-04,Success
O102804,2026-09-04,Success
O102805,2026-09-04,Success
O102806,2026-09-04,Success
O102807,2026-09-04,Success
O102808,2026-09-04,Success
O102809,2026-09-04,Success
O102810,2026-09-04,Success
O102811,2026-09-04,Success
O102812,2026-09-04,Success
O102813,2026-09-04,Success
O102814,2026-09-05,Success
O102815,2026-09-05,Success
O102816,2026-09-05,Success
O102817,2026-09-05,Success
O102818,2026-09-05,Success
O102819,2026-09-05,Success
O102820,2026-09-05,Success
O102821,2026-09-05,Success
O102822,2026-09-05,Success
O102823,2026-09-05,Success
O102824,2026-09-05,Success
O102825,2026-09-05,Success
O102826,2026-09-05,Success
O102827,2026-09-05,Success
O102828,2026-09-05,Success
O102829,2026-09-05,Success
O102830,2026-09-05,Success
O102831,2026-09-05,Success
O102832,2026-09-05,Success
O102833,2026-09-05,Success
O102834,2026-09-05,Success
O102835,2026-09-05,Success
O102836,2026-09-05,Success
O102837,2026-09-05,Success
O102838,2026-09-05,Success
O102839,2026-09-05,Success
O102840,2026-09-05,Success
O102841,2026-09-05,Success
O102842,2026-09-05,Failed
O102843,2026-09-05,Success
O102844,2026-09-05,Success
O102845,2026-09-05,Success
O102846,2026-09-05,Success
O102847,2026-09-05,Success
O102848,2026-09-05,Success
O102849,2026-09-05,Success
O102850,2026-09-05,Success
O102851,2026-09-05,Success
O102852,2026-09-05,Success
O102853,2026-09-05,Success
O102854,2026-09-05,Success
O102855,2026-09-05,Success
O102856,2026-09-05,Success
O102857,2026-09-05,Success
O102858,2026-09-05,Success
O102859,2026-09-05,Success
O102860,2026-09-05,Success
O102861,2026-09-05,Success
O102862,2026-09-05,Success
O102863,2026-09-05,Success
O102864,2026-09-05,Success
O102865,2026-09-05,Success
O102866,2026-09-05,Success
O102867,2026-09-05,Success
O102868,2026-09-05,Success
O102869,2026-09-05,Success
O102870,2026-09-05,Success
O102871,2026-09-05,Success
O102872,2026-09-05,Success
O102873,2026-09-05,Success
O102874,2026-09-05,Success
O102875,2026-09-05,Success
O102876,2026-09-05,Success
O102877,2026-09-05,Success
O102878,2026-09-05,Success
O102879,2026-09-05,Success
O102880,2026-09-05,Success
O102881,2026-09-05,Success
O102882,2026-09-05,Success
O102883,2026-09-05,Success
O102884,2026-09-05,Success
O102885,2026-09-05,Success
O102886,2026-09-05,Success
O102887,2026-09-05,Success
O102888,2026-09-06,Success
O102889,2026-09-06,Success
O102890,2026-09-06,Success
O102891,2026-09-06,Success
O102892,2026-09-06,Success
O102893,2026-09-06,Success
O102894,2026-09-06,Success
O102895,2026-09-06,Success
O102896,2026-09-06,Success
O102897,2026-09-06,Success
O102898,2026-09-06,Success
O102899,2026-09-06,Success
O102900,2026-09-06,Success
O102901,2026-09-06,Success
O102902,2026-09-06,Success
O102903,2026-09-06,Success
O102904,2026-09-06,Success
O102905,2026-09-06,Success
O102906,2026-09-06,Success
O102907,2026-09-06,Success
O102908,2026-09-06,Success
O102909,2026-09-06,Success
O102910,2026-09-06,Success
O102911,2026-09-06,Success
O102912,2026-09-06,Success
O102913,2026-09-06,Success
O102914,2026-09-06,Success
O102915,2026-09-06,Success
O102916,2026-09-06,Success
O102917,2026-09-06,Success
O102918,2026-09-06,Success
O102919,2026-09-06,Success
O102920,2026-09-06,Success
O102921,2026-09-06,Success
O102922,2026-09-06,Success
O102923,2026-09-06,Success
O102924,2026-09-06,Success
O102925,2026-09-06,Success
O102926,2026-09-06,Success
O102927,2026-09-06,Success
O102928,2026-09-06,Success
O102929,2026-09-06,Success
O102930,2026-09-06,Success
O102931,2026-09-06,Success
O102932,2026-09-06,Success
O102933,2026-09-06,Success
O102934,2026-09-06,Success
O102935,2026-09-06,Success
O102936,2026-09-06,Success
O102937,2026-09-06,Success
O102938,2026-09-06,Success
O102939,2026-09-06,Success
O102940,2026-09-06,Success
O102941,2026-09-06,Success
O102942,2026-09-06,Success
O102943,2026-09-06,Success
O102944,2026-09-06,Success
O102945,2026-09-06,Success
O102946,2026-09-06,Success
O102947,2026-09-06,Success
O102948,2026-09-06,Success
O102949,2026-09-06,Success
O102950,2026-09-06,Success
O102951,2026-09-06,Success
O102952,2026-09-06,Success
O102953,2026-09-06,Success
O102954,2026-09-06,Success
O102955,2026-09-06,Success
O102956,2026-09-06,Success
O102957,2026-09-06,Success
O102958,2026-09-06,Success
O102959,2026-09-06,Success
O102960,2026-09-06,Success
O102961,2026-09-06,Success
O102962,2026-09-06,Success
O102963,2026-09-06,Success
O102964,2026-09-06,Success
O102965,2026-09-06,Success
O102966,2026-09-06,Success
O102967,2026-09-06,Success
O102968,2026-09-06,Success
O102969,2026-09-06,Success
O102970,2026-09-07,Success
O102971,2026-09-07,Success
O102972,2026-09-07,Success
O102973,2026-09-07,Success
O102974,2026-09-07,Success
O102975,2026-09-07,Success
O102976,2026-09-07,Success
O102977,2026-09-07,Success
O102978,2026-09-07,Success
O102979,2026-09-07,Success
O102980,2026-09-07,Success
O102981,2026-09-07,Success
O102982,2026-09-07,Success
O102983,2026-09-07,Success
O102984,2026-09-07,Success
O102985,2026-09-07,Success
O102986,2026-09-07,Success
O102987,2026-09-07,Success
O102988,2026-09-07,Success
O102989,2026-09-07,Success
O102990,2026-09-07,Success
O102991,2026-09-07,Success
O102992,2026-09-07,Success
O102993,2026-09-07,Success
O102994,2026-09-07,Success
O102995,2026-09-07,Success
O102996,2026-09-07,Success
O102997,2026-09-07,Success
O102998,2026-09-07,Success
O102999,2026-09-07,Success
O103000,2026-09-07,Success
O103001,2026-09-07,Success
O103002,2026-09-07,Success
O103003,2026-09-07,Success
O103004,2026-09-07,Success
O103005,2026-09-07,Success
O103006,2026-09-07,Success
O103007,2026-09-07,Success
O103008,2026-09-07,Success
O103009,2026-09-07,Success
O103010,2026-09-07,Success
O103011,2026-09-07,Success
O103012,2026-09-07,Success
O103013,2026-09-07,Success
O103014,2026-09-07,Failed
O103015,2026-09-07,Success
O103016,2026-09-07,Success
O103017,2026-09-07,Success
O103018,2026-09-07,Success
O103019,2026-09-07,Success
O103020,2026-09-07,Success
O103021,2026-09-07,Success
O103022,2026-09-07,Success
O103023,2026-09-07,Success
O103024,2026-09-07,Success
O103025,2026-09-07,Success
O103026,2026-09-07,Success
O103027,2026-09-07,Success
O103028,2026-09-07,Success
O103029,2026-09-07,Success
O103030,2026-09-07,Success
O103031,2026-09-07,Success
O103032,2026-09-07,Success
O103033,2026-09-07,Success
O103034,2026-09-07,Success
O103035,2026-09-07,Success
O103036,2026-09-07,Success
O103037,2026-09-07,Success
O103038,2026-09-07,Success
O103039,2026-09-07,Success
O103040,2026-09-07,Success
O103041,2026-09-07,Success
O103042,2026-09-07,Success
O103043,2026-09-07,Success
O103044,2026-09-07,Success
O103045,2026-09-07,Success
O103046,2026-09-07,Success
O103047,2026-09-07,Success
O103048,2026-09-07,Success
O103049,2026-09-07,Success
O103050,2026-09-07,Success
O103051,2026-09-07,Success
O103052,2026-09-07,Success
O103053,2026-09-07,Success
O103054,2026-09-07,Success
O103055,2026-09-07,Success
O103056,2026-09-08,Success
O103057,2026-09-08,Success
O103058,2026-09-08,Success
O103059,2026-09-08,Success
O103060,2026-09-08,Failed
O103061,2026-09-08,Success
O103062,2026-09-08,Success
O103063,2026-09-08,Success
O103064,2026-09-08,Success
O103065,2026-09-08,Success
O103066,2026-09-08,Success
O103067,2026-09-08,Success
O103068,2026-09-08,Success
O103069,2026-09-08,Success
O103070,2026-09-08,Success
O103071,2026-09-08,Success
O103072,2026-09-08,Success
O103073,2026-09-08,Success
O103074,2026-09-08,Success
O103075,2026-09-08,Success
O103076,2026-09-08,Success
O103077,2026-09-08,Success
O103078,2026-09-08,Success
O103079,2026-09-08,Success
O103080,2026-09-08,Success
O103081,2026-09-08,Success
O103082,2026-09-08,Success
O103083,2026-09-08,Success
O103084,2026-09-08,Success
O103085,2026-09-08,Success
O103086,2026-09-08,Success
O103087,2026-09-08,Success
O103088,2026-09-08,Success
O103089,2026-09-08,Success
O103090,2026-09-08,Success
O103091,2026-09-08,Success
O103092,2026-09-08,Success
O103093,2026-09-08,Success
O103094,2026-09-08,Success
O103095,2026-09-08,Success
O103096,2026-09-08,Success
O103097,2026-09-08,Success
O103098,2026-09-08,Success
O103099,2026-09-08,Success
O103100,2026-09-08,Success
O103101,2026-09-08,Success
O103102,2026-09-08,Success
O103103,2026-09-08,Success
O103104,2026-09-08,Success
O103105,2026-09-08,Success
O103106,2026-09-08,Success
O103107,2026-09-08,Success
O103108,2026-09-08,Success
O103109,2026-09-08,Success
O103110,2026-09-08,Success
O103111,2026-09-08,Success
O103112,2026-09-08,Success
O103113,2026-09-08,Success
O103114,2026-09-08,Success
O103115,2026-09-08,Success
O103116,2026-09-08,Success
O103117,2026-09-08,Success
O103118,2026-09-08,Success
O103119,2026-09-08,Success
O103120,2026-09-08,Success
O103121,2026-09-08,Success
O103122,2026-09-08,Success
O103123,2026-09-08,Success
O103124,2026-09-08,Success
O103125,2026-09-08,Success
O103126,2026-09-08,Success
O103127,2026-09-08,Success
O103128,2026-09-08,Success
O103129,2026-09-08,Success
O103130,2026-09-08,Success
O103131,2026-09-08,Success
O103132,2026-09-08,Success
O103133,2026-09-08,Success
O103134,2026-09-08,Success
O103135,2026-09-08,Success
O103136,2026-09-08,Success
O103137,2026-09-08,Success
O103138,2026-09-08,Success
O103139,2026-09-08,Success
O103140,2026-09-08,Success
O103141,2026-09-08,Success
O103142,2026-09-08,Success
O103143,2026-09-09,Success
O103144,2026-09-09,Success
O103145,2026-09-09,Success
O103146,2026-09-09,Success
O103147,2026-09-09,Success
O103148,2026-09-09,Success
O103149,2026-09-09,Success
O103150,2026-09-09,Success
O103151,2026-09-09,Success
O103152,2026-09-09,Success
O103153,2026-09-09,Success
O103154,2026-09-09,Success
O103155,2026-09-09,Success
O103156,2026-09-09,Failed
O103157,2026-09-09,Success
O103158,2026-09-09,Success
O103159,2026-09-09,Success
O103160,2026-09-09,Success
O103161,2026-09-09,Success
O103162,2026-09-09,Success
O103163,2026-09-09,Success
O103164,2026-09-09,Success
O103165,2026-09-09,Success
O103166,2026-09-09,Success
O103167,2026-09-09,Success
O103168,2026-09-09,Success
O103169,2026-09-09,Success
O103170,2026-09-09,Success
O103171,2026-09-09,Success
O103172,2026-09-09,Success
O103173,2026-09-09,Success
O103174,2026-09-09,Success
O103175,2026-09-09,Success
O103176,2026-09-09,Success
O103177,2026-09-09,Success
O103178,2026-09-09,Success
O103179,2026-09-09,Success
O103180,2026-09-09,Success
O103181,2026-09-09,Success
O103182,2026-09-09,Success
O103183,2026-09-09,Success
O103184,2026-09-09,Success
O103185,2026-09-09,Success
O103186,2026-09-09,Success
O103187,2026-09-09,Success
O103188,2026-09-09,Success
O103189,2026-09-09,Success
O103190,2026-09-09,Success
O103191,2026-09-09,Success
O103192,2026-09-09,Success
O103193,2026-09-09,Success
O103194,2026-09-09,Success
O103195,2026-09-09,Success
O103196,2026-09-09,Success
O103197,2026-09-09,Success
O103198,2026-09-09,Success
O103199,2026-09-09,Success
O103200,2026-09-09,Success
O103201,2026-09-09,Success
O103202,2026-09-09,Success
O103203,2026-09-09,Success
O103204,2026-09-09,Success
O103205,2026-09-09,Success
O103206,2026-09-09,Success
O103207,2026-09-09,Success
O103208,2026-09-09,Success
O103209,2026-09-09,Success
O103210,2026-09-09,Success
O103211,2026-09-09,Success
O103212,2026-09-09,Success
O103213,2026-09-09,Success
O103214,2026-09-09,Success
O103215,2026-09-09,Success
O103216,2026-09-09,Success
O103217,2026-09-09,Success
O103218,2026-09-09,Success
O103219,2026-09-09,Success
O103220,2026-09-09,Success
O103221,2026-09-09,Success
O103222,2026-09-09,Success
O103223,2026-09-09,Success
O103224,2026-09-09,Success
O103225,2026-09-09,Success
O103226,2026-09-09,Success
O103227,2026-09-09,Success
O103228,2026-09-09,Success
O103229,2026-09-09,Success
O103230,2026-09-09,Success
O103231,2026-09-09,Success
O103232,2026-09-09,Success
O103233,2026-09-10,Success
O103234,2026-09-10,Success
O103235,2026-09-10,Success
O103236,2026-09-10,Success
O103237,2026-09-10,Success
O103238,2026-09-10,Success
O103239,2026-09-10,Success
O103240,2026-09-10,Success
O103241,2026-09-10,Success
O103242,2026-09-10,Success
O103243,2026-09-10,Success
O103244,2026-09-10,Success
O103245,2026-09-10,Success
O103246,2026-09-10,Success
O103247,2026-09-10,Success
O103248,2026-09-10,Success
O103249,2026-09-10,Success
O103250,2026-09-10,Success
O103251,2026-09-10,Success
O103252,2026-09-10,Success
O103253,2026-09-10,Success
O103254,2026-09-10,Success
O103255,2026-09-10,Success
O103256,2026-09-10,Success
O103257,2026-09-10,Success
O103258,2026-09-10,Success
O103259,2026-09-10,Success
O103260,2026-09-10,Success
O103261,2026-09-10,Success
O103262,2026-09-10,Success
O103263,2026-09-10,Success
O103264,2026-09-10,Success
O103265,2026-09-10,Success
O103266,2026-09-10,Success
O103267,2026-09-10,Success
O103268,2026-09-10,Success
O103269,2026-09-10,Success
O103270,2026-09-10,Success
O103271,2026-09-10,Success
O103272,2026-09-10,Success
O103273,2026-09-10,Success
O103274,2026-09-10,Success
O103275,2026-09-10,Success
O103276,2026-09-10,Success
O103277,2026-09-10,Success
O103278,2026-09-10,Success
O103279,2026-09-10,Success
O103280,2026-09-10,Success
O103281,2026-09-10,Success
O103282,2026-09-10,Success
O103283,2026-09-10,Success
O103284,2026-09-10,Success
O103285,2026-09-10,Success
O103286,2026-09-10,Success
O103287,2026-09-10,Success
O103288,2026-09-10,Success
O103289,2026-09-10,Success
O103290,2026-09-10,Success
O103291,2026-09-10,Success
O103292,2026-09-10,Success
O103293,2026-09-10,Success
O103294,2026-09-10,Success
O103295,2026-09-10,Success
O103296,2026-09-10,Success
O103297,2026-09-10,Success
O103298,2026-09-10,Success
O103299,2026-09-10,Success
O103300,2026-09-10,Success
O103301,2026-09-10,Success
O103302,2026-09-10,Success
O103303,2026-09-10,Success
O103304,2026-09-10,Success
O103305,2026-09-10,Success
O103306,2026-09-10,Success
O103307,2026-09-10,Success
O103308,2026-09-10,Success
O103309,2026-09-10,Success
O103310,2026-09-10,Success
O103311,2026-09-10,Success
O103312,2026-09-11,Success
O103313,2026-09-11,Success
O103314,2026-09-11,Success
O103315,2026-09-11,Success
O103316,2026-09-11,Success
O103317,2026-09-11,Success
O103318,2026-09-11,Success
O103319,2026-09-11,Success
O103320,2026-09-11,Success
O103321,2026-09-11,Success
O103322,2026-09-11,Success
O103323,2026-09-11,Success
O103324,2026-09-11,Success
O103325,2026-09-11,Success
O103326,2026-09-11,Success
O103327,2026-09-11,Success
O103328,2026-09-11,Success
O103329,2026-09-11,Success
O103330,2026-09-11,Success
O103331,2026-09-11,Success
O103332,2026-09-11,Success
O103333,2026-09-11,Success
O103334,2026-09-11,Success
O103335,2026-09-11,Success
O103336,2026-09-11,Success
O103337,2026-09-11,Success
O103338,2026-09-11,Success
O103339,2026-09-11,Success
O103340,2026-09-11,Success
O103341,2026-09-11,Success
O103342,2026-09-11,Success
O103343,2026-09-11,Success
O103344,2026-09-11,Success
O103345,2026-09-11,Success
O103346,2026-09-11,Success
O103347,2026-09-11,Success
O103348,2026-09-11,Success
O103349,2026-09-11,Success
O103350,2026-09-11,Success
O103351,2026-09-11,Success
O103352,2026-09-11,Success
O103353,2026-09-11,Success
O103354,2026-09-11,Success
O103355,2026-09-11,Success
O103356,2026-09-11,Success
O103357,2026-09-11,Success
O103358,2026-09-11,Success
O103359,2026-09-11,Success
O103360,2026-09-11,Success
O103361,2026-09-11,Success
O103362,2026-09-11,Success
O103363,2026-09-11,Success
O103364,2026-09-11,Success
O103365,2026-09-11,Success
O103366,2026-09-11,Success
O103367,2026-09-11,Success
O103368,2026-09-11,Success
O103369,2026-09-11,Success
O103370,2026-09-11,Success
O103371,2026-09-11,Success
O103372,2026-09-11,Success
O103373,2026-09-11,Success
O103374,2026-09-11,Success
O103375,2026-09-11,Success
O103376,2026-09-11,Success
O103377,2026-09-11,Success
O103378,2026-09-11,Success
O103379,2026-09-11,Success
O103380,2026-09-11,Success
O103381,2026-09-11,Success
O103382,2026-09-11,Success
O103383,2026-09-11,Success
O103384,2026-09-11,Success
O103385,2026-09-11,Success
O103386,2026-09-11,Success
O103387,2026-09-12,Success
O103388,2026-09-12,Success
O103389,2026-09-12,Success
O103390,2026-09-12,Success
O103391,2026-09-12,Success
O103392,2026-09-12,Success
O103393,2026-09-12,Success
O103394,2026-09-12,Success
O103395,2026-09-12,Success
O103396,2026-09-12,Success
O103397,2026-09-12,Success
O103398,2026-09-12,Success
O103399,2026-09-12,Success
O103400,2026-09-12,Success
O103401,2026-09-12,Success
O103402,2026-09-12,Success
O103403,2026-09-12,Success
O103404,2026-09-12,Success
O103405,2026-09-12,Success
O103406,2026-09-12,Success
O103407,2026-09-12,Success
O103408,2026-09-12,Success
O103409,2026-09-12,Success
O103410,2026-09-12,Success
O103411,2026-09-12,Success
O103412,2026-09-12,Success
O103413,2026-09-12,Success
O103414,2026-09-12,Success
O103415,2026-09-12,Success
O103416,2026-09-12,Success
O103417,2026-09-12,Success
O103418,2026-09-12,Success
O103419,2026-09-12,Success
O103420,2026-09-12,Success
O103421,2026-09-12,Success
O103422,2026-09-12,Success
O103423,2026-09-12,Success
O103424,2026-09-12,Success
O103425,2026-09-12,Success
O103426,2026-09-12,Success
O103427,2026-09-12,Success
O103428,2026-09-12,Success
O103429,2026-09-12,Success
O103430,2026-09-12,Success
O103431,2026-09-12,Success
O103432,2026-09-12,Success
O103433,2026-09-12,Success
O103434,2026-09-12,Success
O103435,2026-09-12,Success
O103436,2026-09-12,Success
O103437,2026-09-12,Success
O103438,2026-09-12,Success
O103439,2026-09-12,Success
O103440,2026-09-12,Success
O103441,2026-09-12,Success
O103442,2026-09-12,Success
O103443,2026-09-12,Success
O103444,2026-09-12,Success
O103445,2026-09-12,Success
O103446,2026-09-12,Success
O103447,2026-09-12,Success
O103448,2026-09-12,Success
O103449,2026-09-12,Success
O103450,2026-09-12,Success
O103451,2026-09-12,Success
O103452,2026-09-12,Success
O103453,2026-09-12,Success
O103454,2026-09-12,Success
O103455,2026-09-12,Success
O103456,2026-09-12,Success
O103457,2026-09-12,Success
O103458,2026-09-12,Success
O103459,2026-09-12,Success
O103460,2026-09-12,Success
O103461,2026-09-12,Success
O103462,2026-09-12,Success
O103463,2026-09-12,Success
O103464,2026-09-12,Success
O103465,2026-09-12,Success
O103466,2026-09-12,Success
O103467,2026-09-12,Success
O103468,2026-09-12,Success
O103469,2026-09-12,Success
O103470,2026-09-12,Success
O103471,2026-09-12,Success
O103472,2026-09-13,Success
O103473,2026-09-13,Success
O103474,2026-09-13,Success
O103475,2026-09-13,Success
O103476,2026-09-13,Success
O103477,2026-09-13,Success
O103478,2026-09-13,Success
O103479,2026-09-13,Success
O103480,2026-09-13,Success
O103481,2026-09-13,Success
O103482,2026-09-13,Success
O103483,2026-09-13,Success
O103484,2026-09-13,Success
O103485,2026-09-13,Success
O103486,2026-09-13,Success
O103487,2026-09-13,Success
O103488,2026-09-13,Success
O103489,2026-09-13,Success
O103490,2026-09-13,Success
O103491,2026-09-13,Success
O103492,2026-09-13,Success
O103493,2026-09-13,Success
O103494,2026-09-13,Success
O103495,2026-09-13,Success
O103496,2026-09-13,Success
O103497,2026-09-13,Success
O103498,2026-09-13,Success
O103499,2026-09-13,Success
O103500,2026-09-13,Success
O103501,2026-09-13,Success
O103502,2026-09-13,Success
O103503,2026-09-13,Success
O103504,2026-09-13,Success
O103505,2026-09-13,Success
O103506,2026-09-13,Success
O103507,2026-09-13,Success
O103508,2026-09-13,Success
O103509,2026-09-13,Success
O103510,2026-09-13,Success
O103511,2026-09-13,Success
O103512,2026-09-13,Success
O103513,2026-09-13,Success
O103514,2026-09-13,Success
O103515,2026-09-13,Success
O103516,2026-09-13,Success
O103517,2026-09-13,Success
O103518,2026-09-13,Success
O103519,2026-09-13,Success
O103520,2026-09-13,Success
O103521,2026-09-13,Success
O103522,2026-09-13,Success
O103523,2026-09-13,Failed
O103524,2026-09-13,Success
O103525,2026-09-13,Success
O103526,2026-09-13,Success
O103527,2026-09-13,Success
O103528,2026-09-13,Success
O103529,2026-09-13,Success
O103530,2026-09-13,Success
O103531,2026-09-13,Success
O103532,2026-09-13,Success
O103533,2026-09-13,Success
O103534,2026-09-13,Success
O103535,2026-09-13,Success
O103536,2026-09-13,Success
O103537,2026-09-13,Success
O103538,2026-09-13,Success
O103539,2026-09-13,Success
O103540,2026-09-13,Success
O103541,2026-09-13,Success
O103542,2026-09-13,Success
O103543,2026-09-13,Success
O103544,2026-09-13,Success
O103545,2026-09-13,Success
O103546,2026-09-13,Success
O103547,2026-09-13,Success
O103548,2026-09-13,Success
O103549,2026-09-14,Success
O103550,2026-09-14,Success
O103551,2026-09-14,Success
O103552,2026-09-14,Success
O103553,2026-09-14,Success
O103554,2026-09-14,Success
O103555,2026-09-14,Success
O103556,2026-09-14,Success
O103557,2026-09-14,Success
O103558,2026-09-14,Success
O103559,2026-09-14,Success
O103560,2026-09-14,Success
O103561,2026-09-14,Success
O103562,2026-09-14,Success
O103563,2026-09-14,Success
O103564,2026-09-14,Success
O103565,2026-09-14,Success
O103566,2026-09-14,Success
O103567,2026-09-14,Success
O103568,2026-09-14,Success
O103569,2026-09-14,Success
O103570,2026-09-14,Success
O103571,2026-09-14,Success
O103572,2026-09-14,Success
O103573,2026-09-14,Success
O103574,2026-09-14,Success
O103575,2026-09-14,Success
O103576,2026-09-14,Success
O103577,2026-09-14,Success
O103578,2026-09-14,Success
O103579,2026-09-14,Success
O103580,2026-09-14,Success
O103581,2026-09-14,Success
O103582,2026-09-14,Success
O103583,2026-09-14,Success
O103584,2026-09-14,Success
O103585,2026-09-14,Success
O103586,2026-09-14,Success
O103587,2026-09-14,Success
O103588,2026-09-14,Success
O103589,2026-09-14,Success
O103590,2026-09-14,Success
O103591,2026-09-14,Success
O103592,2026-09-14,Success
O103593,2026-09-14,Success
O103594,2026-09-14,Success
O103595,2026-09-14,Success
O103596,2026-09-14,Success
O103597,2026-09-14,Success
O103598,2026-09-14,Success
O103599,2026-09-14,Success
O103600,2026-09-14,Success
O103601,2026-09-14,Success
O103602,2026-09-14,Success
O103603,2026-09-14,Success
O103604,2026-09-14,Success
O103605,2026-09-14,Success
O103606,2026-09-14,Success
O103607,2026-09-14,Success
O103608,2026-09-14,Success
O103609,2026-09-14,Success
O103610,2026-09-14,Success
O103611,2026-09-14,Success
O103612,2026-09-14,Success
O103613,2026-09-14,Success
O103614,2026-09-14,Success
O103615,2026-09-14,Success
O103616,2026-09-14,Success
O103617,2026-09-14,Success
O103618,2026-09-14,Success
O103619,2026-09-14,Success
O103620,2026-09-14,Success
O103621,2026-09-14,Success
O103622,2026-09-14,Success
O103623,2026-09-14,Success
O103624,2026-09-14,Success
O103625,2026-09-14,Success
O103626,2026-09-14,Success
O103627,2026-09-14,Success
O103628,2026-09-14,Success
O103629,2026-09-14,Success
O103630,2026-09-14,Success
O103631,2026-09-14,Success
O103632,2026-09-14,Success
O103633,2026-09-14,Success
O103634,2026-09-14,Success
O103635,2026-09-14,Success
O103636,2026-09-14,Success
O103637,2026-09-15,Success
O103638,2026-09-15,Success
O103639,2026-09-15,Success
O103640,2026-09-15,Success
O103641,2026-09-15,Success
O103642,2026-09-15,Success
O103643,2026-09-15,Success
O103644,2026-09-15,Success
O103645,2026-09-15,Success
O103646,2026-09-15,Success
O103647,2026-09-15,Success
O103648,2026-09-15,Success
O103649,2026-09-15,Success
O103650,2026-09-15,Failed
O103651,2026-09-15,Success
O103652,2026-09-15,Success
O103653,2026-09-15,Success
O103654,2026-09-15,Success
O103655,2026-09-15,Success
O103656,2026-09-15,Success
O103657,2026-09-15,Success
O103658,2026-09-15,Success
O103659,2026-09-15,Success
O103660,2026-09-15,Success
O103661,2026-09-15,Success
O103662,2026-09-15,Success
O103663,2026-09-15,Success
O103664,2026-09-15,Success
O103665,2026-09-15,Success
O103666,2026-09-15,Success
O103667,2026-09-15,Success
O103668,2026-09-15,Success
O103669,2026-09-15,Success
O103670,2026-09-15,Success
O103671,2026-09-15,Success
O103672,2026-09-15,Success
O103673,2026-09-15,Success
O103674,2026-09-15,Success
O103675,2026-09-15,Success
O103676,2026-09-15,Success
O103677,2026-09-15,Success
O103678,2026-09-15,Success
O103679,2026-09-15,Success
O103680,2026-09-15,Success
O103681,2026-09-15,Success
O103682,2026-09-15,Success
O103683,2026-09-15,Success
O103684,2026-09-15,Success
O103685,2026-09-15,Success
O103686,2026-09-15,Success
O103687,2026-09-15,Success
O103688,2026-09-15,Success
O103689,2026-09-15,Success
O103690,2026-09-15,Success
O103691,2026-09-15,Success
O103692,2026-09-15,Failed
O103693,2026-09-15,Success
O103694,2026-09-15,Success
O103695,2026-09-15,Success
O103696,2026-09-15,Success
O103697,2026-09-15,Success
O103698,2026-09-15,Success
O103699,2026-09-15,Success
O103700,2026-09-15,Failed
O103701,2026-09-15,Success
O103702,2026-09-15,Success
O103703,2026-09-15,Success
O103704,2026-09-15,Success
O103705,2026-09-15,Success
O103706,2026-09-15,Success
O103707,2026-09-15,Success
O103708,2026-09-15,Success
O103709,2026-09-15,Success
O103710,2026-09-15,Success
O103711,2026-09-15,Success
O103712,2026-09-15,Success
O103713,2026-09-15,Success
O103714,2026-09-15,Success
O103715,2026-09-15,Success
O103716,2026-09-15,Success
O103717,2026-09-15,Success
O103718,2026-09-15,Success
O103719,2026-09-15,Success
O103720,2026-09-15,Success
O103721,2026-09-15,Success
O103722,2026-09-16,Success
O103723,2026-09-16,Success
O103724,2026-09-16,Success
O103725,2026-09-16,Success
O103726,2026-09-16,Success
O103727,2026-09-16,Success
O103728,2026-09-16,Success
O103729,2026-09-16,Success
O103730,2026-09-16,Success
O103731,2026-09-16,Success
O103732,2026-09-16,Success
O103733,2026-09-16,Success
O103734,2026-09-16,Success
O103735,2026-09-16,Success
O103736,2026-09-16,Success
O103737,2026-09-16,Success
O103738,2026-09-16,Success
O103739,2026-09-16,Success
O103740,2026-09-16,Success
O103741,2026-09-16,Success
O103742,2026-09-16,Success
O103743,2026-09-16,Success
O103744,2026-09-16,Success
O103745,2026-09-16,Success
O103746,2026-09-16,Success
O103747,2026-09-16,Success
O103748,2026-09-16,Success
O103749,2026-09-16,Success
O103750,2026-09-16,Success
O103751,2026-09-16,Success
O103752,2026-09-16,Success
O103753,2026-09-16,Success
O103754,2026-09-16,Success
O103755,2026-09-16,Success
O103756,2026-09-16,Success
O103757,2026-09-16,Success
O103758,2026-09-16,Success
O103759,2026-09-16,Success
O103760,2026-09-16,Success
O103761,2026-09-16,Success
O103762,2026-09-16,Success
O103763,2026-09-16,Success
O103764,2026-09-16,Success
O103765,2026-09-16,Success
O103766,2026-09-16,Success
O103767,2026-09-16,Success
O103768,2026-09-16,Success
O103769,2026-09-16,Success
O103770,2026-09-16,Success
O103771,2026-09-16,Success
O103772,2026-09-16,Success
O103773,2026-09-16,Success
O103774,2026-09-16,Success
O103775,2026-09-16,Success
O103776,2026-09-16,Success
O103777,2026-09-16,Success
O103778,2026-09-16,Success
O103779,2026-09-16,Success
O103780,2026-09-16,Success
O103781,2026-09-16,Success
O103782,2026-09-16,Success
O103783,2026-09-16,Success
O103784,2026-09-16,Success
O103785,2026-09-16,Success
O103786,2026-09-16,Success
O103787,2026-09-16,Success
O103788,2026-09-16,Success
O103789,2026-09-16,Success
O103790,2026-09-16,Success
O103791,2026-09-16,Success
O103792,2026-09-16,Success
O103793,2026-09-16,Success
O103794,2026-09-16,Success
O103795,2026-09-16,Success
O103796,2026-09-16,Success
O103797,2026-09-16,Success
O103798,2026-09-16,Success
O103799,2026-09-16,Success
O103800,2026-09-16,Success
O103801,2026-09-16,Success
O103802,2026-09-16,Success
O103803,2026-09-16,Success
O103804,2026-09-16,Success
O103805,2026-09-16,Success
O103806,2026-09-16,Success
O103807,2026-09-17,Success
O103808,2026-09-17,Success
O103809,2026-09-17,Success
O103810,2026-09-17,Success
O103811,2026-09-17,Success
O103812,2026-09-17,Success
O103813,2026-09-17,Success
O103814,2026-09-17,Success
O103815,2026-09-17,Success
O103816,2026-09-17,Success
O103817,2026-09-17,Success
O103818,2026-09-17,Success
O103819,2026-09-17,Success
O103820,2026-09-17,Success
O103821,2026-09-17,Success
O103822,2026-09-17,Success
O103823,2026-09-17,Success
O103824,2026-09-17,Success
O103825,2026-09-17,Success
O103826,2026-09-17,Success
O103827,2026-09-17,Success
O103828,2026-09-17,Success
O103829,2026-09-17,Success
O103830,2026-09-17,Success
O103831,2026-09-17,Success
O103832,2026-09-17,Success
O103833,2026-09-17,Success
O103834,2026-09-17,Success
O103835,2026-09-17,Success
O103836,2026-09-17,Success
O103837,2026-09-17,Success
O103838,2026-09-17,Success
O103839,2026-09-17,Success
O103840,2026-09-17,Success
O103841,2026-09-17,Success
O103842,2026-09-17,Success
O103843,2026-09-17,Success
O103844,2026-09-17,Success
O103845,2026-09-17,Success
O103846,2026-09-17,Success
O103847,2026-09-17,Success
O103848,2026-09-17,Success
O103849,2026-09-17,Success
O103850,2026-09-17,Success
O103851,2026-09-17,Success
O103852,2026-09-17,Success
O103853,2026-09-17,Success
O103854,2026-09-17,Success
O103855,2026-09-17,Success
O103856,2026-09-17,Failed
O103857,2026-09-17,Success
O103858,2026-09-17,Success
O103859,2026-09-17,Success
O103860,2026-09-17,Success
O103861,2026-09-17,Success
O103862,2026-09-17,Success
O103863,2026-09-17,Success
O103864,2026-09-17,Success
O103865,2026-09-17,Success
O103866,2026-09-17,Success
O103867,2026-09-17,Success
O103868,2026-09-17,Success
O103869,2026-09-17,Success
O103870,2026-09-17,Success
O103871,2026-09-17,Success
O103872,2026-09-17,Failed
O103873,2026-09-17,Success
O103874,2026-09-17,Success
O103875,2026-09-17,Success
O103876,2026-09-17,Success
O103877,2026-09-17,Success
O103878,2026-09-17,Success
O103879,2026-09-17,Success
O103880,2026-09-17,Success
O103881,2026-09-17,Success
O103882,2026-09-17,Success
O103883,2026-09-18,Success
O103884,2026-09-18,Success
O103885,2026-09-18,Success
O103886,2026-09-18,Success
O103887,2026-09-18,Success
O103888,2026-09-18,Success
O103889,2026-09-18,Success
O103890,2026-09-18,Success
O103891,2026-09-18,Success
O103892,2026-09-18,Success
O103893,2026-09-18,Success
O103894,2026-09-18,Success
O103895,2026-09-18,Success
O103896,2026-09-18,Success
O103897,2026-09-18,Success
O103898,2026-09-18,Success
O103899,2026-09-18,Success
O103900,2026-09-18,Success
O103901,2026-09-18,Success
O103902,2026-09-18,Success
O103903,2026-09-18,Success
O103904,2026-09-18,Success
O103905,2026-09-18,Success
O103906,2026-09-18,Success
O103907,2026-09-18,Success
O103908,2026-09-18,Success
O103909,2026-09-18,Success
O103910,2026-09-18,Success
O103911,2026-09-18,Success
O103912,2026-09-18,Success
O103913,2026-09-18,Success
O103914,2026-09-18,Success
O103915,2026-09-18,Success
O103916,2026-09-18,Success
O103917,2026-09-18,Success
O103918,2026-09-18,Success
O103919,2026-09-18,Success
O103920,2026-09-18,Success
O103921,2026-09-18,Success
O103922,2026-09-18,Success
O103923,2026-09-18,Success
O103924,2026-09-18,Success
O103925,2026-09-18,Success
O103926,2026-09-18,Success
O103927,2026-09-18,Success
O103928,2026-09-18,Success
O103929,2026-09-18,Success
O103930,2026-09-18,Success
O103931,2026-09-18,Success
O103932,2026-09-18,Success
O103933,2026-09-18,Success
O103934,2026-09-18,Success
O103935,2026-09-18,Success
O103936,2026-09-18,Success
O103937,2026-09-18,Success
O103938,2026-09-18,Success
O103939,2026-09-18,Success
O103940,2026-09-18,Success
O103941,2026-09-18,Success
O103942,2026-09-18,Success
O103943,2026-09-18,Success
O103944,2026-09-18,Success
O103945,2026-09-18,Success
O103946,2026-09-18,Success
O103947,2026-09-18,Success
O103948,2026-09-18,Success
O103949,2026-09-18,Success
O103950,2026-09-18,Success
O103951,2026-09-18,Success
O103952,2026-09-18,Success
O103953,2026-09-18,Success
O103954,2026-09-18,Success
O103955,2026-09-18,Success
O103956,2026-09-18,Success
O103957,2026-09-18,Success
O103958,2026-09-18,Success
O103959,2026-09-18,Success
O103960,2026-09-18,Success
O103961,2026-09-18,Success
O103962,2026-09-18,Success
O103963,2026-09-19,Success
O103964,2026-09-19,Success
O103965,2026-09-19,Success
O103966,2026-09-19,Success
O103967,2026-09-19,Success
O103968,2026-09-19,Success
O103969,2026-09-19,Success
O103970,2026-09-19,Success
O103971,2026-09-19,Success
O103972,2026-09-19,Success
O103973,2026-09-19,Success
O103974,2026-09-19,Success
O103975,2026-09-19,Success
O103976,2026-09-19,Success
O103977,2026-09-19,Success
O103978,2026-09-19,Success
O103979,2026-09-19,Success
O103980,2026-09-19,Success
O103981,2026-09-19,Success
O103982,2026-09-19,Success
O103983,2026-09-19,Success
O103984,2026-09-19,Success
O103985,2026-09-19,Success
O103986,2026-09-19,Success
O103987,2026-09-19,Success
O103988,2026-09-19,Success
O103989,2026-09-19,Success
O103990,2026-09-19,Success
O103991,2026-09-19,Success
O103992,2026-09-19,Success
O103993,2026-09-19,Success
O103994,2026-09-19,Success
O103995,2026-09-19,Success
O103996,2026-09-19,Success
O103997,2026-09-19,Success
O103998,2026-09-19,Success
O103999,2026-09-19,Success
O104000,2026-09-19,Success
O104001,2026-09-19,Success
O104002,2026-09-19,Success
O104003,2026-09-19,Success
O104004,2026-09-19,Success
O104005,2026-09-19,Success
O104006,2026-09-19,Success
O104007,2026-09-19,Success
O104008,2026-09-19,Success
O104009,2026-09-19,Success
O104010,2026-09-19,Success
O104011,2026-09-19,Success
O104012,2026-09-19,Success
O104013,2026-09-19,Success
O104014,2026-09-19,Success
O104015,2026-09-19,Success
O104016,2026-09-19,Success
O104017,2026-09-19,Success
O104018,2026-09-19,Success
O104019,2026-09-19,Success
O104020,2026-09-19,Success
O104021,2026-09-19,Success
O104022,2026-09-19,Success
O104023,2026-09-19,Success
O104024,2026-09-19,Success
O104025,2026-09-19,Success
O104026,2026-09-19,Success
O104027,2026-09-19,Success
O104028,2026-09-19,Success
O104029,2026-09-19,Success
O104030,2026-09-19,Success
O104031,2026-09-19,Success
O104032,2026-09-19,Success
O104033,2026-09-20,Success
O104034,2026-09-20,Success
O104035,2026-09-20,Success
O104036,2026-09-20,Failed
O104037,2026-09-20,Success
O104038,2026-09-20,Success
O104039,2026-09-20,Success
O104040,2026-09-20,Success
O104041,2026-09-20,Success
O104042,2026-09-20,Success
O104043,2026-09-20,Success
O104044,2026-09-20,Success
O104045,2026-09-20,Success
O104046,2026-09-20,Success
O104047,2026-09-20,Success
O104048,2026-09-20,Success
O104049,2026-09-20,Success
O104050,2026-09-20,Success
O104051,2026-09-20,Success
O104052,2026-09-20,Success
O104053,2026-09-20,Success
O104054,2026-09-20,Success
O104055,2026-09-20,Success
O104056,2026-09-20,Success
O104057,2026-09-20,Success
O104058,2026-09-20,Success
O104059,2026-09-20,Success
O104060,2026-09-20,Success
O104061,2026-09-20,Success
O104062,2026-09-20,Success
O104063,2026-09-20,Success
O104064,2026-09-20,Success
O104065,2026-09-20,Success
O104066,2026-09-20,Success
O104067,2026-09-20,Success
O104068,2026-09-20,Success
O104069,2026-09-20,Success
O104070,2026-09-20,Success
O104071,2026-09-20,Success
O104072,2026-09-20,Success
O104073,2026-09-20,Success
O104074,2026-09-20,Success
O104075,2026-09-20,Success
O104076,2026-09-20,Success
O104077,2026-09-20,Success
O104078,2026-09-20,Success
O104079,2026-09-20,Success
O104080,2026-09-20,Success
O104081,2026-09-20,Success
O104082,2026-09-20,Success
O104083,2026-09-20,Success
O104084,2026-09-20,Success
O104085,2026-09-20,Success
O104086,2026-09-20,Success
O104087,2026-09-20,Success
O104088,2026-09-20,Success
O104089,2026-09-20,Success
O104090,2026-09-20,Success
O104091,2026-09-20,Success
O104092,2026-09-20,Success
O104093,2026-09-20,Success
O104094,2026-09-20,Success
O104095,2026-09-20,Success
O104096,2026-09-20,Success
O104097,2026-09-20,Success
O104098,2026-09-20,Success
O104099,2026-09-20,Success
O104100,2026-09-20,Success
O104101,2026-09-20,Success
O104102,2026-09-20,Success
O104103,2026-09-21,Success
O104104,2026-09-21,Success
O104105,2026-09-21,Success
O104106,2026-09-21,Success
O104107,2026-09-21,Failed
O104108,2026-09-21,Success
O104109,2026-09-21,Success
O104110,2026-09-21,Success
O104111,2026-09-21,Success
O104112,2026-09-21,Success
O104113,2026-09-21,Success
O104114,2026-09-21,Success
O104115,2026-09-21,Success
O104116,2026-09-21,Success
O104117,2026-09-21,Success
O104118,2026-09-21,Success
O104119,2026-09-21,Success
O104120,2026-09-21,Success
O104121,2026-09-21,Success
O104122,2026-09-21,Success
O104123,2026-09-21,Success
O104124,2026-09-21,Success
O104125,2026-09-21,Success
O104126,2026-09-21,Success
O104127,2026-09-21,Success
O104128,2026-09-21,Success
O104129,2026-09-21,Success
O104130,2026-09-21,Success
O104131,2026-09-21,Success
O104132,2026-09-21,Success
O104133,2026-09-21,Success
O104134,2026-09-21,Success
O104135,2026-09-21,Success
O104136,2026-09-21,Success
O104137,2026-09-21,Success
O104138,2026-09-21,Success
O104139,2026-09-21,Success
O104140,2026-09-21,Success
O104141,2026-09-21,Success
O104142,2026-09-21,Success
O104143,2026-09-21,Success
O104144,2026-09-21,Success
O104145,2026-09-21,Success
O104146,2026-09-21,Success
O104147,2026-09-21,Success
O104148,2026-09-21,Success
O104149,2026-09-21,Success
O104150,2026-09-21,Success
O104151,2026-09-21,Success
O104152,2026-09-21,Success
O104153,2026-09-21,Success
O104154,2026-09-21,Success
O104155,2026-09-21,Success
O104156,2026-09-21,Success
O104157,2026-09-21,Success
O104158,2026-09-21,Success
O104159,2026-09-21,Success
O104160,2026-09-21,Success
O104161,2026-09-21,Success
O104162,2026-09-21,Success
O104163,2026-09-21,Success
O104164,2026-09-21,Success
O104165,2026-09-21,Success
O104166,2026-09-21,Success
O104167,2026-09-21,Success
O104168,2026-09-21,Success
O104169,2026-09-21,Success
O104170,2026-09-21,Success
O104171,2026-09-21,Success
O104172,2026-09-21,Success
O104173,2026-09-21,Success
O104174,2026-09-21,Success
O104175,2026-09-21,Success
O104176,2026-09-21,Success
O104177,2026-09-21,Success
O104178,2026-09-21,Success
O104179,2026-09-21,Success
O104180,2026-09-21,Success
O104181,2026-09-21,Success
O104182,2026-09-21,Success
O104183,2026-09-21,Success
O104184,2026-09-21,Success
O104185,2026-09-21,Success
O104186,2026-09-21,Success
O104187,2026-09-22,Success
O104188,2026-09-22,Success
O104189,2026-09-22,Success
O104190,2026-09-22,Success
O104191,2026-09-22,Success
O104192,2026-09-22,Success
O104193,2026-09-22,Success
O104194,2026-09-22,Success
O104195,2026-09-22,Success
O104196,2026-09-22,Success
O104197,2026-09-22,Success
O104198,2026-09-22,Success
O104199,2026-09-22,Success
O104200,2026-09-22,Success
O104201,2026-09-22,Success
O104202,2026-09-22,Success
O104203,2026-09-22,Success
O104204,2026-09-22,Success
O104205,2026-09-22,Success
O104206,2026-09-22,Success
O104207,2026-09-22,Success
O104208,2026-09-22,Success
O104209,2026-09-22,Success
O104210,2026-09-22,Success
O104211,2026-09-22,Success
O104212,2026-09-22,Success
O104213,2026-09-22,Success
O104214,2026-09-22,Success
O104215,2026-09-22,Success
O104216,2026-09-22,Failed
O104217,2026-09-22,Success
O104218,2026-09-22,Success
O104219,2026-09-22,Success
O104220,2026-09-22,Success
O104221,2026-09-22,Success
O104222,2026-09-22,Success
O104223,2026-09-22,Success
O104224,2026-09-22,Success
O104225,2026-09-22,Success
O104226,2026-09-22,Success
O104227,2026-09-22,Success
O104228,2026-09-22,Success
O104229,2026-09-22,Success
O104230,2026-09-22,Success
O104231,2026-09-22,Success
O104232,2026-09-22,Success
O104233,2026-09-22,Success
O104234,2026-09-22,Success
O104235,2026-09-22,Success
O104236,2026-09-22,Success
O104237,2026-09-22,Success
O104238,2026-09-22,Success
O104239,2026-09-22,Success
O104240,2026-09-22,Success
O104241,2026-09-22,Success
O104242,2026-09-22,Success
O104243,2026-09-22,Success
O104244,2026-09-22,Success
O104245,2026-09-22,Success
O104246,2026-09-22,Success
O104247,2026-09-22,Failed
O104248,2026-09-22,Success
O104249,2026-09-22,Success
O104250,2026-09-22,Success
O104251,2026-09-22,Success
O104252,2026-09-22,Success
O104253,2026-09-22,Success
O104254,2026-09-22,Success
O104255,2026-09-22,Success
O104256,2026-09-22,Success
O104257,2026-09-23,Success
O104258,2026-09-23,Success
O104259,2026-09-23,Success
O104260,2026-09-23,Success
O104261,2026-09-23,Success
O104262,2026-09-23,Success
O104263,2026-09-23,Success
O104264,2026-09-23,Success
O104265,2026-09-23,Success
O104266,2026-09-23,Success
O104267,2026-09-23,Success
O104268,2026-09-23,Success
O104269,2026-09-23,Success
O104270,2026-09-23,Success
O104271,2026-09-23,Success
O104272,2026-09-23,Success
O104273,2026-09-23,Success
O104274,2026-09-23,Success
O104275,2026-09-23,Success
O104276,2026-09-23,Success
O104277,2026-09-23,Success
O104278,2026-09-23,Success
O104279,2026-09-23,Success
O104280,2026-09-23,Success
O104281,2026-09-23,Success
O104282,2026-09-23,Success
O104283,2026-09-23,Success
O104284,2026-09-23,Success
O104285,2026-09-23,Success
O104286,2026-09-23,Success
O104287,2026-09-23,Success
O104288,2026-09-23,Success
O104289,2026-09-23,Success
O104290,2026-09-23,Success
O104291,2026-09-23,Success
O104292,2026-09-23,Success
O104293,2026-09-23,Success
O104294,2026-09-23,Success
O104295,2026-09-23,Success
O104296,2026-09-23,Success
O104297,2026-09-23,Success
O104298,2026-09-23,Success
O104299,2026-09-23,Success
O104300,2026-09-23,Success
O104301,2026-09-23,Success
O104302,2026-09-23,Success
O104303,2026-09-23,Success
O104304,2026-09-23,Success
O104305,2026-09-23,Success
O104306,2026-09-23,Success
O104307,2026-09-23,Success
O104308,2026-09-23,Success
O104309,2026-09-23,Success
O104310,2026-09-23,Success
O104311,2026-09-23,Success
O104312,2026-09-23,Success
O104313,2026-09-23,Success
O104314,2026-09-23,Success
O104315,2026-09-23,Success
O104316,2026-09-23,Success
O104317,2026-09-23,Success
O104318,2026-09-23,Success
O104319,2026-09-23,Success
O104320,2026-09-23,Success
O104321,2026-09-23,Success
O104322,2026-09-23,Success
O104323,2026-09-23,Success
O104324,2026-09-23,Success
O104325,2026-09-23,Success
O104326,2026-09-23,Success
O104327,2026-09-23,Success
O104328,2026-09-24,Success
O104329,2026-09-24,Success
O104330,2026-09-24,Success
O104331,2026-09-24,Success
O104332,2026-09-24,Success
O104333,2026-09-24,Success
O104334,2026-09-24,Success
O104335,2026-09-24,Failed
O104336,2026-09-24,Success
O104337,2026-09-24,Success
O104338,2026-09-24,Success
O104339,2026-09-24,Success
O104340,2026-09-24,Success
O104341,2026-09-24,Success
O104342,2026-09-24,Success
O104343,2026-09-24,Success
O104344,2026-09-24,Success
O104345,2026-09-24,Success
O104346,2026-09-24,Success
O104347,2026-09-24,Success
O104348,2026-09-24,Success
O104349,2026-09-24,Success
O104350,2026-09-24,Success
O104351,2026-09-24,Success
O104352,2026-09-24,Success
O104353,2026-09-24,Success
O104354,2026-09-24,Success
O104355,2026-09-24,Success
O104356,2026-09-24,Failed
O104357,2026-09-24,Success
O104358,2026-09-24,Success
O104359,2026-09-24,Success
O104360,2026-09-24,Success
O104361,2026-09-24,Success
O104362,2026-09-24,Success
O104363,2026-09-24,Success
O104364,2026-09-24,Success
O104365,2026-09-24,Success
O104366,2026-09-24,Success
O104367,2026-09-24,Success
O104368,2026-09-24,Success
O104369,2026-09-24,Success
O104370,2026-09-24,Success
O104371,2026-09-24,Success
O104372,2026-09-24,Success
O104373,2026-09-24,Success
O104374,2026-09-24,Success
O104375,2026-09-24,Success
O104376,2026-09-24,Success
O104377,2026-09-24,Success
O104378,2026-09-24,Success
O104379,2026-09-24,Success
O104380,2026-09-24,Success
O104381,2026-09-24,Success
O104382,2026-09-24,Success
O104383,2026-09-24,Success
O104384,2026-09-24,Success
O104385,2026-09-24,Success
O104386,2026-09-24,Success
O104387,2026-09-24,Success
O104388,2026-09-24,Failed
O104389,2026-09-24,Success
O104390,2026-09-24,Success
O104391,2026-09-24,Success
O104392,2026-09-24,Success
O104393,2026-09-24,Success
O104394,2026-09-24,Success
O104395,2026-09-24,Success
O104396,2026-09-24,Success
O104397,2026-09-24,Success
O104398,2026-09-24,Success
O104399,2026-09-24,Success
O104400,2026-09-24,Success
O104401,2026-09-24,Success
O104402,2026-09-24,Success
O104403,2026-09-24,Success
O104404,2026-09-24,Success
O104405,2026-09-24,Success
O104406,2026-09-24,Success
O104407,2026-09-24,Success
O104408,2026-09-25,Success
O104409,2026-09-25,Success
O104410,2026-09-25,Success
O104411,2026-09-25,Success
O104412,2026-09-25,Success
O104413,2026-09-25,Success
O104414,2026-09-25,Success
O104415,2026-09-25,Success
O104416,2026-09-25,Success
O104417,2026-09-25,Success
O104418,2026-09-25,Success
O104419,2026-09-25,Success
O104420,2026-09-25,Success
O104421,2026-09-25,Success
O104422,2026-09-25,Success
O104423,2026-09-25,Success
O104424,2026-09-25,Success
O104425,2026-09-25,Success
O104426,2026-09-25,Success
O104427,2026-09-25,Success
O104428,2026-09-25,Success
O104429,2026-09-25,Success
O104430,2026-09-25,Success
O104431,2026-09-25,Success
O104432,2026-09-25,Success
O104433,2026-09-25,Success
O104434,2026-09-25,Success
O104435,2026-09-25,Success
O104436,2026-09-25,Success
O104437,2026-09-25,Success
O104438,2026-09-25,Success
O104439,2026-09-25,Success
O104440,2026-09-25,Success
O104441,2026-09-25,Success
O104442,2026-09-25,Success
O104443,2026-09-25,Success
O104444,2026-09-25,Success
O104445,2026-09-25,Success
O104446,2026-09-25,Success
O104447,2026-09-25,Success
O104448,2026-09-25,Success
O104449,2026-09-25,Success
O104450,2026-09-25,Success
O104451,2026-09-25,Success
O104452,2026-09-25,Success
O104453,2026-09-25,Success
O104454,2026-09-25,Success
O104455,2026-09-25,Success
O104456,2026-09-25,Success
O104457,2026-09-25,Success
O104458,2026-09-25,Success
O104459,2026-09-25,Success
O104460,2026-09-25,Success
O104461,2026-09-25,Success
O104462,2026-09-25,Success
O104463,2026-09-25,Success
O104464,2026-09-25,Success
O104465,2026-09-25,Success
O104466,2026-09-25,Success
O104467,2026-09-25,Success
O104468,2026-09-25,Success
O104469,2026-09-25,Success
O104470,2026-09-25,Success
O104471,2026-09-25,Success
O104472,2026-09-25,Success
O104473,2026-09-25,Success
O104474,2026-09-25,Success
O104475,2026-09-25,Success
O104476,2026-09-25,Success
O104477,2026-09-25,Success
O104478,2026-09-25,Success
O104479,2026-09-25,Success
O104480,2026-09-25,Success
O104481,2026-09-25,Success
O104482,2026-09-25,Success
O104483,2026-09-25,Success
